episode,reward
0,-3.493708
1,-24.531323
2,-11.990582
3,-4.730607
4,-16.108034
5,-17.143325
6,-9.947949
7,-3.215193
8,1.896966
9,1.896296
10,4.899064
11,0.238586
12,-20.681945
13,2.290353
14,-16.918554
15,-1.928423
16,-16.589524
17,-4.109287
18,-8.196492
19,-12.212144
20,4.337355
21,-5.595588
22,-17.493076
23,0.159758
24,5.628653
25,3.687809
26,-25.193047
27,-7.224403
28,-3.777279
29,7.674966
30,-7.760558
31,-8.689062
32,2.00838
33,-28.335327
34,-25.203361
35,-13.023578
36,4.620411
37,1.387804
38,-11.403118
39,-5.931546
40,8.162629
41,-3.521912
42,-7.195091
43,6.198854
44,-7.751018
45,-5.376669
46,-3.829638
47,-5.595582
48,6.714065
49,-0.679936
50,-10.269011
51,-9.118193
52,-3.718209
53,0.71169
54,7.721845
55,-11.901384
56,-11.939815
57,-2.04819
58,-5.84984
59,-18.083678
60,1.450682
61,-16.396726
62,-5.678133
63,-18.70219
64,-1.8727
65,1.356856
66,5.915731
67,-21.450614
68,-8.70128
69,-8.685016
70,-6.425571
71,-17.987361
72,-7.350465
73,-25.378954
74,-10.122586
75,-3.776348
76,-6.584447
77,-15.248026
78,2.114565
79,-7.146927
80,-8.190837
81,-5.361154
82,-8.909717
83,-10.76291
84,-4.236552
85,-26.46251
86,-3.917607
87,-4.221246
88,-6.591403
89,-4.411399
90,-12.898271
91,-1.665077
92,-21.054418
93,-2.841155
94,-4.617566
95,0.115621
96,-23.390788
97,5.309738
98,0.899932
99,-6.547464
100,1.520584
101,-12.55558
102,-16.414347
103,5.376725
104,-16.948822
105,-16.687963
106,-13.382987
107,6.889864
108,3.411491
109,-0.313085
110,-13.652501
111,-17.155219
112,-3.881417
113,0.149236
114,-16.451588
115,-11.19908
116,-2.631386
117,0.942553
118,4.528952
119,4.499206
120,-4.403664
121,-10.251691
122,-10.746688
123,-7.010077
124,8.624417
125,-3.428957
126,-11.835247
127,-14.719612
128,-11.777513
129,-10.425582
130,-11.884597
131,-8.424395
132,-10.181422
133,-0.400068
134,5.179358
135,-1.496571
136,1.07388
137,8.267807
138,-11.492561
139,2.606983
140,-20.336898
141,-1.051216
142,-19.04394
143,-12.871538
144,-5.313412
145,-11.083021
146,-0.098044
147,-5.851048
148,-19.800634
149,-0.504746
150,-0.837787
151,-3.437531
152,-14.813967
153,-0.050263
154,-19.849809
155,-9.081141
156,-9.699725
157,-6.728707
158,-20.297104
159,-7.497914
160,-15.326441
161,-4.550312
162,7.519126
163,4.391424
164,-8.46883
165,-6.196531
166,-22.423706
167,-10.875034
168,0.171867
169,4.798297
170,-5.085916
171,-14.475926
172,1.501703
173,-0.60131
174,1.678357
175,-2.619804
176,-11.471442
177,-5.513311
178,4.233846
179,0.516123
180,6.262958
181,-11.318048
182,-11.466558
183,-2.90194
184,-5.311677
185,-3.990267
186,3.097396
187,-5.570392
188,-24.255416
189,-6.927826
190,-17.382936
191,-9.369616
192,-13.421479
193,-5.45787
194,-16.888369
195,-6.069536
196,-11.204333
197,0.751009
198,-7.529489
199,-0.131643
200,0.46339
201,6.188611
202,-17.1128
203,-7.517927
204,4.590581
205,4.599635
206,-4.09398
207,-6.397663
208,1.407907
209,-5.861314
210,-9.287593
211,0.539137
212,-22.050679
213,0.104137
214,-5.536061
215,-6.33039
216,1.330232
217,-14.751405
218,-5.187204
219,-16.341531
220,-0.977728
221,-10.725662
222,1.568882
223,-5.985675
224,-10.142144
225,0.555993
226,1.748701
227,-10.613811
228,-11.592004
229,-6.970675
230,-2.964935
231,-6.339584
232,-18.041991
233,-14.490269
234,-4.979685
235,-12.462759
236,-1.732506
237,1.107433
238,-17.202833
239,5.822101
240,0.254336
241,-4.571338
242,-9.6582
243,-1.338674
244,-17.61628
245,-24.969782
246,-5.494981
247,-28.105151
248,-4.483638
249,3.454308
250,-5.615347
251,-0.930625
252,-22.467274
253,-27.907311
254,-7.495426
255,-0.43833
256,-21.947428
257,-8.730341
258,-15.183074
259,4.881983
260,-9.763779
261,-22.519495
262,-6.175523
263,-12.221434
264,-8.928213
265,-6.911957
266,-21.000458
267,-2.689873
268,-5.244314
269,-12.045085
270,0.183931
271,6.259895
272,1.597298
273,-20.027048
274,-12.707137
275,-7.356821
276,-21.290673
277,-1.178489
278,-25.971457
279,-0.498457
280,-23.278054
281,-18.074228
282,-31.847256
283,2.305151
284,0.796768
285,-20.761862
286,7.955698
287,-7.561032
288,-5.19359
289,-11.253814
290,6.062325
291,2.045896
292,2.199612
293,-4.981572
294,-18.419787
295,0.081609
296,0.296732
297,-6.313983
298,6.169817
299,-0.272906
300,-2.306338
301,-5.011515
302,-6.091188
303,-12.183848
304,-5.566451
305,-7.129144
306,-24.554042
307,-4.322364
308,5.775837
309,-9.283308
310,-5.521725
311,6.878416
312,3.901163
313,-3.786023
314,4.45356
315,-0.473673
316,-3.28664
317,-6.18231
318,5.81279
319,8.142606
320,-10.482994
321,-5.730783
322,-0.661512
323,-3.577556
324,1.29306
325,-3.206763
326,6.769734
327,-0.182716
328,-20.308952
329,-10.019131
330,3.167383
331,-24.478048
332,-18.027867
333,-20.447836
334,-0.246359
335,-5.162351
336,-11.182408
337,-4.693541
338,-7.672072
339,-10.920729
340,-6.882401
341,-4.84768
342,1.11457
343,-9.279247
344,-3.872276
345,-7.4311
346,-4.719105
347,-9.456766
348,7.790459
349,1.454519
350,5.482996
351,-20.594029
352,-9.938177
353,-18.248627
354,2.723497
355,-4.258481
356,3.915119
357,3.092934
358,-2.057317
359,-1.55636
360,-7.235854
361,-1.244343
362,-23.164961
363,-16.49097
364,5.916088
365,-14.510035
366,-3.07687
367,1.009607
368,1.743915
369,-10.120682
370,-1.324103
371,-6.319428
372,-0.819963
373,-22.873102
374,-5.991027
375,-11.858842
376,-6.237483
377,-10.053813
378,-33.647326
379,-19.357873
380,2.682315
381,3.30105
382,5.166968
383,-14.420713
384,-4.080951
385,0.913921
386,7.710262
387,-23.200047
388,-7.287132
389,-0.580963
390,5.385656
391,-7.047545
392,-18.038536
393,-1.629561
394,-15.855789
395,-6.312061
396,-3.07778
397,-10.007774
398,-17.702353
399,-2.091788
400,-11.712039
401,-5.247281
402,0.628457
403,-5.836116
404,0.717401
405,-5.992716
406,-16.956326
407,-10.358554
408,-2.808301
409,-1.651042
410,-5.364123
411,-18.420032
412,-6.07209
413,0.172407
414,2.125106
415,-22.825112
416,-3.842981
417,-5.975809
418,0.415153
419,-10.882139
420,-2.064123
421,-11.354742
422,-4.681065
423,0.969492
424,-15.639073
425,-4.584179
426,1.577247
427,2.12614
428,-25.768802
429,4.727892
430,-7.207144
431,-11.478388
432,-11.926239
433,-11.186171
434,-0.1427
435,-0.757753
436,-2.025199
437,-9.129005
438,5.213787
439,-10.735734
440,-7.8251
441,0.475553
442,-3.710818
443,4.427515
444,-2.485596
445,-22.898445
446,7.109789
447,0.635901
448,-0.263926
449,-5.696826
450,1.33508
451,-20.501539
452,-4.520727
453,-12.327659
454,5.845038
455,-3.488498
456,1.120807
457,-22.64044
458,-36.46421
459,-6.417431
460,-24.106632
461,-1.14623
462,0.911527
463,-4.699577
464,3.073546
465,-6.297105
466,2.034342
467,-1.082618
468,-0.524543
469,8.499958
470,-2.431892
471,-0.438198
472,6.308881
473,5.010398
474,-0.23584
475,-6.114826
476,5.265005
477,-3.498451
478,-11.852836
479,-16.106475
480,-7.016344
481,-8.072908
482,-3.450313
483,-18.670925
484,-6.281949
485,-10.48015
486,-1.853523
487,6.345601
488,-22.185996
489,-3.865629
490,-13.042528
491,-1.853978
492,2.228122
493,-12.02984
494,-0.787171
495,-7.05362
496,-3.239286
497,-4.966006
498,7.318092
499,0.334429
500,-6.901288
501,-11.420868
502,0.999507
503,1.719099
504,6.322789
505,0.410523
506,1.519149
507,-11.277715
508,-5.097642
509,-2.315626
510,-3.741073
511,7.827891
512,-6.79025
513,-4.327476
514,-3.689698
515,-28.196565
516,0.666629
517,-2.17774
518,-1.383005
519,-29.526335
520,-4.671746
521,1.607768
522,2.404035
523,2.703159
524,-3.61743
525,-1.620968
526,-22.946737
527,6.587104
528,5.294284
529,-17.256794
530,-14.281847
531,-4.740449
532,-17.038835
533,-7.073877
534,-24.587729
535,-17.311675
536,-5.882243
537,-5.18455
538,-3.897031
539,-10.547943
540,-1.158477
541,5.409002
542,-8.586944
543,-6.40575
544,5.439038
545,-10.455456
546,-3.784853
547,-20.036825
548,-4.392408
549,-5.615941
550,-17.903364
551,1.486526
552,4.097244
553,-1.01573
554,-10.922806
555,-1.634972
556,-20.902214
557,-3.635093
558,-11.781084
559,7.134736
560,-7.113946
561,5.755577
562,0.971123
563,-7.404487
564,8.702265
565,-3.065256
566,0.695367
567,-2.782706
568,-6.68846
569,-11.021391
570,3.632031
571,-9.646535
572,-4.281984
573,-3.747637
574,-12.76388
575,-1.873455
576,-1.717357
577,-1.803252
578,1.534417
579,-0.051802
580,5.578289
581,7.736441
582,0.377219
583,-23.942392
584,-11.729834
585,-11.829763
586,-0.097584
587,0.391972
588,2.881124
589,-7.411319
590,-2.272816
591,2.448773
592,-5.115362
593,1.143083
594,6.989511
595,-11.336508
596,0.255947
597,0.819807
598,-4.450706
599,-0.036986
600,-15.20409
601,0.801456
602,1.805262
603,-3.689667
604,-12.387979
605,-9.621727
606,4.516576
607,8.026035
608,1.953142
609,-3.767483
610,-5.429419
611,1.130847
612,-5.000338
613,0.014828
614,-26.789301
615,6.344948
616,3.975962
617,7.888779
618,0.464418
619,-7.903531
620,4.353237
621,1.864042
622,-6.994465
623,-4.539526
624,-6.665776
625,-4.423612
626,0.020132
627,-12.492142
628,-5.075247
629,-2.76902
630,-11.599284
631,-1.160418
632,-7.106936
633,-0.299207
634,1.614106
635,-12.797779
636,6.701551
637,6.393889
638,-6.630552
639,3.147704
640,-12.118613
641,6.497458
642,-3.581168
643,-17.562452
644,7.448679
645,-9.975712
646,-1.153762
647,-22.587975
648,-6.763336
649,9.089265
650,0.904706
651,-3.836306
652,7.172941
653,5.664335
654,-2.44752
655,-8.885953
656,4.43131
657,-0.018246
658,1.282906
659,4.443885
660,-0.125924
661,-6.94762
662,-0.271525
663,-8.98664
664,-23.574588
665,-0.575567
666,1.733726
667,-0.364633
668,-6.686187
669,-10.852253
670,1.255686
671,-20.3939
672,-7.035334
673,6.795065
674,4.4468
675,0.772391
676,-13.763763
677,-17.449453
678,-0.51216
679,-23.036365
680,0.959811
681,-4.727599
682,-5.242982
683,8.660165
684,0.741601
685,2.07042
686,6.11613
687,-9.999546
688,-5.857257
689,-7.407048
690,-5.90717
691,-0.178107
692,2.447718
693,1.320354
694,1.257006
695,2.236799
696,-0.462612
697,-4.543807
698,6.301842
699,-6.654757
700,-1.0952
701,-1.052971
702,-0.560061
703,-9.460493
704,1.851212
705,-2.518032
706,-8.903111
707,-7.398688
708,-15.044685
709,4.993477
710,-5.636913
711,-5.89739
712,-15.587949
713,-8.65075
714,-0.071953
715,-1.243893
716,-1.240584
717,0.062868
718,-7.347598
719,-0.702844
720,-0.457378
721,5.921128
722,-7.571973
723,-0.495761
724,0.774855
725,-0.701727
726,-2.568601
727,1.867135
728,-5.775925
729,-15.114299
730,-3.675158
731,8.4997
732,1.020549
733,1.451757
734,8.078768
735,-0.644208
736,-5.96158
737,-4.648686
738,3.803076
739,-6.428738
740,6.322398
741,6.391294
742,4.111567
743,2.438807
744,-0.945249
745,-25.636592
746,8.233317
747,1.85339
748,1.48888
749,6.689888
750,0.483785
751,5.884722
752,-11.206052
753,2.666796
754,0.511777
755,1.497494
756,5.370019
757,0.636407
758,-6.662741
759,5.550356
760,1.030145
761,-1.263375
762,-2.746925
763,-7.50019
764,-4.03081
765,-5.575821
766,-11.771355
767,-4.642007
768,3.559271
769,-16.135038
770,-4.963076
771,3.647243
772,-12.999374
773,0.469622
774,2.283807
775,-6.175232
776,-2.406397
777,-4.976784
778,3.796683
779,-20.4679
780,-14.646338
781,-5.035477
782,0.586134
783,-1.634742
784,-4.803773
785,-12.68447
786,3.465229
787,-13.649515
788,-1.766079
789,7.166623
790,6.220406
791,-3.759252
792,-9.655003
793,1.688023
794,3.357576
795,-2.234673
796,1.021008
797,6.732112
798,-14.744072
799,-5.194233
800,-4.920579
801,5.545225
802,6.187161
803,6.49215
804,-21.037789
805,-5.594767
806,3.936899
807,-0.775478
808,-3.369972
809,3.497519
810,-2.582849
811,-18.285838
812,5.097101
813,-3.609403
814,0.837434
815,4.845846
816,6.822512
817,-11.625382
818,-1.037938
819,-17.556371
820,8.008436
821,9.530495
822,-6.01393
823,7.052726
824,6.358063
825,-10.278627
826,1.193349
827,-3.369936
828,0.421016
829,-17.153595
830,0.997285
831,0.724855
832,1.240092
833,-7.143206
834,-4.400119
835,1.312282
836,5.031006
837,3.689134
838,-0.436616
839,2.283462
840,5.56055
841,7.581301
842,-4.352763
843,4.343209
844,-0.067227
845,10.049232
846,7.290656
847,3.9239
848,5.139581
849,-7.421601
850,7.317219
851,-7.622608
852,6.099209
853,5.896684
854,8.440768
855,-10.913482
856,2.201353
857,1.76775
858,-4.03409
859,-8.653247
860,3.316505
861,0.642939
862,0.811181
863,-5.911846
864,-0.015895
865,3.110311
866,-3.153424
867,2.756113
868,4.918815
869,4.342948
870,7.963203
871,0.402973
872,6.717143
873,6.584303
874,0.741417
875,-5.887458
876,0.303318
877,7.293546
878,5.482452
879,0.876335
880,9.723826
881,-0.630863
882,-0.006755
883,6.964879
884,-2.07446
885,1.938889
886,5.664326
887,3.695815
888,0.212297
889,-11.609391
890,-0.302503
891,4.624095
892,5.394918
893,-0.131726
894,5.930736
895,0.803577
896,-4.722965
897,7.34455
898,3.555726
899,-6.784359
900,-6.236504
901,7.186256
902,5.45582
903,-0.472786
904,0.060439
905,7.016168
906,-3.53294
907,5.961973
908,9.345896
909,1.470716
910,-8.992361
911,-0.299124
912,-4.974178
913,6.240348
914,3.567738
915,4.623816
916,5.462651
917,-1.967031
918,5.699479
919,1.048565
920,-3.836428
921,1.840537
922,1.361068
923,2.216541
924,0.753938
925,2.099103
926,-5.115396
927,-4.4444
928,10.15391
929,-1.131176
930,0.125247
931,9.712085
932,-13.425877
933,5.473431
934,-5.300806
935,-0.897609
936,7.480184
937,4.455074
938,5.815311
939,-3.261083
940,-3.436274
941,4.353052
942,0.283736
943,-4.305791
944,-2.945597
945,5.805276
946,10.314827
947,-7.279773
948,-5.61987
949,1.364409
950,5.964984
951,7.186786
952,7.489841
953,-0.409392
954,8.542863
955,6.172667
956,8.059354
957,0.218635
958,6.071408
959,4.915046
960,0.143141
961,6.954573
962,8.662625
963,10.25417
964,5.060653
965,-15.776952
966,4.551193
967,6.373748
968,9.202257
969,3.008038
970,2.667825
971,6.102026
972,5.897198
973,3.652191
974,-10.787913
975,4.947609
976,-0.509982
977,7.904205
978,4.541811
979,6.20037
980,5.070006
981,6.402117
982,-4.461799
983,7.008692
984,-4.763106
985,8.506526
986,0.518887
987,2.024675
988,-8.322058
989,-5.717998
990,7.503473
991,5.765624
992,-0.186925
993,5.37719
994,2.227324
995,-1.690177
996,3.369168
997,8.119871
998,-0.462071
999,4.02515
1000,3.300549
1001,6.271642
1002,3.243539
1003,-0.280785
1004,0.867441
1005,3.822545
1006,1.643977
1007,8.782465
1008,5.419058
1009,7.723071
1010,3.405967
1011,-17.638926
1012,7.610129
1013,-0.711297
1014,6.747894
1015,7.734472
1016,7.259599
1017,-0.014218
1018,1.962251
1019,4.682399
1020,5.397724
1021,3.933461
1022,3.851072
1023,5.535944
1024,4.637625
1025,6.179601
1026,6.458307
1027,5.357393
1028,6.394409
1029,5.119956
1030,2.305039
1031,7.115723
1032,6.688686
1033,5.550739
1034,9.41966
1035,-4.566647
1036,7.609783
1037,4.839501
1038,5.922379
1039,-0.074673
1040,10.700362
1041,7.516191
1042,6.054442
1043,5.268165
1044,1.1187
1045,5.301895
1046,7.431022
1047,5.677458
1048,5.867917
1049,8.925225
1050,4.960966
1051,5.454
1052,6.287795
1053,4.278194
1054,3.258061
1055,1.381368
1056,-0.426117
1057,4.156176
1058,7.882281
1059,2.870018
1060,-0.383556
1061,7.738173
1062,5.33962
1063,1.856034
1064,7.916453
1065,-6.109739
1066,-1.70901
1067,6.423532
1068,3.712738
1069,3.939181
1070,6.052806
1071,2.443556
1072,7.17673
1073,1.160165
1074,4.481696
1075,7.185669
1076,5.569961
1077,5.153913
1078,6.489986
1079,-7.911906
1080,10.085636
1081,5.705847
1082,5.96588
1083,5.226989
1084,4.553188
1085,7.276934
1086,5.517493
1087,-6.16985
1088,4.083101
1089,5.447299
1090,7.79989
1091,-1.529686
1092,7.778818
1093,-6.560449
1094,7.35012
1095,6.579534
1096,6.039159
1097,9.522645
1098,5.618504
1099,7.881321
1100,7.624666
1101,5.908546
1102,-1.939975
1103,6.548705
1104,5.721731
1105,6.139602
1106,4.54691
1107,3.247289
1108,6.766685
1109,1.536517
1110,-4.613802
1111,6.444138
1112,6.946526
1113,7.150185
1114,4.561688
1115,5.642836
1116,4.012958
1117,3.422934
1118,3.861032
1119,3.121735
1120,6.700219
1121,6.7909
1122,7.944944
1123,5.089029
1124,7.151017
1125,6.765206
1126,4.950127
1127,5.368
1128,-1.316124
1129,8.200359
1130,5.247189
1131,-6.855637
1132,9.397131
1133,8.27437
1134,4.405749
1135,6.045084
1136,6.662186
1137,3.506848
1138,3.356219
1139,4.955395
1140,6.402778
1141,6.503385
1142,3.230758
1143,5.931928
1144,3.314507
1145,8.54918
1146,4.371361
1147,5.78339
1148,3.140203
1149,4.897748
1150,5.166137
1151,-0.969731
1152,-5.367255
1153,5.208349
1154,-2.451745
1155,9.546267
1156,6.022736
1157,5.924733
1158,4.762033
1159,6.126131
1160,8.707796
1161,7.248282
1162,6.043183
1163,7.555432
1164,6.538306
1165,7.688415
1166,6.085596
1167,5.125907
1168,5.326723
1169,6.694681
1170,7.087233
1171,5.634706
1172,9.093031
1173,6.750356
1174,4.899066
1175,6.684249
1176,7.832854
1177,-2.536112
1178,6.646515
1179,-1.760476
1180,5.948348
1181,5.943203
1182,-4.064284
1183,8.006662
1184,4.877624
1185,-0.277834
1186,6.528147
1187,6.950265
1188,1.339134
1189,-0.552487
1190,7.24909
1191,-0.776821
1192,5.26099
1193,8.117626
1194,2.677224
1195,6.539084
1196,4.603852
1197,3.240619
1198,2.143829
1199,3.202765
1200,7.263375
1201,-4.658837
1202,5.876658
1203,3.605463
1204,8.988617
1205,8.208518
1206,5.176916
1207,-0.495625
1208,6.37652
1209,0.927353
1210,1.919303
1211,4.667666
1212,7.29286
1213,1.046495
1214,4.336993
1215,-5.915379
1216,5.708178
1217,6.596617
1218,5.517204
1219,5.387444
1220,8.611959
1221,5.680373
1222,-0.161041
1223,6.562299
1224,7.944008
1225,5.716529
1226,7.403968
1227,4.685478
1228,3.354041
1229,1.491036
1230,7.408833
1231,4.765375
1232,0.820806
1233,6.593885
1234,8.226517
1235,3.680277
1236,3.988353
1237,7.753226
1238,7.112307
1239,7.965742
1240,7.107318
1241,6.978267
1242,5.896114
1243,-1.391466
1244,7.810048
1245,6.502757
1246,3.24253
1247,8.110728
1248,7.251382
1249,7.729524
1250,4.383236
1251,5.350723
1252,0.341565
1253,5.838315
1254,3.749201
1255,5.441094
1256,6.149959
1257,6.266731
1258,6.009336
1259,-22.691587
1260,6.458685
1261,7.206317
1262,6.713142
1263,6.814174
1264,4.555465
1265,6.601758
1266,8.18313
1267,-4.971
1268,4.917225
1269,7.154524
1270,6.70284
1271,6.309984
1272,7.279245
1273,-1.460612
1274,8.41888
1275,-7.447601
1276,7.006443
1277,5.959625
1278,8.167475
1279,5.045952
1280,6.670127
1281,6.526223
1282,7.777968
1283,4.866156
1284,4.651728
1285,6.266403
1286,1.765338
1287,7.502153
1288,6.42697
1289,2.979211
1290,8.417919
1291,-3.695267
1292,4.793756
1293,5.020674
1294,4.196115
1295,4.632891
1296,6.174061
1297,6.363826
1298,8.725233
1299,6.922739
1300,6.339921
1301,3.556132
1302,0.885741
1303,8.878363
1304,-0.86801
1305,6.804124
1306,7.833101
1307,7.861109
1308,4.052208
1309,7.825876
1310,-2.980132
1311,6.126965
1312,8.172031
1313,5.770237
1314,7.117258
1315,-1.916804
1316,6.195024
1317,8.317778
1318,8.081904
1319,-5.576429
1320,8.487715
1321,-13.635189
1322,7.679446
1323,5.633216
1324,-1.206587
1325,3.649665
1326,8.064467
1327,6.843516
1328,3.115587
1329,6.63337
1330,5.734381
1331,2.117614
1332,-4.070114
1333,6.238926
1334,7.141089
1335,5.700695
1336,0.544217
1337,7.034439
1338,5.978709
1339,6.022053
1340,7.021092
1341,7.00533
1342,4.616146
1343,3.881477
1344,-0.838281
1345,6.9033
1346,8.365096
1347,6.455985
1348,5.075059
1349,-6.632596
1350,6.26429
1351,6.883862
1352,1.074026
1353,7.056633
1354,6.777658
1355,-5.83241
1356,5.032284
1357,-0.530207
1358,6.858857
1359,7.815914
1360,7.078887
1361,5.187822
1362,4.959737
1363,4.518351
1364,9.864729
1365,0.581184
1366,5.857359
1367,6.813648
1368,7.372363
1369,6.036002
1370,3.009675
1371,6.603958
1372,3.247544
1373,6.458347
1374,5.570583
1375,7.342693
1376,8.368136
1377,6.025031
1378,0.503227
1379,4.616869
1380,5.26909
1381,3.704997
1382,2.984002
1383,5.764129
1384,8.801708
1385,3.791999
1386,5.008509
1387,6.926412
1388,6.376464
1389,0.746284
1390,6.49091
1391,4.000306
1392,1.719059
1393,6.046832
1394,6.46097
1395,7.290932
1396,9.371925
1397,1.764227
1398,5.864115
1399,7.255162
1400,5.975805
1401,-1.639062
1402,-0.738787
1403,7.018379
1404,8.404615
1405,4.797746
1406,5.188502
1407,4.84383
1408,3.956787
1409,1.214451
1410,8.810953
1411,8.29247
1412,6.485555
1413,4.496643
1414,7.789797
1415,5.658953
1416,8.557573
1417,5.20684
1418,6.162997
1419,4.653308
1420,7.622934
1421,8.257335
1422,7.746666
1423,6.834203
1424,8.417148
1425,5.267838
1426,7.802586
1427,5.336461
1428,8.142235
1429,6.510968
1430,6.455656
1431,3.629582
1432,4.950112
1433,7.492316
1434,4.073627
1435,4.653942
1436,6.09519
1437,7.452059
1438,4.029847
1439,5.710067
1440,7.455613
1441,-1.973673
1442,8.226276
1443,6.376649
1444,5.051163
1445,5.656571
1446,7.525237
1447,6.940612
1448,7.309422
1449,6.431046
1450,5.770038
1451,4.84012
1452,7.664902
1453,5.450099
1454,1.092026
1455,4.419067
1456,7.437751
1457,5.953171
1458,8.379258
1459,8.265718
1460,5.306239
1461,8.58415
1462,-2.440894
1463,4.549776
1464,0.521538
1465,4.576741
1466,5.654028
1467,4.980461
1468,1.297947
1469,7.944811
1470,5.373549
1471,5.517672
1472,8.965537
1473,8.22761
1474,6.509182
1475,6.167398
1476,5.584935
1477,4.82651
1478,2.084701
1479,5.205537
1480,8.026998
1481,-6.729591
1482,5.739687
1483,2.428655
1484,7.621592
1485,7.196761
1486,5.398648
1487,9.554976
1488,10.155976
1489,6.5791
1490,7.67805
1491,8.08417
1492,8.977143
1493,7.625449
1494,2.467792
1495,9.336932
1496,8.953713
1497,7.151874
1498,-0.108742
1499,4.67665
1500,5.092259
1501,4.5552
1502,5.080996
1503,7.342406
1504,8.386705
1505,6.546838
1506,6.307103
1507,6.386911
1508,7.729379
1509,5.042507
1510,4.284917
1511,4.203382
1512,6.06671
1513,9.021644
1514,7.698369
1515,4.273247
1516,7.902782
1517,6.541686
1518,4.411608
1519,7.158164
1520,8.364078
1521,6.697734
1522,7.282674
1523,4.203663
1524,7.301031
1525,4.922956
1526,7.626924
1527,6.897339
1528,5.098675
1529,6.699314
1530,8.047958
1531,5.1578
1532,7.01637
1533,6.054369
1534,7.749506
1535,5.069105
1536,3.938411
1537,7.601385
1538,7.52601
1539,7.534089
1540,4.884355
1541,7.578089
1542,7.392051
1543,5.728977
1544,6.594205
1545,5.666828
1546,4.95399
1547,7.643113
1548,8.720267
1549,6.50145
1550,3.736648
1551,6.782275
1552,6.791801
1553,7.443473
1554,7.3676
1555,7.45138
1556,7.326629
1557,7.43287
1558,7.736093
1559,7.5229
1560,5.553999
1561,4.511365
1562,6.197038
1563,4.865776
1564,4.193567
1565,9.022792
1566,8.296582
1567,5.893559
1568,3.962265
1569,8.79969
1570,4.508239
1571,6.840696
1572,5.976382
1573,6.420978
1574,6.953339
1575,5.192671
1576,7.793774
1577,2.902906
1578,7.086316
1579,4.121751
1580,6.921978
1581,4.188055
1582,-2.57197
1583,4.736367
1584,8.322452
1585,8.062436
1586,3.195781
1587,-4.041067
1588,7.866704
1589,5.238191
1590,5.616454
1591,5.850324
1592,5.496419
1593,6.824206
1594,7.536116
1595,4.258979
1596,5.413979
1597,6.846297
1598,7.643087
1599,5.714721
1600,4.923805
1601,4.572966
1602,7.665704
1603,5.239458
1604,5.70469
1605,6.025351
1606,4.775961
1607,5.434678
1608,3.082342
1609,5.85005
1610,3.356482
1611,4.70599
1612,7.468609
1613,5.660528
1614,7.690387
1615,1.48682
1616,4.99301
1617,8.101897
1618,4.407283
1619,-4.40906
1620,8.773215
1621,1.774629
1622,3.124119
1623,3.82036
1624,3.592322
1625,7.708881
1626,5.339396
1627,5.001924
1628,8.898855
1629,-13.548823
1630,7.536709
1631,5.194284
1632,5.300171
1633,7.995732
1634,9.059477
1635,7.39074
1636,6.16134
1637,7.559655
1638,6.273906
1639,6.05947
1640,5.224899
1641,6.119924
1642,7.763234
1643,7.180337
1644,8.398086
1645,1.018078
1646,8.71615
1647,7.403226
1648,4.579226
1649,5.276973
1650,3.762844
1651,5.359015
1652,6.311438
1653,4.259927
1654,6.334543
1655,9.259368
1656,7.16323
1657,3.403712
1658,7.218598
1659,6.974176
1660,5.400131
1661,0.022306
1662,-13.162928
1663,4.020656
1664,4.444532
1665,5.579469
1666,5.698499
1667,8.76859
1668,7.739104
1669,6.030219
1670,4.256165
1671,9.246655
1672,5.784459
1673,5.178127
1674,8.105832
1675,5.278624
1676,7.858235
1677,3.087035
1678,8.180083
1679,6.461924
1680,7.046219
1681,6.605297
1682,-0.446899
1683,6.812248
1684,9.706806
1685,-3.071929
1686,8.198813
1687,-4.849152
1688,8.37456
1689,3.422784
1690,2.26922
1691,5.841793
1692,7.879444
1693,6.7276
1694,10.076211
1695,5.595559
1696,5.857103
1697,7.677329
1698,6.019476
1699,3.72084
1700,7.469771
1701,7.071521
1702,5.382412
1703,7.700303
1704,5.092567
1705,6.29909
1706,7.128799
1707,4.304439
1708,4.521292
1709,6.062146
1710,6.842578
1711,7.301001
1712,6.710277
1713,4.535929
1714,2.511188
1715,7.793053
1716,6.506794
1717,7.941847
1718,3.397962
1719,-14.539278
1720,4.005492
1721,5.285168
1722,5.703293
1723,7.270577
1724,7.965752
1725,6.365896
1726,5.651035
1727,8.994292
1728,4.991021
1729,5.942234
1730,7.559516
1731,7.354486
1732,8.039547
1733,5.852843
1734,8.008173
1735,8.092039
1736,6.031598
1737,7.595149
1738,8.445456
1739,6.266305
1740,3.732512
1741,6.851923
1742,4.943954
1743,6.472361
1744,0.873867
1745,8.771692
1746,9.16536
1747,5.170822
1748,7.231229
1749,7.049893
1750,6.405805
1751,8.030998
1752,6.284072
1753,3.745923
1754,4.614212
1755,-5.50183
1756,4.489074
1757,6.356097
1758,7.201867
1759,8.036037
1760,1.743615
1761,5.357442
1762,1.13174
1763,6.280669
1764,4.459557
1765,7.741489
1766,6.687305
1767,5.803175
1768,7.078367
1769,5.309381
1770,5.6645
1771,4.556805
1772,5.250498
1773,10.040136
1774,6.717493
1775,10.116011
1776,6.881956
1777,8.337815
1778,5.786356
1779,5.074802
1780,9.310878
1781,5.054934
1782,7.506857
1783,7.103861
1784,5.714143
1785,6.441407
1786,4.455701
1787,7.454395
1788,2.139624
1789,7.157357
1790,-13.352439
1791,7.159981
1792,5.085562
1793,5.793273
1794,4.99868
1795,9.058426
1796,-0.106865
1797,8.034776
1798,5.603147
1799,7.700116
1800,10.332454
1801,6.948677
1802,4.748129
1803,4.296855
1804,8.886422
1805,7.68355
1806,7.894495
1807,7.544839
1808,7.418016
1809,6.17344
1810,5.241267
1811,7.994179
1812,6.440681
1813,6.024709
1814,7.818514
1815,4.756846
1816,6.800644
1817,4.763193
1818,5.622624
1819,6.273459
1820,9.189493
1821,4.18477
1822,7.393131
1823,5.556564
1824,9.751613
1825,6.961639
1826,7.816653
1827,6.939796
1828,11.132427
1829,7.540111
1830,7.763981
1831,8.363793
1832,7.649796
1833,6.022923
1834,8.268572
1835,5.400763
1836,4.834042
1837,6.857673
1838,9.749101
1839,5.028408
1840,6.530912
1841,7.489415
1842,6.014616
1843,5.923273
1844,6.526737
1845,5.811141
1846,6.697916
1847,6.008813
1848,5.821421
1849,8.077664
1850,6.624973
1851,6.789877
1852,7.952669
1853,1.963469
1854,6.979698
1855,-1.881271
1856,5.733931
1857,9.38928
1858,-1.872046
1859,4.437162
1860,7.572136
1861,6.553579
1862,5.729971
1863,4.130871
1864,3.325513
1865,6.691892
1866,8.666019
1867,0.840943
1868,7.932083
1869,7.429135
1870,5.498027
1871,7.609824
1872,5.377653
1873,6.183974
1874,5.531334
1875,5.228118
1876,4.906288
1877,8.789784
1878,6.80489
1879,6.254081
1880,5.660352
1881,3.741531
1882,4.345473
1883,7.725226
1884,6.715596
1885,-2.739748
1886,7.816668
1887,7.188879
1888,6.792773
1889,7.070117
1890,4.045941
1891,9.171939
1892,5.512352
1893,8.083722
1894,5.532212
1895,4.876947
1896,7.385497
1897,0.83368
1898,7.982555
1899,9.288949
1900,7.132847
1901,7.065352
1902,7.559097
1903,8.311782
1904,5.882216
1905,6.110324
1906,6.790062
1907,-3.488745
1908,6.64486
1909,4.299539
1910,3.311032
1911,6.806382
1912,-1.927416
1913,5.664226
1914,9.720487
1915,7.29731
1916,5.663896
1917,8.866504
1918,7.908979
1919,4.844
1920,8.504613
1921,7.223345
1922,5.656139
1923,4.188354
1924,6.518171
1925,2.025692
1926,2.097828
1927,4.504838
1928,5.991308
1929,5.671316
1930,5.248123
1931,6.272341
1932,9.284011
1933,8.159937
1934,6.300711
1935,6.905536
1936,7.969113
1937,4.387405
1938,5.133572
1939,7.196599
1940,0.877087
1941,3.534001
1942,9.172039
1943,7.411577
1944,8.049155
1945,7.596961
1946,4.244282
1947,5.725403
1948,6.169714
1949,-0.781026
1950,8.340891
1951,-4.607319
1952,7.064951
1953,5.744331
1954,5.338955
1955,6.246363
1956,4.923848
1957,9.075985
1958,5.056562
1959,6.982936
1960,5.275541
1961,6.489452
1962,0.679696
1963,9.372926
1964,6.269651
1965,1.110422
1966,7.855523
1967,6.455464
1968,6.345834
1969,7.203007
1970,6.296285
1971,8.965457
1972,7.154524
1973,5.522365
1974,8.449811
1975,6.81917
1976,3.369886
1977,5.676631
1978,3.566862
1979,4.730836
1980,5.852694
1981,7.695889
1982,4.469528
1983,7.836939
1984,4.586349
1985,7.567111
1986,5.03547
1987,0.939974
1988,5.91939
1989,8.360975
1990,8.073214
1991,8.517629
1992,4.210291
1993,7.824386
1994,6.53183
1995,4.814391
1996,6.089246
1997,8.000432
1998,5.947196
1999,6.41379
2000,8.214853
2001,-0.305239
2002,5.504479
2003,7.170415
2004,9.283153
2005,4.266978
2006,6.442209
2007,6.905161
2008,6.630096
2009,8.3149
2010,4.397076
2011,7.233779
2012,6.366512
2013,6.357208
2014,4.629603
2015,7.504988
2016,6.919361
2017,7.341726
2018,4.469708
2019,6.570493
2020,4.678838
2021,7.145844
2022,7.988056
2023,7.660851
2024,8.896325
2025,5.556308
2026,7.659003
2027,8.284533
2028,4.761801
2029,7.709428
2030,8.743928
2031,6.589917
2032,2.226107
2033,7.276066
2034,8.859382
2035,3.99762
2036,3.348366
2037,7.749122
2038,7.526711
2039,6.962737
2040,4.353701
2041,5.165448
2042,6.695331
2043,8.113863
2044,6.644207
2045,7.008053
2046,5.020389
2047,4.962491
2048,6.248006
2049,6.016565
2050,6.646886
2051,4.118767
2052,5.283222
2053,2.854317
2054,7.504703
2055,8.081805
2056,5.698115
2057,8.991482
2058,5.783959
2059,6.764349
2060,-2.724088
2061,5.409964
2062,6.877682
2063,7.369224
2064,7.500663
2065,7.221601
2066,7.85968
2067,1.131615
2068,6.427212
2069,5.493242
2070,9.470879
2071,9.04398
2072,7.316474
2073,8.63559
2074,3.237212
2075,7.063464
2076,4.740406
2077,8.893246
2078,8.904237
2079,3.223924
2080,7.11798
2081,6.22837
2082,6.82438
2083,8.517222
2084,6.191414
2085,5.384791
2086,0.881111
2087,6.673784
2088,6.264776
2089,5.172701
2090,6.184416
2091,7.79898
2092,7.931872
2093,6.484692
2094,9.629386
2095,9.149821
2096,2.745403
2097,2.532506
2098,6.464
2099,4.047333
2100,4.043991
2101,6.807557
2102,7.393768
2103,9.385192
2104,5.258234
2105,8.049916
2106,7.813268
2107,6.862162
2108,6.168374
2109,5.934675
2110,5.602349
2111,8.683593
2112,7.288647
2113,8.704753
2114,8.610864
2115,3.100838
2116,5.375153
2117,1.757498
2118,7.449312
2119,7.117987
2120,3.798942
2121,6.122656
2122,4.448843
2123,3.614655
2124,6.976956
2125,7.083589
2126,8.575676
2127,5.363584
2128,6.498287
2129,7.016423
2130,7.21712
2131,5.796111
2132,6.040426
2133,7.149644
2134,6.417115
2135,7.58529
2136,3.945419
2137,5.211911
2138,-8.011705
2139,8.046691
2140,5.310167
2141,5.971995
2142,9.651855
2143,9.155365
2144,6.445903
2145,2.219252
2146,5.456457
2147,6.008662
2148,3.378793
2149,8.590724
2150,9.651519
2151,7.425746
2152,5.720392
2153,4.978331
2154,6.986247
2155,4.023276
2156,6.520565
2157,8.121622
2158,4.781622
2159,4.877242
2160,6.969746
2161,8.398533
2162,6.659004
2163,5.841871
2164,7.034628
2165,7.078432
2166,7.393741
2167,9.890265
2168,3.913509
2169,7.399998
2170,-1.472529
2171,5.745563
2172,-1.383334
2173,-14.166163
2174,6.230351
2175,8.595407
2176,7.658975
2177,7.464063
2178,6.183259
2179,3.281008
2180,6.999115
2181,4.22822
2182,6.782608
2183,6.13723
2184,5.918326
2185,4.568119
2186,6.102151
2187,8.946768
2188,6.349666
2189,7.283699
2190,8.192934
2191,-5.076946
2192,5.571458
2193,9.036444
2194,6.935747
2195,-4.570029
2196,8.684871
2197,9.343535
2198,6.770553
2199,8.067901
2200,8.366812
2201,5.637863
2202,7.211271
2203,7.862962
2204,1.345999
2205,7.376093
2206,-4.596021
2207,7.189313
2208,7.399993
2209,5.57726
2210,2.235799
2211,-1.550532
2212,6.96343
2213,6.826194
2214,6.309064
2215,6.578895
2216,7.356331
2217,8.556471
2218,4.69878
2219,8.196659
2220,7.564241
2221,3.443301
2222,9.078475
2223,7.477227
2224,9.210819
2225,7.016041
2226,5.22599
2227,8.140253
2228,6.473429
2229,8.422502
2230,6.985399
2231,3.752534
2232,3.688738
2233,8.332172
2234,0.932501
2235,5.815549
2236,5.421011
2237,5.373532
2238,8.053258
2239,8.775457
2240,-2.747833
2241,9.056453
2242,4.863
2243,7.864715
2244,6.862911
2245,7.808359
2246,6.996333
2247,7.673861
2248,6.108418
2249,6.619707
2250,4.60861
2251,4.386561
2252,8.548881
2253,7.478625
2254,4.507407
2255,8.837254
2256,5.406943
2257,1.754699
2258,6.814891
2259,8.062685
2260,5.658879
2261,5.0999
2262,7.929325
2263,8.688134
2264,6.572635
2265,6.483035
2266,4.965642
2267,8.003525
2268,9.239982
2269,7.320519
2270,-9.383713
2271,6.022267
2272,7.506641
2273,8.369497
2274,3.692778
2275,6.265043
2276,6.901381
2277,2.122118
2278,7.498384
2279,8.543538
2280,8.079343
2281,5.073375
2282,5.946875
2283,4.787605
2284,5.374939
2285,7.638934
2286,6.875414
2287,7.767875
2288,5.767287
2289,6.30701
2290,6.802767
2291,6.95043
2292,9.402133
2293,5.454956
2294,5.342729
2295,4.531122
2296,6.615834
2297,5.783457
2298,7.010397
2299,5.38313
2300,4.488466
2301,1.323311
2302,6.225119
2303,5.020487
2304,6.01432
2305,-2.042667
2306,3.304694
2307,8.852706
2308,-2.910264
2309,6.835715
2310,9.329579
2311,4.181849
2312,5.83312
2313,5.339048
2314,7.445992
2315,5.571897
2316,6.138055
2317,2.120823
2318,9.43465
2319,8.865144
2320,3.554733
2321,3.876223
2322,6.554708
2323,8.527016
2324,6.432927
2325,6.856911
2326,5.638902
2327,-4.608156
2328,7.178046
2329,4.048077
2330,7.156177
2331,6.423532
2332,5.682799
2333,6.566012
2334,6.676193
2335,9.239904
2336,6.302455
2337,7.824619
2338,5.000595
2339,7.690605
2340,8.34263
2341,5.333121
2342,5.860999
2343,6.186515
2344,9.073045
2345,6.158368
2346,5.779164
2347,2.563337
2348,7.666993
2349,7.814048
2350,5.877837
2351,5.127534
2352,7.366659
2353,9.006393
2354,6.153344
2355,3.238298
2356,2.944591
2357,6.263842
2358,9.542801
2359,6.938923
2360,8.092107
2361,-5.865381
2362,0.180576
2363,7.022806
2364,6.273651
2365,4.496921
2366,4.617712
2367,3.460195
2368,7.157491
2369,4.142066
2370,6.10066
2371,5.653267
2372,4.599597
2373,5.873038
2374,7.711009
2375,6.43138
2376,6.289858
2377,4.656797
2378,3.101634
2379,5.072483
2380,8.242568
2381,7.948091
2382,7.81917
2383,6.036265
2384,8.292198
2385,7.609548
2386,8.171037
2387,6.005432
2388,4.975499
2389,6.743286
2390,8.572986
2391,6.975474
2392,6.206708
2393,5.700385
2394,10.821489
2395,6.83988
2396,8.399538
2397,-11.344569
2398,7.335401
2399,-0.288246
2400,9.177374
2401,6.219389
2402,4.529137
2403,3.857687
2404,6.954528
2405,8.262724
2406,6.492181
2407,4.939362
2408,8.099763
2409,7.240031
2410,5.861993
2411,5.640802
2412,8.788398
2413,4.983012
2414,7.714318
2415,8.858885
2416,5.193421
2417,-12.341099
2418,7.116166
2419,7.604132
2420,6.040918
2421,6.843203
2422,8.419428
2423,5.489405
2424,8.577149
2425,6.887065
2426,5.225061
2427,7.143551
2428,5.372004
2429,7.886768
2430,3.966288
2431,4.782779
2432,6.820396
2433,4.211012
2434,6.924666
2435,5.809035
2436,7.235115
2437,6.849342
2438,7.587685
2439,7.133227
2440,4.839743
2441,5.212456
2442,8.274777
2443,9.477206
2444,8.685376
2445,2.13227
2446,6.131859
2447,5.23379
2448,6.083649
2449,6.715775
2450,7.731007
2451,4.177548
2452,4.547644
2453,2.297121
2454,7.221892
2455,7.363664
2456,5.219424
2457,7.226896
2458,9.321661
2459,8.212982
2460,6.455275
2461,9.544827
2462,8.086283
2463,6.348493
2464,7.172846
2465,5.475272
2466,3.870853
2467,5.87152
2468,9.162683
2469,7.224798
2470,8.34054
2471,5.788028
2472,7.673948
2473,4.090069
2474,5.72911
2475,6.830519
2476,7.057121
2477,8.465772
2478,6.653486
2479,4.193748
2480,5.040714
2481,8.27113
2482,8.287282
2483,7.649737
2484,7.546548
2485,4.526431
2486,5.076827
2487,7.355422
2488,7.234514
2489,7.742304
2490,7.75696
2491,8.159615
2492,6.160368
2493,6.66138
2494,5.270559
2495,5.112275
2496,6.427799
2497,5.019129
2498,6.69681
2499,7.481637
2500,-5.514576
2501,1.08326
2502,5.998295
2503,8.858866
2504,7.270298
2505,7.282875
2506,2.693448
2507,8.495607
2508,3.767441
2509,-4.485511
2510,5.525492
2511,6.842297
2512,7.701926
2513,5.205819
2514,4.986767
2515,4.229831
2516,5.957906
2517,5.49307
2518,8.182242
2519,9.028247
2520,6.043876
2521,6.453005
2522,0.209596
2523,7.358441
2524,5.210237
2525,8.107997
2526,7.899016
2527,6.752434
2528,6.568371
2529,4.977713
2530,6.251229
2531,6.006858
2532,7.127878
2533,7.637146
2534,5.916471
2535,8.945671
2536,5.295172
2537,9.138947
2538,4.769228
2539,5.082137
2540,8.024636
2541,8.332115
2542,5.759443
2543,3.831003
2544,6.225301
2545,6.402233
2546,6.635679
2547,4.41951
2548,6.597598
2549,2.32947
2550,9.653119
2551,3.745858
2552,6.610125
2553,5.317565
2554,6.247734
2555,-5.775207
2556,-12.660068
2557,-6.186732
2558,9.135289
2559,4.592702
2560,9.69212
2561,6.174764
2562,6.460599
2563,8.179537
2564,4.056943
2565,9.194829
2566,4.801677
2567,8.268413
2568,9.564828
2569,5.910068
2570,4.527822
2571,7.496669
2572,4.62825
2573,5.834535
2574,7.324022
2575,5.916367
2576,7.53601
2577,6.63915
2578,6.048619
2579,6.562891
2580,-0.800812
2581,4.445546
2582,2.506913
2583,5.923412
2584,-5.277438
2585,7.1873
2586,3.976905
2587,6.112297
2588,7.48069
2589,7.132642
2590,6.781895
2591,6.548409
2592,4.691665
2593,5.044836
2594,6.752124
2595,-14.17385
2596,8.659547
2597,7.030565
2598,5.149386
2599,6.378469
2600,3.223214
2601,6.452057
2602,7.509839
2603,-5.917729
2604,7.873161
2605,7.17583
2606,8.844752
2607,7.844737
2608,7.868295
2609,6.911972
2610,8.728421
2611,6.681026
2612,6.895882
2613,4.484446
2614,6.855015
2615,4.803236
2616,4.784146
2617,6.765778
2618,5.756914
2619,6.183289
2620,6.971072
2621,8.350031
2622,-3.757533
2623,7.367038
2624,5.618188
2625,6.26717
2626,8.497395
2627,6.943281
2628,7.827777
2629,6.065282
2630,5.960561
2631,4.17299
2632,6.850707
2633,7.659631
2634,7.307092
2635,8.417521
2636,8.202127
2637,9.020692
2638,7.190781
2639,3.862571
2640,6.882225
2641,5.125579
2642,0.67097
2643,7.583897
2644,5.393032
2645,7.580492
2646,6.734675
2647,7.455608
2648,7.878537
2649,6.072486
2650,7.650173
2651,9.283032
2652,4.688878
2653,6.829935
2654,4.546529
2655,8.465872
2656,9.643906
2657,6.108498
2658,7.63643
2659,7.38868
2660,7.71291
2661,8.560453
2662,2.061145
2663,7.365197
2664,8.168119
2665,6.463601
2666,9.202615
2667,6.859565
2668,7.16972
2669,-2.277483
2670,4.949929
2671,8.13493
2672,0.706744
2673,8.438437
2674,5.238394
2675,5.760642
2676,-2.144771
2677,7.22112
2678,5.000264
2679,8.287028
2680,9.310809
2681,4.351532
2682,4.673811
2683,5.241767
2684,7.878737
2685,5.977343
2686,7.955916
2687,5.646169
2688,5.524814
2689,5.653493
2690,5.149165
2691,5.139839
2692,7.407491
2693,5.203289
2694,6.383747
2695,7.420295
2696,6.401464
2697,5.313446
2698,9.180385
2699,7.012762
2700,8.973336
2701,7.681571
2702,8.950321
2703,9.189894
2704,7.745999
2705,7.531802
2706,6.049217
2707,7.302078
2708,7.881017
2709,8.583405
2710,4.359036
2711,6.946678
2712,5.833899
2713,6.393007
2714,7.975923
2715,6.448672
2716,5.654161
2717,6.181225
2718,3.180105
2719,7.727871
2720,7.531845
2721,8.400864
2722,6.212199
2723,8.03475
2724,7.244129
2725,5.04988
2726,7.253739
2727,6.520829
2728,4.209243
2729,8.345984
2730,8.563089
2731,6.887977
2732,0.807661
2733,4.497861
2734,7.882465
2735,5.916201
2736,4.992218
2737,6.500484
2738,4.86685
2739,8.347753
2740,8.60077
2741,5.064065
2742,6.599458
2743,6.730161
2744,5.4124
2745,-2.497814
2746,7.291921
2747,3.280643
2748,8.597415
2749,4.422048
2750,4.664307
2751,5.675144
2752,5.785956
2753,2.072048
2754,7.036555
2755,8.409506
2756,5.76383
2757,8.206834
2758,7.250712
2759,8.981043
2760,5.313661
2761,6.637897
2762,8.71814
2763,5.896299
2764,5.928444
2765,9.671249
2766,7.836707
2767,10.372397
2768,6.102427
2769,7.090518
2770,7.274005
2771,9.139892
2772,8.592396
2773,6.277118
2774,6.454081
2775,5.061243
2776,4.592004
2777,5.134723
2778,8.413934
2779,7.02288
2780,4.427486
2781,4.721046
2782,6.228448
2783,4.006407
2784,7.935362
2785,-2.767473
2786,8.488941
2787,5.252439
2788,5.193125
2789,5.343519
2790,8.865531
2791,8.327531
2792,9.203144
2793,6.5068
2794,2.404505
2795,5.061074
2796,7.445587
2797,3.4886
2798,7.710333
2799,3.651611
2800,4.154692
2801,4.717313
2802,7.985523
2803,6.557655
2804,4.956617
2805,6.645451
2806,3.513746
2807,4.496047
2808,5.872284
2809,5.095848
2810,5.324773
2811,4.591677
2812,7.406203
2813,7.930092
2814,7.989577
2815,5.745076
2816,7.15364
2817,6.563983
2818,8.222237
2819,9.53545
2820,5.67041
2821,8.33353
2822,5.412742
2823,6.879306
2824,7.002715
2825,7.100564
2826,7.335584
2827,3.880792
2828,7.983169
2829,6.590752
2830,10.04366
2831,6.043619
2832,6.80569
2833,5.946355
2834,4.777478
2835,5.544223
2836,6.6522
2837,8.50949
2838,3.999658
2839,5.597545
2840,7.001345
2841,6.737244
2842,4.93035
2843,5.868575
2844,6.204954
2845,7.20353
2846,8.150683
2847,7.427121
2848,5.002306
2849,6.775712
2850,6.674785
2851,9.096059
2852,4.926337
2853,7.793662
2854,3.991337
2855,6.216559
2856,7.238981
2857,4.672793
2858,7.799189
2859,3.407843
2860,6.379347
2861,5.911765
2862,7.215011
2863,7.244747
2864,10.47268
2865,5.008991
2866,1.043989
2867,6.151058
2868,6.824477
2869,4.594545
2870,5.611041
2871,6.903277
2872,7.165636
2873,4.208107
2874,4.971667
2875,5.919691
2876,1.900672
2877,6.532874
2878,6.878355
2879,6.611152
2880,7.012066
2881,9.250192
2882,5.036921
2883,6.188872
2884,8.210156
2885,8.177563
2886,6.73464
2887,5.2985
2888,8.486367
2889,6.183514
2890,6.968593
2891,5.044142
2892,7.960594
2893,3.868874
2894,6.926457
2895,7.348699
2896,6.416876
2897,7.088163
2898,5.651682
2899,9.669783
2900,6.669308
2901,9.126984
2902,6.039473
2903,4.461273
2904,5.983447
2905,6.867321
2906,5.667783
2907,6.167647
2908,5.746518
2909,6.673017
2910,6.735745
2911,4.936479
2912,-3.944676
2913,3.769963
2914,6.3592
2915,7.993226
2916,8.504201
2917,4.857648
2918,10.12146
2919,9.029586
2920,4.430697
2921,4.755423
2922,7.06455
2923,10.301765
2924,7.372425
2925,7.604182
2926,6.969021
2927,8.371051
2928,6.221629
2929,-4.015702
2930,6.998522
2931,7.679412
2932,5.4903
2933,5.728586
2934,6.58714
2935,6.121289
2936,4.856147
2937,8.754954
2938,7.001581
2939,7.542789
2940,4.082457
2941,6.239131
2942,7.696649
2943,6.670431
2944,6.881586
2945,3.048603
2946,6.659578
2947,7.924867
2948,4.480504
2949,6.596329
2950,6.773212
2951,7.473289
2952,5.217481
2953,0.844107
2954,7.234566
2955,7.18535
2956,6.077646
2957,2.875442
2958,5.70296
2959,6.804608
2960,6.164997
2961,7.675523
2962,3.879033
2963,6.386122
2964,8.340749
2965,5.286669
2966,5.523751
2967,8.073537
2968,7.754309
2969,7.908368
2970,8.605406
2971,9.030093
2972,9.88776
2973,6.817947
2974,6.053811
2975,8.67108
2976,8.469279
2977,5.356002
2978,7.167791
2979,9.074144
2980,6.368923
2981,5.911993
2982,4.231062
2983,10.602863
2984,7.398763
2985,7.072028
2986,8.367534
2987,7.637387
2988,6.045493
2989,11.252903
2990,5.166335
2991,5.1814
2992,6.962777
2993,8.265412
2994,6.004513
2995,9.392023
2996,8.173605
2997,7.17384
2998,9.386069
2999,8.344198
3000,7.815615
3001,8.588184
3002,6.617238
3003,4.821178
3004,3.476655
3005,7.764214
3006,6.584319
3007,6.228966
3008,7.582287
3009,3.608749
3010,7.026229
3011,7.0023
3012,7.586206
3013,6.944184
3014,7.336996
3015,5.150142
3016,7.575007
3017,7.356373
3018,8.632892
3019,6.967052
3020,7.655838
3021,6.031508
3022,8.246703
3023,6.491721
3024,8.947722
3025,6.021251
3026,5.837779
3027,2.251986
3028,5.660296
3029,8.986316
3030,6.442159
3031,9.73098
3032,4.563099
3033,6.90966
3034,7.611893
3035,4.723776
3036,7.984555
3037,4.145653
3038,8.040785
3039,9.890395
3040,8.908645
3041,3.724184
3042,7.867563
3043,6.028114
3044,6.322589
3045,6.515392
3046,3.854341
3047,6.920415
3048,7.24651
3049,3.917836
3050,7.498216
3051,2.859914
3052,6.102812
3053,7.108835
3054,-4.111586
3055,5.409234
3056,6.292009
3057,8.205022
3058,7.505273
3059,4.434289
3060,-4.576344
3061,6.747685
3062,6.378803
3063,10.031436
3064,5.023833
3065,9.339619
3066,8.115938
3067,7.145873
3068,6.336687
3069,8.143501
3070,4.042806
3071,7.131777
3072,3.745517
3073,7.884872
3074,5.92535
3075,6.42275
3076,5.206591
3077,7.367252
3078,6.916759
3079,5.03666
3080,6.252092
3081,3.329545
3082,5.664935
3083,6.04541
3084,1.72732
3085,6.107362
3086,5.178074
3087,7.082091
3088,6.363683
3089,4.137353
3090,2.087818
3091,-5.379812
3092,6.26264
3093,6.406064
3094,8.960059
3095,5.199922
3096,4.491777
3097,6.197768
3098,6.923403
3099,7.003837
3100,6.951871
3101,8.371026
3102,5.027337
3103,9.223528
3104,4.662849
3105,6.480148
3106,7.384733
3107,10.351725
3108,1.868134
3109,3.952984
3110,8.09551
3111,6.42224
3112,8.835249
3113,5.355556
3114,6.469742
3115,8.425871
3116,7.70538
3117,5.031962
3118,7.827538
3119,7.166927
3120,5.457841
3121,5.187925
3122,3.736071
3123,9.171751
3124,7.055459
3125,9.294893
3126,6.20958
3127,9.391005
3128,6.310513
3129,7.954942
3130,7.803921
3131,6.043949
3132,9.197243
3133,7.283091
3134,7.447672
3135,2.997782
3136,7.269901
3137,6.818024
3138,5.623337
3139,8.06937
3140,6.509136
3141,9.111731
3142,5.692957
3143,8.746167
3144,7.611936
3145,7.560578
3146,4.964002
3147,6.506324
3148,7.078031
3149,6.196115
3150,7.179089
3151,-14.542607
3152,4.802866
3153,5.992292
3154,6.200672
3155,6.25705
3156,9.102278
3157,5.962048
3158,6.012082
3159,4.501133
3160,4.417187
3161,5.779079
3162,6.778189
3163,6.53275
3164,3.285239
3165,2.83474
3166,6.972584
3167,7.221693
3168,4.909229
3169,5.737874
3170,9.537879
3171,3.0881
3172,4.847124
3173,1.20799
3174,7.623871
3175,7.840558
3176,6.825055
3177,6.056364
3178,5.7256
3179,8.192487
3180,7.780461
3181,9.056674
3182,8.582487
3183,6.122159
3184,5.157778
3185,6.73685
3186,4.659911
3187,8.916467
3188,7.232048
3189,8.01488
3190,6.673464
3191,2.863142
3192,4.565247
3193,8.319047
3194,7.80777
3195,7.321433
3196,5.119711
3197,-0.567672
3198,7.637897
3199,4.276294
3200,6.099038
3201,5.789554
3202,8.019515
3203,5.912227
3204,6.196519
3205,7.536903
3206,4.915717
3207,9.346631
3208,4.803008
3209,6.29212
3210,5.786097
3211,6.150672
3212,6.892132
3213,7.263608
3214,6.770045
3215,4.473465
3216,8.962039
3217,10.18994
3218,7.593294
3219,6.710978
3220,6.513105
3221,5.782071
3222,10.146906
3223,6.967655
3224,5.016192
3225,6.826833
3226,8.802771
3227,6.909247
3228,7.595794
3229,8.514966
3230,3.419198
3231,-1.232328
3232,6.678739
3233,7.347528
3234,7.184639
3235,5.900185
3236,6.762272
3237,6.430413
3238,-1.083986
3239,5.047037
3240,-3.665219
3241,7.64652
3242,6.580837
3243,4.835477
3244,6.816668
3245,6.584753
3246,8.723889
3247,8.301108
3248,4.768497
3249,7.287984
3250,8.852834
3251,8.513293
3252,8.528184
3253,5.699174
3254,6.441069
3255,7.566338
3256,5.492966
3257,7.373027
3258,7.246054
3259,6.878131
3260,6.646519
3261,7.442256
3262,4.276358
3263,5.476198
3264,7.181566
3265,7.919709
3266,6.335407
3267,9.171173
3268,6.368236
3269,-1.83829
3270,5.839325
3271,9.024477
3272,10.151966
3273,-6.246035
3274,3.703634
3275,5.734
3276,5.650854
3277,6.793854
3278,6.620002
3279,4.90513
3280,7.335835
3281,3.401551
3282,-5.048688
3283,4.877324
3284,7.801444
3285,3.738754
3286,6.563246
3287,8.570143
3288,4.463075
3289,7.437289
3290,2.023528
3291,4.503543
3292,7.807326
3293,5.724459
3294,6.143531
3295,5.79175
3296,7.67886
3297,5.256129
3298,6.529612
3299,7.290514
3300,7.287404
3301,5.548333
3302,8.320981
3303,4.748255
3304,5.521842
3305,-0.451219
3306,4.976586
3307,6.860613
3308,10.190607
3309,5.034684
3310,4.261191
3311,2.874922
3312,7.112057
3313,7.572626
3314,6.422122
3315,5.378508
3316,7.4962
3317,5.170706
3318,6.180833
3319,7.365812
3320,5.87943
3321,7.367126
3322,6.40276
3323,8.108612
3324,6.282797
3325,6.916975
3326,8.083956
3327,3.997992
3328,6.588915
3329,9.555448
3330,8.202152
3331,-2.788842
3332,4.71516
3333,6.287397
3334,7.256702
3335,5.125486
3336,9.391626
3337,6.159198
3338,8.001439
3339,-3.528056
3340,7.36493
3341,6.548823
3342,-6.198254
3343,6.919955
3344,7.704815
3345,7.421627
3346,4.87502
3347,-5.298662
3348,7.7036
3349,5.719743
3350,7.487367
3351,6.346997
3352,7.207651
3353,5.503702
3354,7.620033
3355,5.353458
3356,7.290458
3357,8.28427
3358,9.040457
3359,7.408921
3360,7.64166
3361,9.208788
3362,3.137212
3363,7.695827
3364,8.271302
3365,6.535628
3366,5.707431
3367,7.763106
3368,3.566895
3369,8.707317
3370,5.207235
3371,6.728965
3372,6.112999
3373,6.42476
3374,8.252658
3375,1.462429
3376,9.558878
3377,6.317421
3378,-4.32584
3379,6.577858
3380,3.821392
3381,7.730573
3382,7.316468
3383,8.001676
3384,6.255963
3385,7.997281
3386,7.477875
3387,6.94338
3388,5.191724
3389,9.824642
3390,-7.209977
3391,8.910956
3392,4.379386
3393,3.704949
3394,5.299625
3395,5.24637
3396,5.466457
3397,3.177784
3398,7.029487
3399,7.564605
3400,5.885915
3401,8.38641
3402,6.71368
3403,6.097204
3404,5.609796
3405,7.529068
3406,7.605966
3407,8.848904
3408,7.876005
3409,6.781293
3410,4.843441
3411,7.250587
3412,5.593317
3413,9.503706
3414,4.419117
3415,7.668568
3416,7.333757
3417,3.775255
3418,7.67822
3419,8.752629
3420,6.566294
3421,7.19421
3422,5.153796
3423,6.606956
3424,4.767361
3425,8.64151
3426,8.430956
3427,7.195529
3428,4.638906
3429,5.927935
3430,7.232352
3431,4.571208
3432,2.68206
3433,8.083084
3434,5.585751
3435,8.281538
3436,8.457354
3437,7.184577
3438,5.241891
3439,5.692332
3440,7.001621
3441,9.310317
3442,6.601989
3443,8.69856
3444,8.478032
3445,8.518833
3446,7.214313
3447,9.114483
3448,3.816856
3449,9.073805
3450,6.765389
3451,4.795854
3452,7.053355
3453,4.986018
3454,6.748105
3455,7.828259
3456,6.852785
3457,6.924164
3458,6.699414
3459,5.960131
3460,9.813824
3461,8.303952
3462,6.839397
3463,6.94749
3464,7.938551
3465,6.310982
3466,6.622429
3467,5.490123
3468,6.984782
3469,5.280382
3470,8.041482
3471,5.754671
3472,6.81687
3473,6.8767
3474,7.72208
3475,6.564448
3476,-4.516199
3477,7.128516
3478,5.833869
3479,4.212158
3480,5.672455
3481,6.75772
3482,8.031723
3483,6.700919
3484,8.498998
3485,5.923157
3486,6.02861
3487,5.321905
3488,9.040246
3489,5.497752
3490,6.861417
3491,8.41294
3492,5.575974
3493,7.591121
3494,7.27955
3495,7.612608
3496,6.53321
3497,7.129058
3498,8.662432
3499,4.7057
3500,8.151266
3501,6.508365
3502,6.438214
3503,7.063413
3504,5.962757
3505,8.143242
3506,5.41883
3507,6.828256
3508,6.778749
3509,6.690017
3510,5.683851
3511,9.195767
3512,5.502388
3513,7.883748
3514,8.468483
3515,7.422861
3516,7.76716
3517,7.792094
3518,4.321889
3519,3.027018
3520,5.458645
3521,6.87127
3522,6.993445
3523,6.772824
3524,8.636071
3525,6.527398
3526,5.504452
3527,5.828812
3528,6.309597
3529,3.524519
3530,7.444621
3531,6.10128
3532,6.845561
3533,8.721487
3534,6.753505
3535,8.9941
3536,8.765345
3537,6.986576
3538,7.905959
3539,5.83236
3540,-3.366292
3541,9.525633
3542,9.650956
3543,7.766378
3544,6.383649
3545,4.296266
3546,8.568457
3547,6.187063
3548,4.411792
3549,4.448336
3550,7.107158
3551,5.988404
3552,6.996036
3553,6.635568
3554,8.050644
3555,8.179467
3556,8.50338
3557,9.139312
3558,8.064247
3559,8.076805
3560,6.94088
3561,6.585973
3562,3.706713
3563,6.849766
3564,9.480018
3565,7.845513
3566,6.104799
3567,4.247964
3568,5.508017
3569,6.21173
3570,6.228491
3571,7.005713
3572,8.80046
3573,8.299655
3574,-3.359175
3575,6.030481
3576,6.294764
3577,6.501196
3578,6.90949
3579,9.386913
3580,6.486722
3581,5.550713
3582,8.927453
3583,5.586072
3584,8.457675
3585,7.778918
3586,5.827391
3587,4.431325
3588,5.315425
3589,3.674403
3590,7.656561
3591,7.481279
3592,7.605551
3593,6.502625
3594,6.365386
3595,1.364607
3596,6.254585
3597,9.932772
3598,9.608679
3599,7.15965
3600,8.556193
3601,6.233984
3602,8.755173
3603,7.832502
3604,6.568801
3605,3.227642
3606,4.16954
3607,8.193327
3608,6.268711
3609,7.232559
3610,-12.447315
3611,2.352247
3612,3.385686
3613,6.972407
3614,6.907548
3615,6.677901
3616,5.153515
3617,3.471059
3618,7.480886
3619,7.06703
3620,6.436877
3621,5.368834
3622,7.933681
3623,7.09001
3624,6.935032
3625,6.155742
3626,5.891892
3627,5.742633
3628,7.439828
3629,7.949744
3630,7.510484
3631,8.150014
3632,6.558394
3633,5.591494
3634,8.045757
3635,6.612224
3636,5.980241
3637,5.318696
3638,8.355914
3639,-4.87818
3640,5.750832
3641,5.424263
3642,5.769415
3643,8.778565
3644,6.17661
3645,7.68414
3646,5.210142
3647,6.016741
3648,7.77081
3649,7.812797
3650,8.36713
3651,5.865878
3652,3.422022
3653,6.695311
3654,8.789049
3655,6.241853
3656,5.652302
3657,7.093019
3658,5.940759
3659,6.265999
3660,3.724488
3661,6.929338
3662,4.683555
3663,6.389211
3664,7.535284
3665,4.978251
3666,5.353055
3667,4.497044
3668,8.965769
3669,8.003813
3670,9.271122
3671,6.640962
3672,7.07752
3673,5.591878
3674,7.263109
3675,7.121525
3676,6.18644
3677,6.810971
3678,3.22582
3679,6.673672
3680,4.909838
3681,6.289378
3682,7.755151
3683,3.868032
3684,6.156614
3685,7.298417
3686,-12.20463
3687,2.945001
3688,6.355649
3689,8.423279
3690,6.620457
3691,5.58531
3692,6.258084
3693,5.577907
3694,5.770028
3695,6.201555
3696,7.696663
3697,6.114159
3698,7.611259
3699,6.538068
3700,9.60484
3701,7.386443
3702,4.908561
3703,7.830715
3704,3.906997
3705,6.496119
3706,6.82721
3707,6.396761
3708,4.816466
3709,-10.845278
3710,3.83358
3711,8.535023
3712,6.310974
3713,6.760997
3714,6.719952
3715,5.623552
3716,6.553816
3717,6.798976
3718,1.955328
3719,7.489214
3720,3.936919
3721,-2.096449
3722,8.734591
3723,6.391624
3724,6.768154
3725,7.335657
3726,9.158194
3727,2.60242
3728,7.366863
3729,8.729902
3730,5.663098
3731,5.908476
3732,5.109133
3733,7.719903
3734,6.798652
3735,5.412941
3736,8.350515
3737,7.21908
3738,6.782582
3739,6.725107
3740,6.187989
3741,-1.355693
3742,6.171426
3743,7.616145
3744,4.02472
3745,6.86418
3746,7.658484
3747,-4.667982
3748,6.774647
3749,7.171524
3750,7.715673
3751,6.59029
3752,6.478263
3753,9.843668
3754,7.061597
3755,8.61289
3756,6.04617
3757,7.383728
3758,6.494696
3759,5.16849
3760,3.857729
3761,-2.919869
3762,6.30624
3763,9.628183
3764,7.220923
3765,8.005019
3766,8.258828
3767,4.960209
3768,7.565558
3769,5.188772
3770,4.735381
3771,7.897657
3772,5.159373
3773,8.841306
3774,4.353397
3775,6.705088
3776,7.681603
3777,9.142085
3778,5.934132
3779,7.601162
3780,6.608343
3781,4.744692
3782,8.418084
3783,6.768288
3784,5.771761
3785,5.513452
3786,6.157453
3787,8.807389
3788,11.037617
3789,3.545616
3790,7.805485
3791,6.696163
3792,8.541161
3793,3.48923
3794,5.721724
3795,7.419096
3796,5.2845
3797,6.833639
3798,7.976295
3799,10.161832
3800,6.385601
3801,5.613826
3802,0.929649
3803,8.357384
3804,7.411309
3805,7.788891
3806,7.174781
3807,4.872746
3808,4.488577
3809,7.222061
3810,6.690506
3811,6.2173
3812,7.203712
3813,7.286108
3814,7.75219
3815,8.168533
3816,8.592735
3817,7.008577
3818,7.626732
3819,7.69374
3820,7.914438
3821,6.018854
3822,5.844531
3823,8.465052
3824,7.341251
3825,5.259123
3826,6.04182
3827,6.921972
3828,8.091577
3829,9.018763
3830,6.41284
3831,9.339407
3832,9.0011
3833,7.429966
3834,5.856077
3835,6.84975
3836,6.627366
3837,6.90962
3838,7.667439
3839,9.087922
3840,9.308779
3841,6.97481
3842,5.101085
3843,6.415834
3844,9.141844
3845,8.072691
3846,7.081693
3847,6.866869
3848,6.572852
3849,7.965909
3850,7.428584
3851,6.275229
3852,7.16561
3853,7.670962
3854,8.338281
3855,9.340173
3856,8.5831
3857,4.565506
3858,6.777753
3859,8.037038
3860,7.942867
3861,7.787532
3862,7.905805
3863,5.828386
3864,5.504321
3865,-14.363608
3866,6.020748
3867,7.240197
3868,9.053711
3869,7.96011
3870,5.763592
3871,5.716984
3872,6.815962
3873,7.237465
3874,7.028666
3875,4.81249
3876,9.972497
3877,6.285742
3878,5.301016
3879,8.644155
3880,4.356221
3881,8.361057
3882,8.222972
3883,2.894042
3884,9.328483
3885,7.560448
3886,5.275231
3887,5.814614
3888,7.94873
3889,6.579986
3890,5.921792
3891,3.129549
3892,8.195989
3893,7.960919
3894,9.003594
3895,6.642476
3896,6.172363
3897,5.23625
3898,5.108507
3899,7.614219
3900,5.93222
3901,8.354657
3902,6.645588
3903,4.391604
3904,4.857171
3905,7.364838
3906,8.360444
3907,9.839507
3908,7.189527
3909,6.138688
3910,9.351989
3911,7.371226
3912,3.398633
3913,7.396525
3914,6.313025
3915,8.454897
3916,7.644068
3917,3.92108
3918,10.237373
3919,7.432291
3920,6.395222
3921,4.907536
3922,5.953224
3923,6.937379
3924,7.270509
3925,5.045092
3926,5.823233
3927,6.42362
3928,8.464005
3929,6.07344
3930,5.389371
3931,7.365422
3932,7.489702
3933,9.153462
3934,8.62446
3935,6.310266
3936,1.795643
3937,6.393879
3938,6.717483
3939,6.034851
3940,7.215715
3941,5.663152
3942,5.008345
3943,4.150907
3944,8.116635
3945,4.422891
3946,6.260138
3947,5.691953
3948,8.002593
3949,6.182434
3950,7.125005
3951,5.574842
3952,6.462306
3953,5.184925
3954,8.027152
3955,0.165446
3956,7.563882
3957,2.503746
3958,7.475985
3959,6.71771
3960,5.395491
3961,8.868787
3962,5.61255
3963,6.669919
3964,6.337663
3965,5.715921
3966,8.483057
3967,1.367516
3968,10.115768
3969,7.177632
3970,6.815127
3971,6.054189
3972,6.950084
3973,8.347522
3974,3.656778
3975,5.607784
3976,7.749307
3977,5.178216
3978,7.861355
3979,5.01791
3980,7.522946
3981,7.533202
3982,6.737354
3983,5.533055
3984,1.82145
3985,5.413238
3986,9.099315
3987,9.930593
3988,9.041564
3989,9.1044
3990,6.331598
3991,7.930608
3992,7.526225
3993,6.487489
3994,2.484323
3995,1.04697
3996,6.52746
3997,7.133646
3998,6.285748
3999,8.749813
4000,6.020761
4001,6.447879
4002,8.53839
4003,5.255834
4004,7.770203
4005,4.454973
4006,7.274608
4007,9.428074
4008,6.734889
4009,7.71975
4010,-2.862654
4011,6.315249
4012,6.104355
4013,7.720687
4014,7.643725
4015,8.860838
4016,7.885198
4017,6.26152
4018,-3.607047
4019,-3.606321
4020,9.349315
4021,7.30122
4022,5.034698
4023,8.873687
4024,6.478983
4025,9.643729
4026,7.42305
4027,1.879571
4028,8.137499
4029,7.894759
4030,7.255535
4031,5.995544
4032,5.632475
4033,6.556914
4034,5.666026
4035,5.65296
4036,3.697025
4037,8.529921
4038,7.283204
4039,5.73336
4040,3.393253
4041,7.820128
4042,7.161762
4043,6.702732
4044,5.417848
4045,7.783713
4046,5.749341
4047,7.47102
4048,-2.356911
4049,5.156688
4050,7.388662
4051,4.136101
4052,9.028641
4053,5.797812
4054,1.634774
4055,4.781368
4056,2.878494
4057,4.919205
4058,3.847348
4059,9.197787
4060,5.81512
4061,5.512834
4062,3.199439
4063,6.448283
4064,4.244541
4065,7.503287
4066,5.474163
4067,4.684248
4068,7.446059
4069,8.692876
4070,7.683255
4071,8.056013
4072,4.898913
4073,6.507184
4074,9.156792
4075,5.640692
4076,6.536026
4077,5.21184
4078,7.539892
4079,6.254371
4080,8.29746
4081,5.972158
4082,7.862099
4083,8.004084
4084,7.183438
4085,-4.684493
4086,7.655821
4087,7.173284
4088,7.147056
4089,6.274388
4090,6.121961
4091,7.600637
4092,6.224448
4093,8.163019
4094,5.324231
4095,9.218746
4096,8.601527
4097,8.004045
4098,9.226004
4099,4.429994
4100,8.515735
4101,5.713109
4102,4.94642
4103,6.861914
4104,8.749625
4105,7.106804
4106,8.113163
4107,4.885415
4108,8.483075
4109,5.910169
4110,1.778066
4111,8.718472
4112,9.153187
4113,5.693035
4114,4.973809
4115,5.80615
4116,6.830242
4117,6.676576
4118,6.246728
4119,6.929359
4120,0.820528
4121,5.220212
4122,10.186059
4123,10.09194
4124,5.203675
4125,7.629057
4126,5.951065
4127,6.324706
4128,7.035574
4129,7.446819
4130,5.080292
4131,6.463918
4132,6.554127
4133,5.630799
4134,4.329748
4135,8.777254
4136,8.704583
4137,4.480584
4138,9.042579
4139,6.535024
4140,5.856419
4141,-3.022925
4142,7.556469
4143,7.720827
4144,8.478611
4145,5.934483
4146,7.023472
4147,5.228292
4148,7.780809
4149,6.261161
4150,5.116057
4151,7.84766
4152,6.703058
4153,5.864963
4154,6.639362
4155,6.16361
4156,4.295065
4157,7.013091
4158,7.485352
4159,7.134956
4160,5.727683
4161,9.219997
4162,3.262393
4163,-2.610997
4164,3.674577
4165,6.442661
4166,5.60636
4167,6.390688
4168,9.492262
4169,7.080518
4170,8.034366
4171,6.79509
4172,6.419374
4173,1.099445
4174,8.105919
4175,5.053878
4176,4.003493
4177,8.276824
4178,8.268338
4179,3.51609
4180,7.118904
4181,6.784242
4182,5.01122
4183,9.049839
4184,-3.326074
4185,7.732563
4186,5.564357
4187,7.128426
4188,7.59725
4189,6.787393
4190,5.821797
4191,10.201166
4192,8.506418
4193,6.925042
4194,8.038767
4195,4.869858
4196,7.385238
4197,6.11744
4198,5.492464
4199,9.039401
4200,5.736076
4201,6.560993
4202,8.137701
4203,7.157097
4204,8.75275
4205,9.667291
4206,5.802343
4207,8.475554
4208,8.932863
4209,-1.902844
4210,-3.554359
4211,5.719303
4212,6.908965
4213,5.456582
4214,8.648509
4215,9.147256
4216,3.001791
4217,5.129156
4218,6.566532
4219,8.381991
4220,7.207008
4221,5.808015
4222,5.080949
4223,3.493485
4224,7.222198
4225,4.888918
4226,7.633072
4227,7.624088
4228,6.004555
4229,6.266406
4230,8.390584
4231,9.757293
4232,3.733818
4233,7.22537
4234,5.162184
4235,7.978668
4236,6.371746
4237,5.841597
4238,7.947228
4239,9.392686
4240,7.593274
4241,6.114946
4242,6.591297
4243,4.134028
4244,7.431477
4245,5.087544
4246,5.832137
4247,7.054963
4248,5.655021
4249,4.877439
4250,2.928902
4251,7.651638
4252,4.931031
4253,5.627404
4254,10.296623
4255,9.854401
4256,5.840711
4257,7.963452
4258,7.235514
4259,4.75499
4260,9.519102
4261,4.480059
4262,4.265042
4263,5.470867
4264,8.373636
4265,4.459264
4266,6.458423
4267,5.053245
4268,7.375591
4269,8.108568
4270,6.331998
4271,6.031495
4272,6.161498
4273,7.112077
4274,0.839531
4275,6.549855
4276,4.12461
4277,4.937555
4278,6.158839
4279,4.197379
4280,2.200673
4281,7.304233
4282,4.897943
4283,2.512471
4284,5.746227
4285,7.184458
4286,6.948232
4287,5.172403
4288,5.800455
4289,-13.477456
4290,6.641071
4291,7.293274
4292,5.954799
4293,7.495296
4294,7.749168
4295,8.084937
4296,5.722139
4297,8.5713
4298,8.62181
4299,5.773472
4300,7.506433
4301,5.398345
4302,7.321439
4303,8.442413
4304,7.012971
4305,5.522748
4306,7.344507
4307,8.564772
4308,7.677921
4309,7.971966
4310,6.476757
4311,5.683627
4312,7.075645
4313,4.963988
4314,6.59154
4315,7.737357
4316,7.41114
4317,6.786279
4318,8.086351
4319,7.928779
4320,3.583571
4321,4.886551
4322,8.062805
4323,9.628116
4324,7.811644
4325,4.699801
4326,7.589509
4327,4.078498
4328,8.898796
4329,9.477744
4330,6.921939
4331,5.531458
4332,6.319189
4333,5.88602
4334,6.427478
4335,7.006821
4336,2.68664
4337,5.351393
4338,3.874098
4339,5.188548
4340,7.170594
4341,8.389676
4342,3.805453
4343,7.448039
4344,9.707832
4345,4.058594
4346,7.025521
4347,4.266429
4348,1.851275
4349,7.921396
4350,7.341732
4351,7.058312
4352,8.841816
4353,5.564231
4354,5.880381
4355,4.875554
4356,2.619689
4357,5.6199
4358,7.913343
4359,8.533594
4360,8.211758
4361,5.26425
4362,7.350326
4363,4.931222
4364,7.645152
4365,5.010855
4366,7.436554
4367,7.549428
4368,5.333557
4369,7.986867
4370,8.533256
4371,3.54342
4372,4.66448
4373,5.232493
4374,6.940468
4375,5.295555
4376,7.187979
4377,4.343062
4378,5.492336
4379,4.934565
4380,3.816738
4381,7.656811
4382,6.503958
4383,7.889083
4384,6.745622
4385,5.890043
4386,6.478196
4387,8.042106
4388,5.958211
4389,5.168872
4390,7.502766
4391,3.474656
4392,4.504723
4393,6.903663
4394,7.768812
4395,5.219256
4396,2.052792
4397,7.626981
4398,5.757268
4399,9.016237
4400,6.861192
4401,-4.885047
4402,3.405299
4403,-3.360287
4404,7.265232
4405,6.888653
4406,6.903881
4407,6.628113
4408,7.571659
4409,6.761242
4410,4.088892
4411,7.219824
4412,6.908927
4413,5.380023
4414,-4.473399
4415,7.558021
4416,5.708651
4417,8.674826
4418,5.068662
4419,7.717464
4420,4.741247
4421,5.577895
4422,6.66419
4423,6.419158
4424,5.665944
4425,7.470336
4426,3.257011
4427,7.836054
4428,6.21967
4429,5.361039
4430,5.980237
4431,7.505589
4432,5.103855
4433,7.219138
4434,6.115834
4435,5.60292
4436,5.418733
4437,5.308115
4438,4.407139
4439,6.892649
4440,9.579208
4441,8.147258
4442,9.551164
4443,4.003424
4444,9.393579
4445,8.258151
4446,6.893604
4447,7.276483
4448,8.158042
4449,6.0354
4450,8.344433
4451,10.169543
4452,9.345903
4453,4.387975
4454,4.978412
4455,5.547832
4456,6.162207
4457,4.626104
4458,8.181568
4459,7.057679
4460,6.81049
4461,4.73874
4462,7.893649
4463,8.76702
4464,5.50336
4465,7.861226
4466,6.376345
4467,8.326615
4468,4.723983
4469,6.049407
4470,9.90484
4471,7.732316
4472,6.789579
4473,9.632642
4474,5.988027
4475,4.949703
4476,6.712657
4477,6.278875
4478,5.622919
4479,7.838077
4480,8.485152
4481,6.109839
4482,8.768836
4483,4.332504
4484,5.48311
4485,6.610614
4486,4.45543
4487,6.762135
4488,7.504778
4489,4.783097
4490,6.757229
4491,8.19998
4492,8.504793
4493,4.757472
4494,5.429685
4495,8.535507
4496,5.169469
4497,5.835823
4498,8.085652
4499,4.883416
4500,5.834677
4501,8.131622
4502,9.826698
4503,6.449362
4504,6.698608
4505,6.867885
4506,9.092471
4507,8.610449
4508,3.803572
4509,5.513171
4510,8.465317
4511,7.598726
4512,8.719719
4513,8.892204
4514,6.483328
4515,8.664517
4516,8.00429
4517,8.32417
4518,6.815802
4519,2.656075
4520,6.088351
4521,7.754352
4522,4.966785
4523,6.93489
4524,5.746518
4525,7.527981
4526,4.30868
4527,8.103996
4528,4.601022
4529,3.994803
4530,7.173186
4531,5.927603
4532,7.03017
4533,4.670054
4534,5.318991
4535,7.421845
4536,7.956306
4537,8.281324
4538,6.877112
4539,7.310653
4540,5.857493
4541,7.325515
4542,5.139471
4543,8.230394
4544,3.502437
4545,6.696746
4546,8.078447
4547,6.263747
4548,0.455797
4549,6.875133
4550,7.276582
4551,4.604444
4552,4.527965
4553,6.323198
4554,6.213466
4555,4.570745
4556,6.739179
4557,4.019732
4558,9.461649
4559,6.610401
4560,7.516296
4561,4.765983
4562,7.677825
4563,8.010602
4564,7.171863
4565,5.980001
4566,7.049184
4567,6.707422
4568,7.877731
4569,5.546815
4570,8.49733
4571,8.165183
4572,6.220684
4573,7.58946
4574,6.860679
4575,6.338162
4576,8.600666
4577,6.830391
4578,6.808443
4579,7.546815
4580,9.12636
4581,5.3585
4582,7.441568
4583,8.231993
4584,7.154103
4585,9.719962
4586,3.53782
4587,8.165128
4588,7.144843
4589,7.41098
4590,5.911277
4591,8.924651
4592,6.733726
4593,6.908848
4594,8.289633
4595,6.447824
4596,3.131635
4597,7.066149
4598,7.289526
4599,7.150153
4600,6.085272
4601,7.141316
4602,7.415779
4603,7.080385
4604,6.668002
4605,5.465318
4606,4.867846
4607,5.592097
4608,7.15906
4609,6.334586
4610,5.522814
4611,4.929777
4612,4.330893
4613,-4.448564
4614,7.923498
4615,6.435226
4616,3.754486
4617,5.92082
4618,7.609659
4619,7.409917
4620,5.70643
4621,7.106706
4622,5.965126
4623,2.747504
4624,6.482065
4625,9.554342
4626,4.973334
4627,5.983335
4628,4.516176
4629,8.014579
4630,6.940659
4631,4.600938
4632,6.425969
4633,9.015147
4634,8.414998
4635,5.169588
4636,6.802493
4637,6.540199
4638,6.288172
4639,6.877757
4640,7.760795
4641,6.080092
4642,6.626699
4643,5.920013
4644,4.499212
4645,3.432346
4646,-1.081744
4647,6.595349
4648,5.133573
4649,-3.143275
4650,5.028663
4651,7.661443
4652,6.678087
4653,5.709298
4654,5.37233
4655,6.001334
4656,6.519411
4657,7.155053
4658,7.595716
4659,6.373532
4660,7.582713
4661,5.3811
4662,7.913417
4663,7.652242
4664,8.082226
4665,7.703595
4666,6.814297
4667,4.486508
4668,6.634118
4669,6.9216
4670,6.664517
4671,4.950459
4672,8.529159
4673,6.160486
4674,8.689001
4675,5.86969
4676,5.548128
4677,5.06656
4678,9.594849
4679,5.262058
4680,6.546134
4681,6.732374
4682,6.812704
4683,8.665875
4684,6.464298
4685,6.987523
4686,7.733277
4687,6.153297
4688,4.909378
4689,6.599287
4690,7.263267
4691,4.911428
4692,8.085653
4693,8.703122
4694,3.283987
4695,4.355742
4696,-2.703602
4697,6.046587
4698,7.776896
4699,2.678283
4700,8.641631
4701,8.561689
4702,5.458434
4703,8.335701
4704,4.256485
4705,6.272874
4706,7.328525
4707,7.85406
4708,8.719607
4709,8.628969
4710,5.735685
4711,8.123383
4712,8.311045
4713,4.95961
4714,7.369766
4715,5.281395
4716,6.613998
4717,6.998774
4718,6.294518
4719,7.030927
4720,6.892714
4721,7.038489
4722,4.033168
4723,6.572762
4724,8.477057
4725,-3.454587
4726,9.42384
4727,6.352566
4728,5.786184
4729,6.066145
4730,4.292262
4731,6.670408
4732,7.26473
4733,5.389018
4734,3.635514
4735,-4.439551
4736,7.216523
4737,9.872886
4738,4.894124
4739,5.390494
4740,5.16616
4741,5.042921
4742,9.855334
4743,7.239164
4744,6.558384
4745,7.246133
4746,1.768422
4747,8.001419
4748,-3.371277
4749,6.04863
4750,8.626211
4751,8.028478
4752,4.198304
4753,8.153254
4754,5.934719
4755,8.074443
4756,7.698066
4757,4.57054
4758,3.881039
4759,9.057848
4760,6.491404
4761,6.346128
4762,5.435895
4763,8.472344
4764,6.897006
4765,7.183595
4766,6.727683
4767,5.89174
4768,8.616237
4769,4.509045
4770,0.006937
4771,7.465835
4772,8.564912
4773,6.281454
4774,4.008072
4775,7.084862
4776,3.826695
4777,6.620648
4778,7.352779
4779,7.431878
4780,7.787251
4781,4.242234
4782,4.790283
4783,9.180241
4784,6.751695
4785,6.400916
4786,7.745548
4787,8.54066
4788,6.996975
4789,5.232204
4790,7.664533
4791,6.487243
4792,8.505977
4793,8.12779
4794,-5.518875
4795,8.593746
4796,8.295112
4797,6.472466
4798,6.049916
4799,6.167232
4800,4.91322
4801,6.291862
4802,5.321014
4803,7.162557
4804,6.672359
4805,7.778135
4806,8.215656
4807,2.526495
4808,6.336473
4809,5.610996
4810,-5.145075
4811,6.984336
4812,9.574861
4813,7.430997
4814,7.474893
4815,7.098283
4816,8.964992
4817,5.22464
4818,4.626612
4819,8.222379
4820,7.136423
4821,6.809213
4822,4.653907
4823,5.708996
4824,6.603887
4825,8.560279
4826,5.635822
4827,6.487852
4828,2.204034
4829,5.049381
4830,5.953599
4831,7.619982
4832,8.485569
4833,6.980645
4834,8.921428
4835,7.27406
4836,7.134491
4837,5.883292
4838,4.39768
4839,6.445546
4840,8.830786
4841,-4.23318
4842,7.218386
4843,7.495933
4844,8.465685
4845,7.191097
4846,6.877909
4847,7.552212
4848,4.164905
4849,7.742891
4850,8.918156
4851,9.459713
4852,8.734337
4853,8.039451
4854,7.20553
4855,5.720838
4856,5.941137
4857,-3.87665
4858,10.371655
4859,5.678763
4860,7.324774
4861,9.2646
4862,6.810887
4863,8.119068
4864,8.963359
4865,6.814388
4866,6.852722
4867,7.325359
4868,3.698358
4869,5.132512
4870,6.479516
4871,6.141902
4872,7.099317
4873,2.507574
4874,6.599859
4875,8.1022
4876,9.108564
4877,7.287875
4878,-0.387536
4879,8.04703
4880,5.905321
4881,10.276068
4882,7.268128
4883,3.421201
4884,4.461743
4885,7.301847
4886,4.711833
4887,9.997674
4888,6.900312
4889,5.727
4890,5.513621
4891,7.222268
4892,5.139495
4893,7.951914
4894,-1.71508
4895,9.273412
4896,7.188075
4897,6.216203
4898,4.804771
4899,6.766966
4900,7.675913
4901,9.053541
4902,6.503681
4903,8.074852
4904,5.978343
4905,8.394531
4906,6.18172
4907,7.85654
4908,5.624469
4909,7.395546
4910,5.666311
4911,7.195014
4912,5.815751
4913,8.747209
4914,6.570866
4915,7.967814
4916,6.020295
4917,6.461466
4918,6.865605
4919,4.804896
4920,7.366409
4921,7.353824
4922,7.393859
4923,7.864203
4924,7.8857
4925,4.854885
4926,7.234863
4927,4.472276
4928,6.187238
4929,7.826643
4930,7.272414
4931,6.200032
4932,8.013582
4933,7.300136
4934,9.27146
4935,10.135482
4936,6.41875
4937,8.058459
4938,7.39078
4939,6.053994
4940,6.51965
4941,6.042749
4942,4.901881
4943,6.783907
4944,10.227504
4945,7.87881
4946,2.760771
4947,8.949835
4948,8.338411
4949,1.897077
4950,7.158493
4951,5.812962
4952,8.172507
4953,6.728864
4954,8.427572
4955,6.704727
4956,7.610904
4957,7.733411
4958,8.38001
4959,6.720314
4960,8.882419
4961,4.808949
4962,6.984127
4963,8.380623
4964,5.76298
4965,9.289221
4966,9.40814
4967,6.542263
4968,8.374267
4969,7.610637
4970,7.573989
4971,6.38366
4972,9.409572
4973,5.481216
4974,7.372595
4975,7.407871
4976,8.153034
4977,9.449018
4978,6.160502
4979,7.405458
4980,5.913902
4981,9.438902
4982,5.880044
4983,7.37165
4984,6.119489
4985,8.436862
4986,8.322829
4987,7.242101
4988,8.838695
4989,7.131227
4990,8.016968
4991,7.546588
4992,8.519875
4993,9.249715
4994,7.917927
4995,6.721988
4996,6.790193
4997,-2.662924
4998,9.01166
4999,4.947123
5000,5.787174
5001,4.121493
5002,6.644685
5003,8.623808
5004,2.488419
5005,6.859736
5006,-3.883716
5007,6.58563
5008,4.537814
5009,5.63077
5010,8.017574
5011,6.646257
5012,5.694886
5013,7.142123
5014,4.890903
5015,5.310872
5016,5.177964
5017,5.400701
5018,9.819959
5019,6.381169
5020,5.815285
5021,5.64088
5022,7.580948
5023,8.751383
5024,7.643963
5025,5.031392
5026,4.1459
5027,9.202852
5028,6.20691
5029,8.849456
5030,8.655771
5031,6.339553
5032,6.709845
5033,9.392282
5034,5.579028
5035,6.470769
5036,8.081244
5037,6.44893
5038,6.855909
5039,9.275598
5040,6.52548
5041,5.673548
5042,7.376479
5043,-11.69297
5044,9.407806
5045,6.187177
5046,6.312768
5047,8.378806
5048,5.2564
5049,8.249208
5050,5.552196
5051,9.030898
5052,6.58717
5053,-2.218201
5054,7.579872
5055,4.479249
5056,4.661751
5057,9.327732
5058,7.748253
5059,7.704352
5060,7.641704
5061,5.685812
5062,6.871111
5063,7.415094
5064,7.659634
5065,6.770383
5066,8.860098
5067,7.622018
5068,8.591836
5069,6.524951
5070,7.437967
5071,7.404755
5072,6.807296
5073,8.338618
5074,5.455105
5075,4.505538
5076,7.605523
5077,8.717912
5078,8.478263
5079,6.135431
5080,4.455462
5081,5.787459
5082,7.816092
5083,7.561216
5084,9.469662
5085,5.493576
5086,6.844541
5087,5.625187
5088,8.341298
5089,8.098675
5090,5.582022
5091,7.619502
5092,6.103395
5093,7.466762
5094,7.130648
5095,4.689853
5096,4.713269
5097,7.7668
5098,5.943721
5099,5.624702
5100,7.18836
5101,7.000443
5102,9.043019
5103,8.572974
5104,6.977294
5105,4.675022
5106,4.750779
5107,2.644639
5108,7.279992
5109,7.143931
5110,7.976983
5111,5.605952
5112,6.845344
5113,7.360912
5114,6.510339
5115,9.272214
5116,3.556106
5117,5.450005
5118,3.978517
5119,5.642277
5120,6.484174
5121,10.204638
5122,5.601869
5123,8.42048
5124,8.338165
5125,6.228127
5126,8.954273
5127,8.77475
5128,5.445439
5129,8.546261
5130,6.248099
5131,7.36106
5132,6.018783
5133,4.022352
5134,7.350809
5135,8.726219
5136,7.733039
5137,-3.751222
5138,6.523378
5139,7.367496
5140,7.09206
5141,6.353677
5142,5.724129
5143,8.933773
5144,4.598515
5145,8.379912
5146,6.967544
5147,7.458168
5148,5.434599
5149,6.731403
5150,-3.568219
5151,8.214618
5152,-5.061334
5153,-1.281708
5154,6.174678
5155,4.451354
5156,6.930589
5157,7.138833
5158,5.076978
5159,5.984018
5160,7.393107
5161,6.083836
5162,6.130365
5163,6.695554
5164,6.689369
5165,8.245694
5166,7.058628
5167,6.151275
5168,3.99956
5169,6.961905
5170,7.885518
5171,5.456451
5172,5.300074
5173,6.554485
5174,6.893046
5175,7.338178
5176,7.747372
5177,7.120594
5178,-5.326173
5179,7.143807
5180,6.014136
5181,9.233874
5182,8.041232
5183,6.259655
5184,5.723585
5185,10.670391
5186,5.862078
5187,5.541116
5188,4.448018
5189,4.233909
5190,7.937227
5191,9.36461
5192,5.266916
5193,5.828356
5194,6.969166
5195,5.18715
5196,6.090214
5197,4.945781
5198,4.342843
5199,8.540434
5200,7.614652
5201,5.680588
5202,8.113312
5203,6.94628
5204,6.297309
5205,5.996015
5206,7.240803
5207,6.038322
5208,5.203404
5209,7.96743
5210,7.713524
5211,8.00048
5212,7.834604
5213,4.318406
5214,2.767924
5215,5.283859
5216,6.051427
5217,5.937309
5218,6.020997
5219,6.523087
5220,4.722791
5221,5.07575
5222,8.740415
5223,8.492158
5224,7.532038
5225,7.173368
5226,7.560313
5227,6.475101
5228,4.388794
5229,7.552375
5230,5.288828
5231,6.974601
5232,5.987737
5233,5.936776
5234,3.146785
5235,6.249133
5236,6.825899
5237,6.011186
5238,5.490949
5239,-14.595499
5240,-1.853034
5241,8.135157
5242,8.645938
5243,7.323578
5244,-12.416885
5245,4.279971
5246,7.084936
5247,-3.368896
5248,6.834277
5249,7.836919
5250,8.571574
5251,4.707716
5252,5.620568
5253,6.87048
5254,3.797853
5255,6.924453
5256,7.042353
5257,4.302595
5258,6.517588
5259,3.998122
5260,7.721686
5261,5.633739
5262,8.108236
5263,8.204605
5264,8.678231
5265,7.045368
5266,5.191491
5267,7.173284
5268,6.852407
5269,6.745147
5270,6.372803
5271,7.418557
5272,7.250441
5273,6.264285
5274,5.745178
5275,3.479836
5276,7.439605
5277,8.368789
5278,7.040671
5279,6.428323
5280,6.624536
5281,5.800145
5282,7.595787
5283,4.929104
5284,6.570986
5285,7.731896
5286,8.896805
5287,4.068528
5288,8.239773
5289,3.078837
5290,6.707395
5291,5.745644
5292,5.351339
5293,6.183997
5294,6.493138
5295,6.955727
5296,-4.372139
5297,3.352631
5298,7.222126
5299,8.584666
5300,7.156824
5301,7.211786
5302,6.279738
5303,2.936508
5304,6.323479
5305,8.28503
5306,8.618151
5307,8.560912
5308,7.34905
5309,6.672124
5310,7.981799
5311,-2.919933
5312,7.099648
5313,4.997048
5314,8.029009
5315,3.911236
5316,8.6981
5317,7.678344
5318,6.373852
5319,7.495001
5320,3.551522
5321,4.797297
5322,5.960059
5323,4.99519
5324,6.047872
5325,6.940186
5326,4.440458
5327,5.839072
5328,7.927654
5329,6.759097
5330,6.434915
5331,8.292492
5332,5.15828
5333,8.999468
5334,9.390126
5335,5.633804
5336,5.257176
5337,9.057149
5338,8.649363
5339,7.145423
5340,7.004939
5341,7.247431
5342,3.866506
5343,6.938725
5344,8.119856
5345,6.862876
5346,5.430887
5347,7.469844
5348,5.064457
5349,4.023331
5350,5.778767
5351,8.121274
5352,6.681508
5353,8.175678
5354,7.228381
5355,5.032506
5356,5.882594
5357,6.998531
5358,6.871848
5359,7.551898
5360,5.384008
5361,5.971919
5362,6.369598
5363,8.777537
5364,8.622998
5365,8.796603
5366,6.124288
5367,9.394384
5368,6.671441
5369,5.86049
5370,6.440832
5371,4.411558
5372,4.283685
5373,7.568639
5374,6.526098
5375,4.602236
5376,8.540231
5377,-21.527561
5378,5.737674
5379,7.597424
5380,9.443385
5381,8.907105
5382,9.559157
5383,7.065966
5384,8.613257
5385,6.466921
5386,3.150173
5387,8.768912
5388,6.203064
5389,3.262854
5390,7.042744
5391,8.619236
5392,7.421329
5393,2.675472
5394,7.118953
5395,5.892747
5396,3.292498
5397,5.83264
5398,5.059322
5399,6.842252
5400,6.81069
5401,5.841342
5402,6.676401
5403,6.646438
5404,6.662739
5405,7.330108
5406,5.650984
5407,-4.312658
5408,7.76575
5409,4.673893
5410,8.698342
5411,8.328602
5412,4.896274
5413,9.089902
5414,5.799698
5415,9.18003
5416,6.149837
5417,8.932149
5418,9.434514
5419,5.861373
5420,5.979568
5421,6.010966
5422,5.605913
5423,7.068679
5424,6.456009
5425,8.343232
5426,5.705403
5427,6.765319
5428,7.071545
5429,8.636563
5430,8.094758
5431,4.928153
5432,8.131247
5433,-2.531934
5434,7.295215
5435,7.557011
5436,4.668288
5437,5.077119
5438,8.323437
5439,7.201604
5440,4.73624
5441,3.528137
5442,8.57953
5443,8.860906
5444,3.781959
5445,6.695659
5446,4.815401
5447,8.062198
5448,8.461988
5449,6.1563
5450,7.213358
5451,6.784129
5452,8.656647
5453,7.98752
5454,8.534397
5455,7.948982
5456,8.15129
5457,6.588431
5458,5.161938
5459,6.736114
5460,8.275797
5461,6.630335
5462,3.139079
5463,7.598085
5464,7.506853
5465,8.627465
5466,7.252674
5467,9.233976
5468,7.025783
5469,7.458857
5470,5.792365
5471,5.729406
5472,3.416541
5473,8.749362
5474,7.431952
5475,7.708794
5476,7.399869
5477,7.765288
5478,7.30854
5479,5.352586
5480,-4.050307
5481,8.577554
5482,7.272205
5483,7.341963
5484,6.033799
5485,8.784669
5486,6.69983
5487,9.556461
5488,6.665251
5489,6.434132
5490,6.075473
5491,7.667379
5492,8.239587
5493,-3.943365
5494,8.104904
5495,8.146559
5496,0.170254
5497,6.514963
5498,5.490619
5499,8.958423
5500,8.46876
5501,4.870785
5502,7.936486
5503,6.065773
5504,6.750041
5505,5.243896
5506,6.338981
5507,10.541299
5508,9.540283
5509,6.501645
5510,6.542165
5511,7.030162
5512,8.383872
5513,5.16278
5514,6.210921
5515,7.270359
5516,4.742134
5517,6.635364
5518,7.532492
5519,5.073095
5520,4.653657
5521,3.766132
5522,7.441926
5523,5.344003
5524,7.683278
5525,8.346892
5526,7.066836
5527,8.363559
5528,6.915715
5529,6.736596
5530,6.194584
5531,3.463654
5532,8.351894
5533,6.692317
5534,8.717596
5535,10.103016
5536,7.292331
5537,6.498175
5538,3.601306
5539,7.615375
5540,4.608988
5541,8.392219
5542,4.367824
5543,7.30206
5544,7.11192
5545,5.522436
5546,6.951616
5547,7.812942
5548,6.806334
5549,6.200419
5550,6.057074
5551,6.704605
5552,6.926734
5553,8.492377
5554,5.285392
5555,6.947712
5556,4.3497
5557,5.483893
5558,6.348737
5559,7.170058
5560,9.457673
5561,7.574107
5562,7.853665
5563,8.075835
5564,9.3218
5565,6.883151
5566,8.329528
5567,6.12765
5568,7.858167
5569,7.432851
5570,7.002846
5571,5.721659
5572,6.862855
5573,10.043416
5574,7.972021
5575,4.525098
5576,3.497648
5577,7.449747
5578,6.840977
5579,6.614586
5580,5.756071
5581,9.877719
5582,7.139788
5583,6.478693
5584,6.335084
5585,9.854305
5586,4.041656
5587,5.813296
5588,8.368373
5589,8.761876
5590,6.128811
5591,5.776895
5592,8.927753
5593,6.004346
5594,5.515525
5595,7.747045
5596,8.146892
5597,6.982733
5598,6.610038
5599,6.491184
5600,5.964811
5601,6.337271
5602,8.151287
5603,4.695153
5604,7.519352
5605,6.756339
5606,6.902055
5607,-4.087905
5608,7.920257
5609,7.46119
5610,7.878486
5611,7.313803
5612,6.318458
5613,6.132188
5614,4.078662
5615,6.952354
5616,8.040959
5617,7.265217
5618,7.683633
5619,6.687056
5620,7.637908
5621,5.429828
5622,5.14375
5623,9.254226
5624,5.304312
5625,10.507944
5626,5.213901
5627,4.298227
5628,7.860834
5629,8.929392
5630,6.133749
5631,6.856551
5632,5.990495
5633,5.617969
5634,7.531344
5635,5.801035
5636,7.51484
5637,7.130477
5638,6.583018
5639,8.520279
5640,7.182921
5641,8.253819
5642,6.005966
5643,4.323307
5644,7.372982
5645,6.02756
5646,6.386004
5647,7.204388
5648,8.968791
5649,5.875522
5650,6.701325
5651,4.551347
5652,4.851079
5653,5.25227
5654,7.987061
5655,6.160129
5656,6.091152
5657,9.410974
5658,8.081404
5659,7.516136
5660,10.118618
5661,5.655389
5662,9.598134
5663,6.896694
5664,8.562177
5665,8.010785
5666,7.503774
5667,5.722513
5668,7.499344
5669,5.095677
5670,6.276651
5671,5.030478
5672,6.422678
5673,10.446666
5674,4.926335
5675,7.059056
5676,6.891777
5677,4.934732
5678,4.322357
5679,7.339495
5680,6.506991
5681,8.226286
5682,7.465735
5683,7.909201
5684,3.028481
5685,0.012688
5686,7.17438
5687,8.460913
5688,-3.228622
5689,8.751626
5690,7.432061
5691,6.493735
5692,-3.554876
5693,6.56315
5694,10.04232
5695,8.313609
5696,7.171068
5697,8.504403
5698,9.082997
5699,8.231468
5700,5.088938
5701,6.821632
5702,7.362828
5703,4.67064
5704,7.630405
5705,7.457937
5706,8.119802
5707,4.034651
5708,5.512489
5709,4.876813
5710,6.952694
5711,7.841206
5712,5.851394
5713,6.157848
5714,7.259583
5715,3.664924
5716,8.384716
5717,-4.14758
5718,5.632583
5719,7.86329
5720,7.323701
5721,6.818324
5722,6.375613
5723,4.429129
5724,7.513916
5725,2.984753
5726,5.4636
5727,7.507182
5728,8.019476
5729,7.409737
5730,0.288239
5731,6.197753
5732,5.745819
5733,6.451858
5734,8.215032
5735,6.09572
5736,5.089466
5737,7.510144
5738,6.43372
5739,7.264724
5740,8.239746
5741,2.871788
5742,5.942196
5743,4.394468
5744,9.631161
5745,7.378048
5746,5.315184
5747,6.826544
5748,7.535064
5749,5.414081
5750,7.46762
5751,9.689475
5752,5.850328
5753,8.014845
5754,7.721059
5755,6.336442
5756,7.049774
5757,8.030241
5758,10.398167
5759,-2.812757
5760,7.904455
5761,6.755932
5762,7.406379
5763,5.882344
5764,9.07955
5765,9.690866
5766,6.578468
5767,8.321038
5768,6.214463
5769,9.068872
5770,4.770014
5771,7.955591
5772,6.999367
5773,7.730633
5774,4.912729
5775,8.502904
5776,4.831014
5777,6.955782
5778,6.40449
5779,8.30947
5780,3.811618
5781,-4.54872
5782,5.584559
5783,7.780951
5784,5.426985
5785,8.595125
5786,6.808034
5787,5.710539
5788,6.314994
5789,6.738932
5790,9.433257
5791,6.849326
5792,6.061534
5793,10.182381
5794,7.49782
5795,6.200391
5796,7.522174
5797,7.514886
5798,6.816959
5799,7.62848
5800,8.427565
5801,6.553807
5802,8.693265
5803,7.452463
5804,7.907953
5805,6.231558
5806,10.315464
5807,6.104162
5808,6.618926
5809,7.209469
5810,7.059871
5811,5.873936
5812,6.833438
5813,-3.736622
5814,7.968592
5815,8.512531
5816,6.382577
5817,7.814311
5818,9.678444
5819,6.620386
5820,6.534263
5821,6.414991
5822,6.477233
5823,9.864117
5824,8.366792
5825,10.398356
5826,7.679207
5827,5.967918
5828,7.876109
5829,8.006453
5830,5.462901
5831,-3.446903
5832,4.383551
5833,8.905399
5834,4.485543
5835,8.0616
5836,3.647828
5837,4.384069
5838,7.163257
5839,9.212394
5840,6.091487
5841,-3.870243
5842,7.514997
5843,-5.429471
5844,7.299103
5845,6.585417
5846,6.60337
5847,0.278828
5848,6.766077
5849,8.291433
5850,7.44132
5851,4.449223
5852,9.096787
5853,7.802127
5854,8.15473
5855,6.248945
5856,7.177105
5857,6.038443
5858,8.528741
5859,7.328121
5860,8.369932
5861,5.036395
5862,8.223921
5863,6.963232
5864,4.845476
5865,6.104581
5866,5.493674
5867,7.927714
5868,8.626766
5869,3.435586
5870,9.444243
5871,8.637045
5872,5.863407
5873,6.179606
5874,7.298431
5875,7.270131
5876,6.687632
5877,8.288136
5878,5.106003
5879,6.839723
5880,9.021961
5881,5.851655
5882,6.781079
5883,-5.475916
5884,7.807472
5885,6.045786
5886,6.787272
5887,9.427676
5888,6.10057
5889,-6.428026
5890,6.174481
5891,8.238169
5892,8.859162
5893,5.56481
5894,5.543643
5895,7.381386
5896,10.398602
5897,6.174
5898,8.489319
5899,7.564904
5900,5.609184
5901,3.636499
5902,5.20692
5903,7.706067
5904,9.585716
5905,5.985235
5906,9.810685
5907,5.66153
5908,5.466794
5909,6.522658
5910,6.075123
5911,6.541626
5912,8.445206
5913,7.099894
5914,5.77469
5915,7.470893
5916,7.225935
5917,7.391517
5918,7.926076
5919,7.327814
5920,5.399411
5921,7.453687
5922,4.816138
5923,8.039193
5924,5.277307
5925,8.906527
5926,7.704275
5927,6.938889
5928,6.534124
5929,5.070148
5930,3.570539
5931,6.465955
5932,3.791533
5933,5.554041
5934,6.243682
5935,5.305534
5936,4.28462
5937,9.161696
5938,7.086353
5939,8.361945
5940,7.166946
5941,7.707116
5942,6.527002
5943,6.794707
5944,8.458364
5945,5.101224
5946,-5.111577
5947,-0.241803
5948,7.128658
5949,6.31893
5950,5.774695
5951,8.255407
5952,7.860963
5953,6.377179
5954,6.291994
5955,5.680909
5956,2.694174
5957,7.23687
5958,6.784676
5959,4.243035
5960,4.912604
5961,7.976588
5962,6.368026
5963,7.317924
5964,8.52315
5965,7.786645
5966,5.40567
5967,6.45205
5968,5.201704
5969,7.262936
5970,6.341751
5971,6.909299
5972,5.769439
5973,6.795663
5974,6.893634
5975,9.62615
5976,6.92826
5977,4.752858
5978,6.572478
5979,7.035894
5980,8.199942
5981,-6.684717
5982,6.857495
5983,8.781833
5984,8.08675
5985,7.368582
5986,7.918395
5987,6.129253
5988,7.045956
5989,8.747631
5990,4.125066
5991,6.098651
5992,4.138656
5993,-4.738479
5994,5.015737
5995,7.452013
5996,6.109755
5997,6.611854
5998,8.215671
5999,6.933605
6000,8.184197
6001,7.104754
6002,9.93852
6003,6.460485
6004,4.142883
6005,8.784056
6006,7.134322
6007,6.627808
6008,6.789488
6009,7.300384
6010,6.265684
6011,7.815445
6012,7.936493
6013,5.46622
6014,8.307977
6015,6.260224
6016,7.400625
6017,5.832689
6018,8.802749
6019,7.12574
6020,5.757062
6021,6.662485
6022,6.819879
6023,4.605759
6024,7.231761
6025,2.78587
6026,7.725932
6027,5.026552
6028,5.674018
6029,5.310247
6030,8.917944
6031,9.52144
6032,4.068743
6033,8.350451
6034,7.958585
6035,8.685409
6036,2.662367
6037,4.935164
6038,5.589067
6039,7.568092
6040,6.477817
6041,5.893289
6042,4.584294
6043,8.390547
6044,6.470084
6045,7.17587
6046,3.577828
6047,7.089546
6048,3.830949
6049,5.02395
6050,8.485416
6051,7.343114
6052,8.260672
6053,6.888909
6054,8.789386
6055,7.881388
6056,6.732004
6057,7.271847
6058,4.793095
6059,6.464045
6060,5.434808
6061,7.783695
6062,-3.42955
6063,4.688825
6064,8.095665
6065,6.408201
6066,8.154346
6067,9.693791
6068,7.384257
6069,9.962022
6070,6.918288
6071,9.591907
6072,4.98435
6073,6.29829
6074,-12.273342
6075,4.411967
6076,7.210843
6077,8.047994
6078,6.15177
6079,8.581266
6080,6.531809
6081,8.200787
6082,6.888456
6083,7.605508
6084,8.995563
6085,7.801572
6086,6.458267
6087,7.803988
6088,6.978212
6089,6.3698
6090,8.139193
6091,6.592627
6092,5.932726
6093,7.707317
6094,2.105293
6095,6.225207
6096,5.944377
6097,4.532647
6098,6.374341
6099,6.30894
6100,4.875974
6101,8.394465
6102,7.068481
6103,5.836691
6104,5.021842
6105,7.791453
6106,5.778014
6107,5.927355
6108,6.757113
6109,7.977477
6110,7.647197
6111,2.494638
6112,5.381458
6113,0.858991
6114,6.306934
6115,3.773089
6116,5.794778
6117,6.470005
6118,5.939422
6119,6.657433
6120,8.679658
6121,8.4837
6122,7.123179
6123,8.350975
6124,5.817388
6125,7.234614
6126,-4.672891
6127,6.476598
6128,5.967817
6129,6.934748
6130,6.25938
6131,8.517956
6132,9.160569
6133,8.057907
6134,6.941943
6135,6.929694
6136,6.735306
6137,7.664566
6138,5.705107
6139,8.845128
6140,5.180777
6141,7.395134
6142,4.813614
6143,9.225172
6144,8.67086
6145,6.259747
6146,7.233483
6147,9.175617
6148,7.399731
6149,7.874117
6150,7.692285
6151,6.391128
6152,3.364344
6153,6.409248
6154,8.624916
6155,5.02631
6156,8.297869
6157,7.640969
6158,5.360026
6159,6.469034
6160,6.2285
6161,5.151254
6162,1.842028
6163,9.378324
6164,6.489754
6165,5.842727
6166,7.038309
6167,8.769297
6168,7.103161
6169,6.49637
6170,6.475468
6171,8.343013
6172,7.1261
6173,4.7232
6174,6.934368
6175,-4.823556
6176,6.958803
6177,5.293928
6178,7.645346
6179,7.170987
6180,7.135817
6181,9.108413
6182,8.021406
6183,8.184743
6184,8.122605
6185,6.913049
6186,6.917766
6187,9.68183
6188,8.052741
6189,6.487334
6190,9.698328
6191,5.07015
6192,8.141217
6193,8.525973
6194,6.965943
6195,6.004065
6196,9.446555
6197,8.497141
6198,7.426341
6199,-3.689905
6200,7.029423
6201,6.235356
6202,6.049591
6203,5.256245
6204,6.439986
6205,7.418757
6206,5.802519
6207,8.083229
6208,7.754506
6209,5.361089
6210,6.227492
6211,5.432409
6212,8.019688
6213,5.381488
6214,7.381307
6215,7.869912
6216,5.683743
6217,7.391647
6218,6.5496
6219,4.077427
6220,5.023688
6221,8.327435
6222,6.786642
6223,6.560776
6224,6.166277
6225,6.540312
6226,4.016166
6227,4.120861
6228,7.377254
6229,7.677869
6230,5.889264
6231,6.609645
6232,-4.20777
6233,8.422266
6234,6.900958
6235,8.893128
6236,8.852565
6237,7.433122
6238,6.216065
6239,3.445445
6240,5.286306
6241,6.412337
6242,8.701125
6243,5.786354
6244,9.302806
6245,5.485571
6246,8.960853
6247,5.815269
6248,7.025915
6249,5.853033
6250,-4.983612
6251,7.532329
6252,8.621493
6253,8.60571
6254,4.124157
6255,5.478005
6256,8.320058
6257,4.764344
6258,8.007241
6259,9.518169
6260,3.66174
6261,7.503437
6262,8.351627
6263,7.170116
6264,8.683995
6265,6.65395
6266,4.0021
6267,6.701949
6268,7.380308
6269,8.096245
6270,6.051461
6271,8.156396
6272,6.788631
6273,6.194059
6274,8.773993
6275,6.263565
6276,7.436338
6277,5.51373
6278,5.055427
6279,4.735595
6280,6.844856
6281,8.430873
6282,6.78261
6283,7.184989
6284,7.799031
6285,7.824606
6286,5.207852
6287,7.499183
6288,8.004456
6289,8.137648
6290,6.366039
6291,7.303522
6292,6.143984
6293,4.588793
6294,8.809321
6295,5.647526
6296,6.365373
6297,6.854188
6298,5.755842
6299,5.88997
6300,5.147017
6301,6.087353
6302,6.734616
6303,7.034567
6304,9.397403
6305,7.54347
6306,-1.278986
6307,3.920296
6308,6.455945
6309,0.680377
6310,7.072937
6311,10.123264
6312,6.929093
6313,6.851899
6314,7.986694
6315,5.581359
6316,6.246145
6317,5.08803
6318,8.623533
6319,6.161378
6320,5.223639
6321,2.692085
6322,7.246782
6323,8.373714
6324,6.720384
6325,3.588168
6326,8.042718
6327,7.134773
6328,8.869812
6329,5.212001
6330,8.183437
6331,7.219232
6332,7.496908
6333,6.204379
6334,8.070814
6335,3.204221
6336,6.294701
6337,7.636157
6338,5.917979
6339,8.221922
6340,6.880977
6341,9.631541
6342,4.813472
6343,2.403965
6344,4.506065
6345,8.043391
6346,8.927489
6347,8.971807
6348,8.266414
6349,8.882948
6350,4.741972
6351,7.181981
6352,3.531474
6353,8.947576
6354,7.969538
6355,8.799916
6356,6.688529
6357,9.823584
6358,3.585314
6359,4.324496
6360,5.65103
6361,5.840298
6362,6.766967
6363,6.41622
6364,7.415231
6365,9.065698
6366,5.164097
6367,8.248674
6368,6.211371
6369,5.693314
6370,5.804342
6371,6.598456
6372,7.279639
6373,7.955638
6374,5.840753
6375,7.293466
6376,6.168917
6377,5.95342
6378,7.971787
6379,4.476505
6380,7.423888
6381,8.331049
6382,6.934621
6383,8.399657
6384,3.369737
6385,3.07279
6386,6.541008
6387,2.635536
6388,6.215801
6389,3.957964
6390,6.490464
6391,4.384368
6392,6.451543
6393,8.704692
6394,9.469065
6395,8.462679
6396,8.146441
6397,6.742448
6398,7.639799
6399,7.848322
6400,5.869972
6401,7.416959
6402,6.42256
6403,4.518387
6404,9.020704
6405,8.011772
6406,8.258942
6407,5.877979
6408,4.923907
6409,8.235717
6410,4.820589
6411,4.727211
6412,8.749731
6413,6.215587
6414,6.656296
6415,8.759004
6416,-3.220868
6417,7.751458
6418,5.26764
6419,5.02477
6420,7.2713
6421,6.330373
6422,7.714024
6423,8.449813
6424,7.886858
6425,7.848649
6426,6.580348
6427,6.343223
6428,7.130774
6429,5.643776
6430,9.889089
6431,4.458975
6432,6.568161
6433,7.971113
6434,7.901999
6435,6.211491
6436,5.689001
6437,5.99838
6438,8.003936
6439,9.142439
6440,2.428221
6441,4.958195
6442,9.411
6443,8.054469
6444,6.624532
6445,8.676539
6446,8.338869
6447,6.372045
6448,8.262905
6449,6.982114
6450,6.59081
6451,9.220126
6452,-4.292534
6453,5.240428
6454,8.40795
6455,8.681757
6456,-3.924308
6457,7.839842
6458,6.255911
6459,4.691421
6460,8.900414
6461,5.579662
6462,6.43918
6463,6.662465
6464,5.466625
6465,6.493417
6466,8.839486
6467,6.45466
6468,5.5849
6469,6.072447
6470,9.325303
6471,5.573137
6472,6.567571
6473,7.847551
6474,6.484592
6475,5.467412
6476,7.059698
6477,6.274378
6478,7.097555
6479,5.989541
6480,7.434228
6481,6.697365
6482,1.557809
6483,3.859911
6484,6.910627
6485,6.793106
6486,8.930884
6487,8.245365
6488,6.879563
6489,4.600118
6490,5.959653
6491,7.821025
6492,8.651631
6493,7.128366
6494,9.925654
6495,6.908748
6496,7.197932
6497,8.322477
6498,6.059455
6499,7.883306
6500,6.784549
6501,5.430549
6502,6.848688
6503,6.540497
6504,4.881881
6505,5.590824
6506,7.735774
6507,6.06506
6508,5.442479
6509,6.288003
6510,8.18036
6511,5.875063
6512,5.594455
6513,8.450608
6514,8.170335
6515,6.454714
6516,8.882663
6517,7.307792
6518,7.641155
6519,4.223463
6520,7.351965
6521,5.576507
6522,8.923166
6523,6.364599
6524,8.061522
6525,7.295946
6526,7.154863
6527,-2.138952
6528,4.442195
6529,7.586204
6530,4.384367
6531,6.460533
6532,8.463883
6533,9.0134
6534,4.094173
6535,3.342972
6536,6.051466
6537,5.771417
6538,5.47209
6539,5.678738
6540,-0.57186
6541,7.718773
6542,-5.177216
6543,8.839779
6544,7.391577
6545,8.252873
6546,7.898056
6547,5.132177
6548,8.881698
6549,7.379207
6550,4.489698
6551,2.994918
6552,8.739878
6553,7.63582
6554,5.470801
6555,8.04348
6556,6.417071
6557,6.89014
6558,8.867528
6559,6.496443
6560,5.860449
6561,3.881854
6562,4.439321
6563,7.546268
6564,5.807875
6565,6.729477
6566,6.161631
6567,6.777815
6568,7.267769
6569,8.732548
6570,7.540943
6571,5.157036
6572,5.620445
6573,5.526377
6574,7.502842
6575,6.192172
6576,5.809154
6577,7.504795
6578,5.137198
6579,7.498729
6580,6.662342
6581,7.184237
6582,5.100573
6583,7.351153
6584,10.009212
6585,8.238958
6586,3.96203
6587,5.950515
6588,7.185812
6589,8.100461
6590,8.115377
6591,8.260201
6592,5.970353
6593,6.917892
6594,7.289139
6595,6.942418
6596,5.121261
6597,6.83327
6598,-2.546022
6599,8.088504
6600,4.522016
6601,7.656177
6602,9.589195
6603,7.956244
6604,9.405678
6605,8.383827
6606,6.779581
6607,8.598086
6608,8.455279
6609,8.537505
6610,6.544378
6611,7.480622
6612,6.167025
6613,4.613574
6614,7.462996
6615,7.214932
6616,8.71624
6617,7.530362
6618,8.954916
6619,5.833196
6620,7.216682
6621,8.016926
6622,7.689502
6623,7.532546
6624,6.841242
6625,7.029207
6626,7.775517
6627,6.759439
6628,5.241544
6629,8.974512
6630,4.754574
6631,7.282808
6632,5.595097
6633,6.463212
6634,7.097126
6635,6.708085
6636,9.140907
6637,5.228233
6638,6.734813
6639,7.69162
6640,8.031033
6641,5.235914
6642,6.431499
6643,6.685591
6644,6.285377
6645,4.260307
6646,6.55529
6647,8.369266
6648,6.453304
6649,4.921941
6650,8.440805
6651,7.206177
6652,6.870145
6653,7.62209
6654,6.814085
6655,2.755081
6656,6.738017
6657,10.22759
6658,7.774797
6659,-0.345393
6660,6.366105
6661,6.296197
6662,8.33474
6663,7.972844
6664,7.700211
6665,6.671552
6666,7.32919
6667,7.548715
6668,5.479147
6669,8.539956
6670,8.539269
6671,4.976928
6672,6.685506
6673,8.562438
6674,7.517334
6675,7.145172
6676,5.410619
6677,7.429384
6678,1.576431
6679,8.36981
6680,-2.317285
6681,5.029571
6682,5.971197
6683,8.303556
6684,7.596159
6685,4.714642
6686,5.43793
6687,4.847607
6688,9.361202
6689,4.412367
6690,6.160188
6691,5.529599
6692,6.739893
6693,8.450646
6694,6.772713
6695,8.507373
6696,0.816838
6697,7.997605
6698,5.172153
6699,5.697823
6700,5.558791
6701,9.233416
6702,7.965624
6703,9.275976
6704,4.615894
6705,3.28118
6706,6.464101
6707,8.456916
6708,2.672673
6709,6.789009
6710,6.161907
6711,6.507042
6712,7.69008
6713,7.513467
6714,5.525666
6715,8.653576
6716,6.214402
6717,6.576438
6718,7.553115
6719,4.673014
6720,4.435119
6721,4.142164
6722,6.40411
6723,-2.332649
6724,5.928937
6725,4.699556
6726,7.121675
6727,6.884776
6728,6.964137
6729,-4.00612
6730,4.960304
6731,6.967263
6732,7.635004
6733,3.040969
6734,8.091013
6735,6.110228
6736,6.578667
6737,6.637875
6738,3.029123
6739,6.008842
6740,5.770415
6741,8.253109
6742,7.012667
6743,7.142799
6744,6.674161
6745,7.852154
6746,7.110802
6747,6.80461
6748,10.379134
6749,6.532703
6750,8.736963
6751,6.039661
6752,8.712693
6753,4.286333
6754,8.816667
6755,5.712774
6756,4.256988
6757,9.526739
6758,7.649025
6759,8.004853
6760,5.69811
6761,6.85005
6762,5.543809
6763,5.974101
6764,7.737713
6765,7.942893
6766,8.491931
6767,9.300229
6768,9.873505
6769,6.267428
6770,8.305241
6771,7.33221
6772,7.433252
6773,7.006463
6774,9.374587
6775,8.492355
6776,5.660198
6777,5.49733
6778,5.479669
6779,6.879187
6780,4.582425
6781,4.782772
6782,7.64434
6783,7.734485
6784,4.431623
6785,6.177745
6786,9.662851
6787,6.518212
6788,7.467673
6789,9.862723
6790,8.208286
6791,6.216456
6792,9.022861
6793,8.810716
6794,7.126717
6795,7.944612
6796,7.171686
6797,8.53916
6798,7.888243
6799,5.185168
6800,4.436133
6801,7.876053
6802,5.04413
6803,7.903038
6804,7.427942
6805,4.54342
6806,6.939591
6807,6.667893
6808,3.753251
6809,6.328659
6810,5.949853
6811,7.487243
6812,5.424074
6813,5.514732
6814,10.152624
6815,7.684834
6816,5.001018
6817,5.832272
6818,7.332809
6819,5.771011
6820,5.445929
6821,4.713019
6822,7.587472
6823,6.356841
6824,6.871032
6825,5.878673
6826,5.318614
6827,5.886382
6828,4.885185
6829,6.573131
6830,5.305491
6831,7.456802
6832,7.075269
6833,7.298835
6834,-5.554276
6835,-0.324917
6836,6.551313
6837,8.000444
6838,7.122023
6839,9.218756
6840,5.133395
6841,5.505913
6842,5.563169
6843,7.742403
6844,6.345039
6845,5.229048
6846,4.195254
6847,9.561118
6848,6.757382
6849,4.775663
6850,6.706434
6851,5.649121
6852,5.105474
6853,7.780158
6854,7.155749
6855,8.563501
6856,2.482543
6857,5.019813
6858,5.228794
6859,6.994745
6860,8.422387
6861,8.920555
6862,5.695856
6863,-13.997339
6864,5.949482
6865,2.180504
6866,5.76366
6867,7.753478
6868,7.810552
6869,9.251155
6870,7.957754
6871,5.153555
6872,5.773751
6873,6.844508
6874,4.044646
6875,4.957738
6876,5.962936
6877,3.292265
6878,9.64018
6879,4.543464
6880,-2.535949
6881,6.117233
6882,7.962854
6883,4.172147
6884,8.705278
6885,9.426051
6886,6.203454
6887,7.436504
6888,9.238784
6889,4.686984
6890,6.184729
6891,8.85574
6892,10.100475
6893,3.428576
6894,4.94759
6895,8.644855
6896,6.7626
6897,6.241849
6898,6.331127
6899,8.370637
6900,4.085985
6901,2.302218
6902,6.888163
6903,8.582154
6904,4.480056
6905,9.874829
6906,7.83358
6907,5.662289
6908,8.127872
6909,5.071874
6910,4.987257
6911,8.899633
6912,3.199103
6913,8.044809
6914,8.077486
6915,6.532662
6916,5.461418
6917,8.564436
6918,7.889883
6919,8.408059
6920,7.245679
6921,6.71823
6922,3.726481
6923,4.618563
6924,7.051947
6925,6.412677
6926,6.467355
6927,5.452387
6928,7.020443
6929,7.84007
6930,4.920432
6931,7.097928
6932,1.193895
6933,7.917778
6934,7.86773
6935,6.279514
6936,6.817749
6937,8.318879
6938,4.159021
6939,6.729046
6940,4.214521
6941,6.514492
6942,7.697507
6943,6.096175
6944,7.613291
6945,9.306893
6946,8.90602
6947,7.082082
6948,7.136369
6949,6.914905
6950,10.033337
6951,8.485285
6952,6.403399
6953,6.955161
6954,7.858456
6955,6.72145
6956,3.876234
6957,4.05814
6958,8.452525
6959,7.335553
6960,8.11095
6961,5.479134
6962,3.956397
6963,6.113577
6964,4.784678
6965,6.049409
6966,5.022059
6967,7.698729
6968,8.051197
6969,8.581278
6970,8.698753
6971,7.992673
6972,7.735606
6973,7.619304
6974,7.602204
6975,6.447888
6976,6.759731
6977,7.246145
6978,8.167526
6979,7.588184
6980,6.559451
6981,6.061121
6982,8.697009
6983,7.773881
6984,6.863469
6985,5.939224
6986,-21.427056
6987,6.722719
6988,6.330571
6989,6.247028
6990,7.454636
6991,9.609249
6992,5.745947
6993,8.785463
6994,7.092015
6995,9.46225
6996,6.059756
6997,6.083933
6998,6.996503
6999,7.60268
7000,8.562876
7001,6.200451
7002,3.938381
7003,6.883036
7004,6.204982
7005,2.254118
7006,9.203354
7007,9.990685
7008,7.167897
7009,8.411953
7010,6.5645
7011,7.658394
7012,6.646158
7013,7.45468
7014,5.66727
7015,7.387345
7016,7.049515
7017,7.922907
7018,6.413054
7019,7.307375
7020,4.556242
7021,6.461851
7022,8.620967
7023,5.529963
7024,5.607899
7025,6.537196
7026,7.19874
7027,6.862784
7028,7.268233
7029,9.934254
7030,5.165533
7031,3.044357
7032,6.44426
7033,7.19915
7034,8.94021
7035,4.620316
7036,7.515701
7037,8.808465
7038,9.705112
7039,8.642172
7040,9.532223
7041,5.047727
7042,7.080693
7043,8.218226
7044,7.639387
7045,8.549755
7046,9.463027
7047,5.923386
7048,6.286648
7049,6.299871
7050,7.047394
7051,5.022361
7052,7.000442
7053,9.368066
7054,8.719656
7055,6.210915
7056,6.089656
7057,9.021111
7058,9.012245
7059,5.164619
7060,6.55744
7061,9.372409
7062,8.32916
7063,6.655965
7064,6.930177
7065,4.932999
7066,7.107889
7067,4.830619
7068,6.170023
7069,6.60306
7070,4.32531
7071,7.032939
7072,8.923225
7073,6.035802
7074,8.960264
7075,8.307577
7076,6.388539
7077,-4.499696
7078,5.595015
7079,7.319449
7080,7.172208
7081,6.494137
7082,8.927739
7083,4.712464
7084,8.357223
7085,6.077615
7086,9.45756
7087,7.686462
7088,9.382113
7089,6.523633
7090,8.528531
7091,8.255039
7092,7.166927
7093,6.492131
7094,4.132955
7095,4.130463
7096,6.970054
7097,6.303295
7098,6.066486
7099,8.685165
7100,3.894574
7101,4.946452
7102,7.198345
7103,5.833382
7104,5.812286
7105,4.853387
7106,8.07971
7107,1.790609
7108,6.721018
7109,7.572393
7110,6.70662
7111,6.5907
7112,6.864528
7113,8.372157
7114,6.748925
7115,8.908861
7116,6.923856
7117,5.319787
7118,6.783569
7119,4.270087
7120,8.503611
7121,6.073671
7122,5.017464
7123,6.399338
7124,5.50156
7125,7.279293
7126,7.200332
7127,7.581194
7128,7.106929
7129,5.583738
7130,5.604254
7131,2.205112
7132,8.52156
7133,2.673329
7134,5.415084
7135,6.061315
7136,8.799174
7137,6.74272
7138,6.609645
7139,6.105044
7140,6.66605
7141,6.2936
7142,8.575602
7143,6.379141
7144,5.526615
7145,7.550479
7146,7.586272
7147,5.644544
7148,9.306441
7149,7.323852
7150,7.962256
7151,7.138749
7152,9.64906
7153,3.554863
7154,8.660907
7155,4.305201
7156,6.244984
7157,7.683434
7158,6.227924
7159,7.834909
7160,9.106725
7161,7.219271
7162,9.061721
7163,6.77838
7164,9.864258
7165,7.140677
7166,2.420452
7167,9.57417
7168,8.107379
7169,6.918017
7170,6.397379
7171,7.399224
7172,6.50734
7173,7.249656
7174,5.051414
7175,7.452175
7176,7.281185
7177,7.537616
7178,6.037109
7179,7.063065
7180,6.546199
7181,6.991458
7182,7.442056
7183,7.639295
7184,8.192395
7185,6.357452
7186,5.049248
7187,6.560649
7188,7.582376
7189,9.27744
7190,6.867844
7191,8.083521
7192,-9.815964
7193,4.747424
7194,7.260622
7195,6.520466
7196,6.454999
7197,7.690929
7198,6.552832
7199,7.652591
7200,-4.814232
7201,6.528942
7202,8.155631
7203,7.831244
7204,7.521556
7205,5.818833
7206,6.825614
7207,6.686739
7208,9.405069
7209,8.34186
7210,4.858069
7211,7.614793
7212,6.788471
7213,10.872604
7214,8.424598
7215,8.039663
7216,1.039866
7217,4.980544
7218,-4.853073
7219,9.474731
7220,2.933194
7221,5.165285
7222,7.944284
7223,5.794542
7224,7.837616
7225,8.614508
7226,5.935233
7227,7.929807
7228,7.24859
7229,1.319879
7230,5.978437
7231,7.889504
7232,7.582379
7233,8.544332
7234,-11.369491
7235,6.514936
7236,7.509697
7237,7.186354
7238,6.592254
7239,7.55641
7240,5.665463
7241,7.239976
7242,10.832886
7243,7.206846
7244,5.417121
7245,6.693919
7246,-0.564342
7247,5.960438
7248,5.387479
7249,7.211533
7250,6.930055
7251,8.513479
7252,6.294898
7253,6.085174
7254,7.845577
7255,6.412619
7256,3.754899
7257,7.861938
7258,7.986141
7259,3.261386
7260,6.874523
7261,8.269253
7262,5.742196
7263,8.789285
7264,7.449252
7265,8.275047
7266,8.099572
7267,5.445358
7268,8.273776
7269,7.028003
7270,8.171402
7271,7.447871
7272,7.01675
7273,8.819787
7274,6.915564
7275,9.742791
7276,7.566417
7277,4.866439
7278,6.236608
7279,6.127057
7280,5.414506
7281,9.763176
7282,6.993867
7283,9.249726
7284,9.51674
7285,7.741375
7286,8.491907
7287,2.737979
7288,5.266019
7289,8.575462
7290,3.928384
7291,7.218937
7292,6.020896
7293,4.685231
7294,8.852394
7295,7.139919
7296,9.278475
7297,4.834832
7298,9.439404
7299,5.929461
7300,6.756576
7301,8.166062
7302,8.31673
7303,6.553889
7304,-4.830379
7305,5.301025
7306,4.265802
7307,8.090273
7308,4.052925
7309,7.725008
7310,5.973823
7311,8.328427
7312,7.95658
7313,6.830031
7314,-11.726737
7315,5.762562
7316,-22.005401
7317,5.766282
7318,7.637609
7319,-5.012978
7320,5.235191
7321,4.004089
7322,3.986396
7323,9.108572
7324,7.033023
7325,6.636202
7326,8.778144
7327,8.734484
7328,5.701923
7329,4.595302
7330,5.766958
7331,6.493447
7332,6.891963
7333,5.23991
7334,8.157414
7335,7.218944
7336,9.037007
7337,4.758119
7338,7.846706
7339,8.72879
7340,6.92302
7341,8.251519
7342,7.12157
7343,9.282109
7344,8.244493
7345,9.551287
7346,7.003756
7347,5.443484
7348,8.216581
7349,7.261268
7350,8.221961
7351,4.467728
7352,8.066235
7353,6.634602
7354,5.267681
7355,9.202299
7356,6.780527
7357,4.778358
7358,6.907032
7359,4.765479
7360,7.557558
7361,7.506364
7362,7.379205
7363,6.711471
7364,4.663813
7365,6.136522
7366,7.489727
7367,6.221908
7368,7.263541
7369,5.06458
7370,6.154928
7371,8.446881
7372,5.735558
7373,6.91305
7374,7.632897
7375,6.986805
7376,8.180708
7377,7.471886
7378,5.968906
7379,6.948358
7380,5.853995
7381,6.696259
7382,9.207776
7383,-2.409996
7384,9.952128
7385,5.728494
7386,9.259125
7387,6.118959
7388,5.410331
7389,5.106853
7390,-9.764825
7391,9.182642
7392,8.480815
7393,4.249228
7394,3.98205
7395,6.328859
7396,6.448434
7397,8.551525
7398,8.455256
7399,6.466648
7400,8.339016
7401,5.583108
7402,9.956561
7403,9.187318
7404,7.790153
7405,7.398439
7406,8.20246
7407,8.238833
7408,8.791725
7409,5.027693
7410,3.653149
7411,6.469585
7412,8.107967
7413,6.755788
7414,5.704321
7415,7.834308
7416,7.65809
7417,6.320725
7418,5.32609
7419,5.917007
7420,5.733762
7421,8.140643
7422,4.388919
7423,6.588178
7424,9.784418
7425,5.869303
7426,8.382281
7427,7.284876
7428,6.675805
7429,7.967961
7430,8.916755
7431,4.033188
7432,4.567716
7433,6.881201
7434,6.135712
7435,8.018021
7436,10.234622
7437,-10.987695
7438,6.988044
7439,7.570402
7440,7.120072
7441,6.700649
7442,6.223295
7443,7.560727
7444,5.094186
7445,7.281158
7446,8.815532
7447,6.993174
7448,6.444947
7449,7.963625
7450,6.316122
7451,9.606
7452,5.850484
7453,8.534252
7454,6.412107
7455,3.129254
7456,8.221919
7457,4.889026
7458,4.331087
7459,9.05858
7460,9.62777
7461,4.375424
7462,5.272733
7463,6.087703
7464,5.547414
7465,7.697083
7466,7.342818
7467,7.933944
7468,8.553836
7469,8.316261
7470,0.118594
7471,9.660857
7472,6.677895
7473,5.627056
7474,8.877466
7475,4.487613
7476,8.227046
7477,7.353282
7478,6.228659
7479,6.587788
7480,4.962266
7481,7.908394
7482,4.775426
7483,8.436666
7484,4.899201
7485,5.846065
7486,6.040902
7487,5.56769
7488,4.316248
7489,5.949202
7490,6.321441
7491,10.011814
7492,8.036276
7493,9.779532
7494,6.937135
7495,8.248058
7496,8.145901
7497,8.925689
7498,8.275126
7499,7.446147
7500,7.317972
7501,6.148923
7502,7.471127
7503,11.474126
7504,8.21431
7505,9.96264
7506,8.659689
7507,9.168315
7508,7.710097
7509,9.383924
7510,6.122172
7511,6.057411
7512,5.796625
7513,7.62307
7514,6.047601
7515,5.974302
7516,6.038551
7517,5.91169
7518,7.493077
7519,7.85888
7520,3.48684
7521,8.940388
7522,7.685955
7523,4.926706
7524,3.399191
7525,6.246356
7526,5.42852
7527,7.805637
7528,6.876917
7529,-2.346598
7530,9.706301
7531,9.112249
7532,6.973719
7533,7.411357
7534,6.363976
7535,7.978783
7536,4.690862
7537,8.742981
7538,8.233152
7539,5.881872
7540,5.597082
7541,6.920856
7542,7.910848
7543,9.349715
7544,6.827804
7545,8.904416
7546,5.593987
7547,7.650991
7548,6.679051
7549,8.576007
7550,6.919052
7551,6.139411
7552,7.510198
7553,7.194316
7554,7.46338
7555,8.068243
7556,5.009975
7557,9.872112
7558,4.357104
7559,9.598577
7560,8.557779
7561,7.87775
7562,10.13141
7563,7.128348
7564,6.106707
7565,6.706656
7566,6.229183
7567,7.038628
7568,3.549714
7569,4.501645
7570,3.278972
7571,7.615315
7572,8.582009
7573,6.015902
7574,8.603118
7575,8.214686
7576,4.828411
7577,9.534766
7578,6.073647
7579,6.128407
7580,7.671543
7581,6.270229
7582,6.318108
7583,7.835751
7584,8.061612
7585,4.172371
7586,8.979191
7587,6.180335
7588,6.153912
7589,8.916198
7590,6.967641
7591,8.527224
7592,8.334172
7593,7.487159
7594,6.333822
7595,8.22936
7596,5.416685
7597,5.629817
7598,7.547469
7599,4.410729
7600,5.619832
7601,4.659226
7602,5.027855
7603,7.62401
7604,-1.495033
7605,7.029352
7606,6.487569
7607,3.796505
7608,9.645092
7609,8.057489
7610,8.521702
7611,9.047314
7612,8.403928
7613,4.421191
7614,9.27106
7615,7.577818
7616,9.639618
7617,7.234084
7618,7.105654
7619,2.941149
7620,7.40216
7621,7.761836
7622,4.050453
7623,5.151456
7624,5.332134
7625,6.786719
7626,7.053991
7627,7.817343
7628,6.958033
7629,8.618429
7630,7.695044
7631,7.30329
7632,7.454219
7633,6.708503
7634,5.10047
7635,9.022741
7636,7.54735
7637,7.801036
7638,9.89096
7639,8.269455
7640,6.744826
7641,9.303269
7642,7.241993
7643,6.169286
7644,8.217659
7645,5.748884
7646,6.599931
7647,5.537362
7648,6.32376
7649,4.959511
7650,8.577063
7651,7.196276
7652,6.024308
7653,7.003447
7654,8.026454
7655,7.845246
7656,10.224287
7657,8.383043
7658,5.158631
7659,9.287304
7660,4.451987
7661,5.808343
7662,7.68772
7663,4.17712
7664,4.984633
7665,7.318168
7666,4.314265
7667,7.717964
7668,-20.328072
7669,7.134769
7670,6.298028
7671,6.076396
7672,6.312943
7673,4.404621
7674,7.491807
7675,6.507472
7676,9.102324
7677,7.575376
7678,7.527703
7679,4.040016
7680,7.051458
7681,7.559331
7682,3.800637
7683,6.540175
7684,6.441911
7685,8.451068
7686,-2.98127
7687,8.025351
7688,4.269661
7689,7.797405
7690,7.429994
7691,4.487016
7692,8.33945
7693,6.208126
7694,-4.074711
7695,7.581715
7696,6.759912
7697,7.420571
7698,7.98562
7699,8.34198
7700,7.252809
7701,5.046929
7702,5.328465
7703,6.856774
7704,5.535976
7705,7.30671
7706,9.917523
7707,5.519843
7708,5.368003
7709,8.055935
7710,8.957425
7711,7.325954
7712,8.325763
7713,6.671945
7714,3.942036
7715,6.64995
7716,4.753899
7717,5.617248
7718,7.851919
7719,6.143448
7720,9.751655
7721,7.593152
7722,7.996154
7723,3.196817
7724,7.817197
7725,5.719769
7726,6.659219
7727,8.475594
7728,8.003319
7729,9.823612
7730,3.804385
7731,7.367
7732,2.770121
7733,5.778505
7734,6.501571
7735,7.316254
7736,5.864028
7737,11.005547
7738,6.130662
7739,7.293014
7740,7.419441
7741,7.165726
7742,7.306937
7743,8.548016
7744,3.155717
7745,8.170035
7746,5.322299
7747,7.947445
7748,6.263826
7749,8.295342
7750,6.422548
7751,9.109461
7752,6.7679
7753,6.169248
7754,7.546734
7755,4.844433
7756,5.876901
7757,5.873567
7758,5.739041
7759,5.669666
7760,7.278635
7761,4.100328
7762,9.09919
7763,8.501252
7764,8.138157
7765,6.670307
7766,9.910635
7767,7.607878
7768,7.197937
7769,6.376781
7770,4.51458
7771,4.694024
7772,6.460699
7773,7.051594
7774,6.997803
7775,7.198194
7776,5.772903
7777,4.705736
7778,8.129857
7779,-4.092448
7780,6.784425
7781,-6.665686
7782,6.719118
7783,7.851987
7784,8.199067
7785,8.973582
7786,7.830956
7787,8.453078
7788,8.471936
7789,8.173996
7790,7.941684
7791,7.672875
7792,-2.522094
7793,5.352702
7794,5.64265
7795,6.031907
7796,7.985415
7797,0.212147
7798,4.259838
7799,4.876293
7800,6.873208
7801,8.02544
7802,6.272482
7803,7.516887
7804,3.461535
7805,6.229964
7806,3.442554
7807,6.583823
7808,6.560364
7809,10.108431
7810,4.832964
7811,4.94893
7812,5.010533
7813,6.094149
7814,-4.379926
7815,7.525269
7816,5.995747
7817,8.091287
7818,9.122683
7819,5.495755
7820,6.017226
7821,8.139207
7822,6.517095
7823,7.734123
7824,8.083573
7825,6.652651
7826,9.050853
7827,8.412366
7828,6.303544
7829,5.195338
7830,7.287459
7831,7.159556
7832,8.694694
7833,4.369163
7834,7.601155
7835,5.91609
7836,5.616274
7837,5.059326
7838,7.565058
7839,6.73055
7840,8.59036
7841,4.693171
7842,6.273647
7843,7.689729
7844,8.026928
7845,5.242309
7846,7.984568
7847,6.125144
7848,6.756659
7849,4.706544
7850,6.927438
7851,7.778351
7852,4.990715
7853,7.975273
7854,8.76431
7855,7.139722
7856,8.733193
7857,8.860882
7858,6.7674
7859,7.539011
7860,6.63511
7861,8.00215
7862,7.964333
7863,7.31747
7864,8.298156
7865,7.651125
7866,5.748537
7867,6.636095
7868,6.543916
7869,5.28628
7870,6.928465
7871,6.932071
7872,9.051556
7873,8.469745
7874,6.723067
7875,6.219367
7876,8.572
7877,8.664875
7878,8.955049
7879,4.928017
7880,6.087634
7881,5.221886
7882,6.347712
7883,4.663776
7884,9.442048
7885,8.351057
7886,6.577866
7887,6.697568
7888,8.766938
7889,8.261491
7890,-4.564941
7891,5.951058
7892,6.909758
7893,8.986954
7894,7.604081
7895,8.115563
7896,8.929916
7897,8.469746
7898,6.284376
7899,6.152299
7900,5.659077
7901,7.285869
7902,8.935017
7903,6.601542
7904,5.372837
7905,4.699141
7906,9.247001
7907,8.265263
7908,7.721079
7909,6.498128
7910,3.686458
7911,-4.319862
7912,6.379739
7913,6.150518
7914,8.106467
7915,3.482956
7916,5.87844
7917,9.047719
7918,7.251396
7919,7.758552
7920,7.079
7921,7.277287
7922,7.855376
7923,7.740505
7924,5.786888
7925,6.025071
7926,6.610126
7927,3.613421
7928,5.546557
7929,5.715023
7930,5.680131
7931,8.98935
7932,5.877341
7933,6.023458
7934,8.967798
7935,5.333075
7936,9.894883
7937,9.374532
7938,9.271281
7939,7.629769
7940,5.367771
7941,8.281039
7942,5.644496
7943,7.86856
7944,8.227324
7945,7.757158
7946,8.303176
7947,4.557379
7948,7.117508
7949,7.543713
7950,6.806137
7951,7.865076
7952,9.643841
7953,8.118832
7954,7.505027
7955,8.87092
7956,7.743448
7957,6.806933
7958,7.885399
7959,6.885618
7960,6.140129
7961,7.107638
7962,5.552892
7963,5.706023
7964,7.310748
7965,8.707063
7966,-3.903625
7967,2.576872
7968,9.814548
7969,7.321708
7970,7.767425
7971,6.074272
7972,8.068004
7973,7.806455
7974,7.110576
7975,6.331825
7976,7.517072
7977,5.803278
7978,3.906748
7979,6.301607
7980,7.369828
7981,6.353961
7982,5.828904
7983,7.526586
7984,8.515019
7985,6.941347
7986,5.446438
7987,7.874105
7988,6.043534
7989,5.716167
7990,7.422752
7991,3.039489
7992,8.159934
7993,8.513313
7994,8.240052
7995,7.067202
7996,6.416781
7997,4.568588
7998,5.722926
7999,3.781527
8000,9.373224
8001,8.002058
8002,5.848095
8003,7.313472
8004,6.086362
8005,6.047394
8006,5.795513
8007,6.911254
8008,9.076216
8009,7.761808
8010,5.43564
8011,9.957446
8012,7.985016
8013,7.68414
8014,7.158521
8015,6.081263
8016,7.641347
8017,3.755333
8018,6.583309
8019,7.787005
8020,6.184136
8021,5.280839
8022,6.711957
8023,4.962193
8024,5.597724
8025,-4.367339
8026,6.376095
8027,7.979053
8028,6.600733
8029,4.655759
8030,8.015871
8031,6.635727
8032,-5.02875
8033,6.622718
8034,7.32049
8035,1.446197
8036,6.565343
8037,-2.205025
8038,7.456227
8039,7.465438
8040,7.442774
8041,7.334314
8042,9.916418
8043,4.170046
8044,6.970402
8045,8.760092
8046,6.317561
8047,7.394858
8048,5.878705
8049,5.97302
8050,6.185825
8051,6.580226
8052,6.279956
8053,9.349235
8054,7.141718
8055,6.918148
8056,5.155663
8057,6.519295
8058,6.326959
8059,8.264014
8060,8.177694
8061,6.829665
8062,7.955786
8063,7.803829
8064,8.384219
8065,5.496913
8066,6.236361
8067,5.96507
8068,8.330068
8069,6.74496
8070,7.490892
8071,-2.840339
8072,7.207763
8073,-5.455637
8074,6.404587
8075,6.51554
8076,3.81639
8077,4.399256
8078,4.885453
8079,7.359817
8080,6.619631
8081,6.849825
8082,8.209398
8083,-13.951777
8084,9.502772
8085,5.691374
8086,7.472642
8087,8.504634
8088,9.280452
8089,7.234887
8090,6.411117
8091,8.735889
8092,6.126838
8093,8.696514
8094,8.225015
8095,7.161414
8096,4.115881
8097,4.770323
8098,7.802933
8099,5.945217
8100,5.812412
8101,6.76419
8102,8.536991
8103,4.772082
8104,7.84331
8105,9.919411
8106,9.044939
8107,7.385746
8108,8.612948
8109,6.928359
8110,8.016447
8111,8.825885
8112,7.387424
8113,5.24639
8114,6.923223
8115,8.971555
8116,7.716805
8117,8.669583
8118,6.495402
8119,7.407999
8120,5.660394
8121,9.888969
8122,-1.730976
8123,4.894816
8124,8.870759
8125,7.045118
8126,7.552862
8127,6.512406
8128,7.778733
8129,7.16232
8130,5.313639
8131,6.650705
8132,4.623123
8133,7.667212
8134,5.082223
8135,7.884061
8136,5.64982
8137,7.429861
8138,6.962587
8139,6.86126
8140,5.63276
8141,7.511576
8142,9.221236
8143,6.271402
8144,8.900493
8145,5.882401
8146,7.321625
8147,8.2047
8148,8.236912
8149,5.446237
8150,7.083794
8151,8.352591
8152,6.194648
8153,5.171675
8154,9.577404
8155,-3.484138
8156,6.540926
8157,5.80435
8158,5.625676
8159,4.784042
8160,8.926692
8161,5.41398
8162,5.720873
8163,8.253246
8164,6.555541
8165,6.925253
8166,7.314977
8167,8.248174
8168,5.025906
8169,7.598266
8170,6.441677
8171,4.720761
8172,-11.680506
8173,7.230179
8174,8.021701
8175,6.813244
8176,7.536639
8177,7.929097
8178,7.35054
8179,7.875539
8180,11.2975
8181,7.409776
8182,7.073216
8183,9.533388
8184,9.917044
8185,6.548789
8186,7.433601
8187,7.010065
8188,5.538514
8189,7.064175
8190,7.808702
8191,-3.231551
8192,7.353495
8193,6.599602
8194,6.211246
8195,7.464384
8196,7.090284
8197,6.834911
8198,5.329245
8199,8.04864
8200,7.539776
8201,6.605153
8202,7.499313
8203,9.855918
8204,5.925389
8205,6.571763
8206,3.554068
8207,8.811561
8208,8.338501
8209,6.406102
8210,3.759433
8211,8.420883
8212,7.121079
8213,5.486113
8214,6.540887
8215,6.205279
8216,7.348019
8217,7.478898
8218,5.802726
8219,6.857052
8220,2.906508
8221,7.416711
8222,3.423837
8223,6.684237
8224,6.912653
8225,6.458122
8226,6.880838
8227,6.526601
8228,6.507961
8229,9.933415
8230,-5.537885
8231,6.878712
8232,6.795032
8233,6.843655
8234,7.269834
8235,10.00166
8236,9.184405
8237,10.125114
8238,5.643682
8239,5.210952
8240,7.141297
8241,9.934746
8242,7.064989
8243,4.342059
8244,6.621207
8245,4.299038
8246,6.651985
8247,4.820594
8248,9.6226
8249,5.616851
8250,8.497934
8251,7.560145
8252,5.58337
8253,7.740698
8254,6.757651
8255,5.482657
8256,4.654983
8257,6.689402
8258,8.271319
8259,5.946811
8260,5.097078
8261,4.456628
8262,6.616749
8263,8.897206
8264,5.103731
8265,6.778684
8266,6.125203
8267,6.636479
8268,5.214396
8269,7.191099
8270,9.574191
8271,6.14981
8272,4.850248
8273,5.463817
8274,8.934062
8275,7.795042
8276,5.715551
8277,6.585897
8278,8.077949
8279,4.547392
8280,7.261556
8281,9.514824
8282,8.622457
8283,1.97743
8284,6.749628
8285,8.038933
8286,5.710644
8287,5.331826
8288,6.544336
8289,6.382389
8290,11.107559
8291,6.882314
8292,7.545224
8293,8.102502
8294,4.186828
8295,9.04494
8296,7.192872
8297,3.397718
8298,6.721013
8299,-0.358314
8300,6.609614
8301,10.027844
8302,5.690514
8303,7.174398
8304,5.467819
8305,5.270036
8306,7.533963
8307,4.960226
8308,9.088475
8309,8.913661
8310,6.350334
8311,5.619571
8312,4.503557
8313,3.295735
8314,3.581082
8315,5.485706
8316,4.718504
8317,9.250653
8318,8.416649
8319,8.58475
8320,6.557677
8321,7.843273
8322,8.036475
8323,3.38732
8324,7.667008
8325,9.304859
8326,8.969337
8327,7.779154
8328,5.465732
8329,5.143757
8330,6.740482
8331,10.424047
8332,7.980711
8333,5.889716
8334,5.775659
8335,4.769979
8336,6.820077
8337,-2.061427
8338,6.256921
8339,-5.229447
8340,7.043288
8341,5.679477
8342,7.590414
8343,8.525694
8344,6.966981
8345,6.873538
8346,8.958778
8347,7.090861
8348,8.543597
8349,4.647794
8350,8.374426
8351,8.001634
8352,8.452443
8353,7.213424
8354,5.809986
8355,6.085707
8356,8.963081
8357,5.29047
8358,4.782364
8359,8.452424
8360,7.079752
8361,10.096634
8362,5.293383
8363,4.58345
8364,6.18658
8365,7.241069
8366,5.493005
8367,5.94831
8368,6.395753
8369,6.832211
8370,8.560455
8371,6.570525
8372,5.310076
8373,7.005927
8374,7.36865
8375,5.24464
8376,6.614181
8377,3.83673
8378,4.79744
8379,10.562783
8380,3.708323
8381,9.089766
8382,6.906368
8383,4.695062
8384,7.868362
8385,5.566351
8386,7.838394
8387,6.604227
8388,8.429225
8389,8.428533
8390,7.545335
8391,5.139033
8392,7.968396
8393,6.141635
8394,-3.207379
8395,7.626676
8396,4.459755
8397,9.356102
8398,0.980956
8399,5.793525
8400,7.818024
8401,5.012265
8402,7.033659
8403,5.711094
8404,6.202955
8405,4.687524
8406,7.69672
8407,6.70934
8408,4.57653
8409,6.532401
8410,7.212783
8411,5.009416
8412,6.270815
8413,6.352469
8414,7.728831
8415,4.995362
8416,7.242116
8417,7.296918
8418,5.01782
8419,7.021373
8420,6.414264
8421,7.455871
8422,5.998057
8423,5.503025
8424,6.157028
8425,7.129494
8426,6.109032
8427,3.856645
8428,8.432936
8429,4.978833
8430,5.813723
8431,7.109258
8432,6.8149
8433,7.385961
8434,8.205618
8435,8.01965
8436,7.485937
8437,6.897323
8438,7.28378
8439,7.697494
8440,6.380075
8441,8.89065
8442,5.449491
8443,8.497541
8444,8.706016
8445,5.152572
8446,6.458177
8447,7.286129
8448,7.769595
8449,9.147623
8450,7.109289
8451,4.998504
8452,8.466543
8453,7.677365
8454,-2.044238
8455,7.292556
8456,8.27784
8457,6.581138
8458,9.465976
8459,8.429844
8460,3.24138
8461,7.779606
8462,7.139259
8463,6.625378
8464,9.145661
8465,7.62179
8466,8.424051
8467,7.653077
8468,4.084193
8469,6.069898
8470,6.777664
8471,5.597323
8472,7.718767
8473,8.984498
8474,7.578106
8475,7.262014
8476,7.625904
8477,7.538695
8478,9.379634
8479,8.481815
8480,7.923154
8481,8.2398
8482,6.43856
8483,7.064937
8484,4.865686
8485,5.38032
8486,4.925791
8487,7.221763
8488,5.360334
8489,8.975751
8490,6.122757
8491,6.859421
8492,4.238115
8493,5.72259
8494,9.810122
8495,8.040367
8496,8.733325
8497,6.459184
8498,5.424862
8499,3.785434
8500,6.820003
8501,7.320288
8502,9.816227
8503,7.666755
8504,4.822754
8505,5.826427
8506,7.718584
8507,6.150021
8508,7.042036
8509,8.785236
8510,5.069785
8511,7.002256
8512,4.315965
8513,9.750482
8514,6.970969
8515,6.312193
8516,8.555113
8517,6.706324
8518,7.008281
8519,7.921269
8520,5.452861
8521,6.432225
8522,-3.749561
8523,7.980641
8524,6.723691
8525,9.148934
8526,5.909566
8527,7.311676
8528,6.917701
8529,9.444132
8530,3.808089
8531,6.442514
8532,8.745516
8533,6.283044
8534,9.818679
8535,7.276919
8536,8.367472
8537,-4.801684
8538,6.365879
8539,7.5861
8540,6.184919
8541,8.07038
8542,9.197989
8543,6.910693
8544,9.284081
8545,7.827375
8546,6.044206
8547,9.0147
8548,9.904099
8549,6.650015
8550,7.64071
8551,6.021709
8552,9.503852
8553,7.218313
8554,7.528932
8555,9.684265
8556,2.931655
8557,9.017758
8558,9.074974
8559,8.225144
8560,3.008689
8561,6.67515
8562,9.74369
8563,5.285308
8564,7.984862
8565,7.086772
8566,9.415876
8567,7.56132
8568,7.728124
8569,5.709343
8570,5.527495
8571,5.171273
8572,5.774093
8573,8.901575
8574,8.655123
8575,8.713024
8576,7.91786
8577,6.813546
8578,9.042824
8579,5.628081
8580,6.735444
8581,2.472937
8582,8.247709
8583,6.685407
8584,8.921375
8585,5.966954
8586,7.789944
8587,5.213577
8588,6.885424
8589,9.288499
8590,-1.265017
8591,5.514734
8592,10.864514
8593,5.517364
8594,5.815237
8595,6.594009
8596,5.322848
8597,8.043276
8598,8.605662
8599,8.47155
8600,5.449788
8601,6.077721
8602,7.339225
8603,6.103676
8604,6.033845
8605,6.063079
8606,5.579469
8607,8.17112
8608,9.188855
8609,7.098051
8610,8.200471
8611,4.945353
8612,7.233049
8613,7.694514
8614,7.950739
8615,8.348569
8616,5.937007
8617,6.046989
8618,8.1086
8619,6.427968
8620,-2.505354
8621,7.807967
8622,6.576592
8623,7.598574
8624,8.396686
8625,7.256539
8626,7.823209
8627,7.953615
8628,8.353104
8629,6.200163
8630,8.04632
8631,7.097977
8632,6.355097
8633,7.836047
8634,6.330532
8635,6.616726
8636,7.129832
8637,6.812039
8638,6.008038
8639,8.899157
8640,9.965641
8641,7.977614
8642,4.391728
8643,6.077432
8644,5.890548
8645,7.888026
8646,8.705368
8647,4.717602
8648,6.745958
8649,9.281153
8650,5.994499
8651,8.73878
8652,7.726272
8653,9.34442
8654,6.687427
8655,8.825216
8656,5.95174
8657,9.020181
8658,-13.251774
8659,7.845035
8660,5.840276
8661,6.841636
8662,6.809587
8663,8.966809
8664,7.300659
8665,6.341373
8666,4.954618
8667,8.407518
8668,5.180038
8669,4.424024
8670,8.007777
8671,7.644088
8672,7.009375
8673,5.714955
8674,7.16777
8675,5.212311
8676,7.173427
8677,4.306984
8678,8.606013
8679,7.979883
8680,5.303466
8681,7.502091
8682,7.026659
8683,6.578435
8684,10.384034
8685,3.786482
8686,5.373837
8687,7.548118
8688,10.325824
8689,6.074236
8690,8.054877
8691,4.156272
8692,6.638607
8693,9.756615
8694,9.00897
8695,7.04741
8696,8.42615
8697,9.68039
8698,7.457737
8699,6.360615
8700,3.907302
8701,9.52444
8702,8.316091
8703,4.78764
8704,6.96902
8705,7.294945
8706,6.604801
8707,7.696789
8708,5.073956
8709,8.376895
8710,6.443635
8711,7.205126
8712,5.777728
8713,5.010822
8714,5.395095
8715,6.910546
8716,8.372672
8717,7.284005
8718,9.183804
8719,3.698484
8720,6.911366
8721,8.547005
8722,7.387409
8723,6.55383
8724,5.896427
8725,6.667026
8726,8.351365
8727,6.878172
8728,5.497111
8729,7.070204
8730,6.684757
8731,8.513273
8732,5.656637
8733,8.465064
8734,5.651529
8735,4.750801
8736,6.281261
8737,8.560837
8738,6.489261
8739,5.681017
8740,2.561182
8741,7.128931
8742,7.224883
8743,7.735793
8744,-24.051169
8745,6.059027
8746,6.740439
8747,7.087031
8748,8.194086
8749,6.742388
8750,9.151716
8751,4.917012
8752,7.561076
8753,7.641602
8754,3.898562
8755,6.796675
8756,8.998706
8757,8.594234
8758,7.541173
8759,6.366019
8760,7.139877
8761,8.150759
8762,5.325039
8763,7.742926
8764,9.562719
8765,5.565197
8766,7.867304
8767,6.425331
8768,8.177551
8769,9.95314
8770,8.993539
8771,7.167086
8772,6.06223
8773,7.607829
8774,7.376661
8775,5.213974
8776,5.954721
8777,8.837448
8778,5.410637
8779,8.774411
8780,5.768118
8781,5.329513
8782,6.194602
8783,7.288657
8784,6.052217
8785,6.756788
8786,9.512842
8787,9.313481
8788,5.284205
8789,10.225574
8790,5.036251
8791,6.487824
8792,9.010759
8793,4.897673
8794,6.879714
8795,6.75401
8796,6.032852
8797,4.105572
8798,4.651163
8799,8.427059
8800,7.648939
8801,7.817763
8802,6.208878
8803,5.624006
8804,7.467009
8805,6.587997
8806,5.603543
8807,7.429247
8808,7.048762
8809,6.96697
8810,6.383352
8811,2.437924
8812,6.341344
8813,9.051989
8814,7.582936
8815,6.599097
8816,-2.329983
8817,7.403585
8818,4.25954
8819,2.507956
8820,8.506129
8821,6.987855
8822,8.510158
8823,7.18598
8824,6.632295
8825,5.914868
8826,-5.684769
8827,7.898139
8828,5.25778
8829,6.768895
8830,8.84187
8831,4.820351
8832,3.505247
8833,6.950279
8834,6.486982
8835,6.942902
8836,6.951969
8837,8.066805
8838,7.449389
8839,6.05243
8840,6.28832
8841,7.177408
8842,6.067314
8843,7.387782
8844,7.321455
8845,8.078584
8846,7.740082
8847,4.714821
8848,5.434256
8849,7.350369
8850,6.527239
8851,7.704157
8852,7.778356
8853,6.815244
8854,7.842155
8855,5.815396
8856,6.397354
8857,5.138828
8858,8.209555
8859,3.717762
8860,5.723631
8861,8.504814
8862,6.375721
8863,3.73345
8864,9.053859
8865,5.460165
8866,6.21089
8867,9.880796
8868,6.784012
8869,6.579316
8870,5.268852
8871,8.039821
8872,6.030924
8873,5.428102
8874,8.206242
8875,5.658875
8876,9.398275
8877,6.300398
8878,6.876342
8879,4.682724
8880,7.338361
8881,7.401524
8882,4.427705
8883,8.847288
8884,8.940033
8885,8.510004
8886,9.158536
8887,6.202143
8888,7.53363
8889,6.128423
8890,6.564836
8891,7.427286
8892,5.923377
8893,6.464856
8894,6.968839
8895,8.721817
8896,8.578384
8897,7.943548
8898,6.739789
8899,5.855672
8900,7.912423
8901,10.707355
8902,8.678864
8903,5.180202
8904,8.257375
8905,8.688099
8906,5.78018
8907,8.056241
8908,7.110213
8909,6.01798
8910,7.826532
8911,5.711878
8912,7.563138
8913,5.902753
8914,8.947262
8915,6.266303
8916,6.951709
8917,9.12093
8918,3.137703
8919,5.606463
8920,6.912387
8921,5.341755
8922,4.899996
8923,7.635465
8924,7.310953
8925,6.023784
8926,4.24359
8927,7.381434
8928,6.624378
8929,7.812194
8930,7.518215
8931,9.14454
8932,7.014423
8933,6.128173
8934,9.310999
8935,6.604359
8936,5.993761
8937,6.643887
8938,4.793487
8939,6.233418
8940,9.51811
8941,5.464662
8942,6.284309
8943,5.823471
8944,8.058439
8945,4.986384
8946,7.009775
8947,7.026898
8948,5.213101
8949,5.10169
8950,6.507238
8951,7.487953
8952,4.462179
8953,7.453929
8954,7.546974
8955,6.254573
8956,5.916503
8957,7.551652
8958,7.586218
8959,6.074852
8960,6.22806
8961,7.892185
8962,7.321373
8963,7.693
8964,4.828537
8965,7.48009
8966,6.358755
8967,5.882229
8968,7.115035
8969,4.702841
8970,5.212161
8971,6.423294
8972,9.639884
8973,5.873586
8974,5.976926
8975,4.071509
8976,7.422923
8977,9.714281
8978,3.84245
8979,10.128648
8980,8.073795
8981,7.713406
8982,8.52637
8983,8.364859
8984,8.756567
8985,6.408282
8986,8.77199
8987,7.547772
8988,8.300639
8989,8.1593
8990,4.857472
8991,6.732348
8992,6.891171
8993,7.246627
8994,7.481394
8995,8.023114
8996,6.707987
8997,4.904112
8998,5.356585
8999,7.877877
9000,7.789124
9001,6.897852
9002,6.96375
9003,6.993701
9004,8.457723
9005,7.063887
9006,6.186495
9007,6.932723
9008,6.763381
9009,7.703113
9010,3.895188
9011,6.348621
9012,6.827617
9013,9.26304
9014,9.425785
9015,2.922959
9016,6.838068
9017,10.124713
9018,7.826635
9019,9.445099
9020,7.010928
9021,8.520259
9022,8.32563
9023,8.439462
9024,5.387893
9025,4.601833
9026,6.009644
9027,5.556453
9028,5.711329
9029,7.580751
9030,8.036049
9031,8.644559
9032,8.062707
9033,8.634177
9034,4.624986
9035,8.060601
9036,8.388836
9037,7.066055
9038,6.55342
9039,7.462952
9040,7.093972
9041,9.14257
9042,8.681515
9043,5.912147
9044,5.848186
9045,7.936409
9046,6.249785
9047,7.402926
9048,-6.088389
9049,6.578388
9050,4.994865
9051,4.643457
9052,7.38617
9053,4.372933
9054,8.503702
9055,7.279022
9056,7.723516
9057,7.479569
9058,6.812686
9059,7.546476
9060,8.683483
9061,6.984268
9062,-5.204163
9063,7.63159
9064,9.573814
9065,5.563123
9066,6.727381
9067,6.453762
9068,7.740494
9069,9.773717
9070,8.725275
9071,5.896328
9072,6.697467
9073,7.579698
9074,6.944628
9075,5.064834
9076,6.363719
9077,7.048421
9078,4.925222
9079,6.253303
9080,8.864636
9081,8.182369
9082,6.966391
9083,8.950465
9084,5.805063
9085,7.660575
9086,8.292595
9087,7.236275
9088,7.529017
9089,4.657744
9090,6.864267
9091,6.71998
9092,7.719248
9093,7.453447
9094,6.80377
9095,6.616569
9096,8.953441
9097,6.634338
9098,5.444398
9099,7.014006
9100,5.462133
9101,8.452781
9102,5.07026
9103,9.255454
9104,6.894996
9105,7.414621
9106,6.209917
9107,-5.350398
9108,6.059872
9109,5.517275
9110,4.441122
9111,8.052688
9112,5.823514
9113,7.636222
9114,6.878929
9115,5.701326
9116,8.503339
9117,6.492539
9118,7.948486
9119,8.682384
9120,3.701784
9121,5.976743
9122,5.488657
9123,5.433674
9124,7.585589
9125,7.158485
9126,7.825031
9127,7.727977
9128,4.052105
9129,8.932349
9130,6.941178
9131,4.213965
9132,8.991281
9133,7.373163
9134,5.84263
9135,5.764858
9136,7.603668
9137,6.046616
9138,9.478525
9139,6.349407
9140,4.834072
9141,6.044477
9142,8.132762
9143,8.74653
9144,7.520825
9145,8.621384
9146,8.699309
9147,5.225603
9148,6.031047
9149,7.440845
9150,5.805541
9151,8.700145
9152,7.098897
9153,7.604066
9154,10.008635
9155,8.348777
9156,7.22791
9157,9.236933
9158,7.688719
9159,5.198593
9160,7.6663
9161,6.417905
9162,8.742975
9163,6.363799
9164,6.932081
9165,7.854295
9166,8.814987
9167,6.021535
9168,7.290445
9169,6.456433
9170,7.063677
9171,7.014646
9172,6.942256
9173,6.245823
9174,7.271517
9175,4.968844
9176,7.224291
9177,7.05284
9178,7.701427
9179,6.612249
9180,8.365666
9181,-4.387279
9182,9.16342
9183,8.765869
9184,6.498187
9185,5.273945
9186,8.620012
9187,5.675859
9188,8.045836
9189,8.066972
9190,7.745837
9191,5.899997
9192,7.583006
9193,9.65949
9194,6.923624
9195,6.159284
9196,7.90157
9197,8.900761
9198,8.227731
9199,5.88937
9200,3.734017
9201,8.530217
9202,7.155447
9203,7.420393
9204,5.710746
9205,9.449609
9206,7.114688
9207,8.293342
9208,10.365471
9209,8.363501
9210,5.919969
9211,7.151062
9212,5.516815
9213,8.384471
9214,8.205823
9215,8.467334
9216,7.820974
9217,6.417852
9218,5.827308
9219,9.44929
9220,6.922319
9221,8.850004
9222,7.682401
9223,6.955179
9224,6.791044
9225,3.145865
9226,5.510825
9227,7.644616
9228,8.583677
9229,5.021114
9230,5.68791
9231,-11.205053
9232,7.276441
9233,7.401496
9234,4.673041
9235,8.016473
9236,7.926056
9237,5.187271
9238,3.546218
9239,7.82158
9240,7.852036
9241,7.943222
9242,4.222665
9243,8.153677
9244,8.58919
9245,9.182704
9246,7.401953
9247,7.854673
9248,6.01532
9249,7.121658
9250,6.429256
9251,7.140826
9252,7.202311
9253,7.035722
9254,4.598871
9255,8.520489
9256,5.255143
9257,8.309293
9258,6.787123
9259,8.411043
9260,9.858801
9261,7.538544
9262,6.275473
9263,7.654341
9264,6.919647
9265,8.089097
9266,5.775954
9267,9.762664
9268,8.371007
9269,5.005346
9270,6.476666
9271,6.902632
9272,4.200528
9273,9.090883
9274,5.921481
9275,6.433012
9276,9.286717
9277,6.270377
9278,6.178987
9279,6.050202
9280,6.777285
9281,7.921929
9282,8.118037
9283,8.902369
9284,5.310876
9285,5.024295
9286,7.522441
9287,6.598563
9288,6.017638
9289,2.435052
9290,-0.618136
9291,8.37879
9292,7.683989
9293,7.589901
9294,8.020426
9295,6.069832
9296,8.929941
9297,5.954364
9298,6.659747
9299,4.702314
9300,5.852132
9301,8.615543
9302,5.61074
9303,8.272218
9304,7.896301
9305,7.307474
9306,6.788913
9307,5.504266
9308,8.644326
9309,6.572441
9310,7.749264
9311,6.240461
9312,6.136197
9313,4.756927
9314,7.074935
9315,6.043152
9316,5.171653
9317,8.328158
9318,7.661819
9319,6.194928
9320,6.881066
9321,8.424999
9322,7.261537
9323,7.221089
9324,7.845921
9325,-15.089126
9326,5.778034
9327,9.319131
9328,7.139953
9329,4.782713
9330,5.331036
9331,6.974167
9332,9.61518
9333,7.835814
9334,8.961489
9335,7.235157
9336,5.677972
9337,7.619244
9338,5.884782
9339,6.826356
9340,3.905938
9341,8.254581
9342,7.918596
9343,6.906437
9344,5.275537
9345,6.850057
9346,4.999347
9347,6.220769
9348,9.082244
9349,7.109738
9350,7.664618
9351,7.233223
9352,6.190331
9353,-4.551914
9354,9.498198
9355,6.018601
9356,6.328968
9357,6.488477
9358,5.659758
9359,7.767989
9360,8.390383
9361,3.545981
9362,8.134392
9363,5.474025
9364,5.017406
9365,7.052776
9366,6.659373
9367,7.454913
9368,6.689386
9369,4.584057
9370,5.829139
9371,8.790664
9372,5.928872
9373,7.802793
9374,6.671164
9375,-2.529783
9376,5.47504
9377,10.149281
9378,6.751017
9379,6.010931
9380,8.134773
9381,8.475509
9382,5.897073
9383,6.372443
9384,8.988339
9385,8.330815
9386,6.999874
9387,8.346114
9388,7.300975
9389,6.775655
9390,1.546913
9391,7.475098
9392,7.445728
9393,6.362081
9394,9.197607
9395,6.141129
9396,5.144964
9397,6.817024
9398,6.46706
9399,4.475978
9400,7.820257
9401,7.044289
9402,8.335484
9403,3.422296
9404,6.380891
9405,8.04432
9406,5.260102
9407,8.235292
9408,5.743331
9409,6.038246
9410,3.90906
9411,7.55202
9412,7.258554
9413,9.017309
9414,6.122944
9415,-2.371769
9416,3.860831
9417,7.527133
9418,7.265065
9419,4.16525
9420,8.950147
9421,8.279984
9422,7.578603
9423,6.706115
9424,6.262321
9425,7.081234
9426,6.071613
9427,8.72261
9428,6.9229
9429,7.30452
9430,6.136129
9431,5.325953
9432,7.218258
9433,7.66104
9434,9.45034
9435,7.793446
9436,8.637098
9437,8.795967
9438,8.718256
9439,7.263447
9440,4.987243
9441,4.90988
9442,5.519066
9443,7.462115
9444,5.246956
9445,7.665044
9446,9.551961
9447,9.113949
9448,6.439424
9449,1.172559
9450,5.81616
9451,5.605881
9452,7.647775
9453,7.958134
9454,5.174095
9455,9.219189
9456,6.259165
9457,8.799476
9458,5.144626
9459,8.842335
9460,7.017292
9461,6.482507
9462,5.170703
9463,9.428451
9464,5.503817
9465,6.455938
9466,9.780515
9467,5.828128
9468,6.600987
9469,5.848735
9470,8.214935
9471,6.249701
9472,4.740132
9473,6.026057
9474,8.33525
9475,9.973481
9476,6.724488
9477,8.27695
9478,7.123997
9479,6.801102
9480,4.986639
9481,8.534485
9482,6.386604
9483,6.892307
9484,6.794456
9485,6.902925
9486,7.728351
9487,7.508778
9488,8.172729
9489,5.862141
9490,5.683076
9491,8.906318
9492,5.255276
9493,5.387515
9494,8.333846
9495,7.641351
9496,7.729284
9497,7.688695
9498,7.162635
9499,7.074436
9500,7.697328
9501,5.031017
9502,5.760122
9503,9.137056
9504,7.673869
9505,8.437886
9506,2.940992
9507,8.136302
9508,7.290378
9509,5.45228
9510,6.802107
9511,7.822191
9512,8.018714
9513,6.023988
9514,3.737134
9515,4.336002
9516,6.95612
9517,10.598218
9518,9.477009
9519,6.718235
9520,4.351081
9521,6.257004
9522,6.79754
9523,5.633592
9524,8.672345
9525,4.382657
9526,-3.416095
9527,8.674676
9528,6.766385
9529,6.221571
9530,7.385591
9531,3.988039
9532,5.715797
9533,5.999987
9534,4.316685
9535,7.060375
9536,7.239407
9537,6.608787
9538,8.771114
9539,7.791842
9540,7.580648
9541,8.073266
9542,6.879808
9543,5.933863
9544,3.842604
9545,6.303369
9546,10.021684
9547,6.326154
9548,8.597032
9549,-3.70066
9550,7.692569
9551,7.270913
9552,6.929851
9553,6.164798
9554,5.414832
9555,6.715124
9556,6.715422
9557,-4.598699
9558,6.849961
9559,6.785629
9560,6.953771
9561,5.662716
9562,8.490293
9563,7.598329
9564,8.331591
9565,8.618808
9566,8.765313
9567,8.120811
9568,6.621043
9569,3.923057
9570,6.601414
9571,8.163731
9572,2.891741
9573,6.26514
9574,8.692232
9575,8.388641
9576,10.719488
9577,6.667068
9578,7.998016
9579,6.568028
9580,9.289429
9581,5.068214
9582,-0.840004
9583,6.647055
9584,6.349132
9585,4.848545
9586,5.353417
9587,7.786248
9588,6.900255
9589,5.85837
9590,9.237325
9591,8.89278
9592,7.447006
9593,5.737718
9594,7.367694
9595,8.955161
9596,4.831816
9597,6.508641
9598,8.148991
9599,2.528285
9600,5.231787
9601,7.801192
9602,6.171179
9603,5.36685
9604,7.048519
9605,8.19903
9606,4.924286
9607,5.594779
9608,8.14519
9609,8.880351
9610,5.607187
9611,4.58596
9612,7.395677
9613,5.18665
9614,8.002009
9615,5.97708
9616,9.251607
9617,5.681591
9618,8.572438
9619,4.486247
9620,7.901868
9621,6.364979
9622,8.114811
9623,9.665464
9624,9.421131
9625,7.497408
9626,6.945822
9627,7.570979
9628,7.487779
9629,3.110462
9630,8.765635
9631,-11.530544
9632,5.422232
9633,7.447325
9634,7.802747
9635,6.187874
9636,8.76835
9637,6.053389
9638,7.581252
9639,4.866255
9640,7.316629
9641,8.067972
9642,8.123985
9643,8.230131
9644,7.15236
9645,5.619472
9646,-4.791055
9647,7.619967
9648,6.973541
9649,6.261127
9650,6.181677
9651,7.70331
9652,7.328713
9653,6.580597
9654,5.944435
9655,8.520324
9656,6.827424
9657,1.914666
9658,6.017754
9659,6.623561
9660,8.309245
9661,5.020304
9662,6.488283
9663,9.72849
9664,7.97693
9665,-2.97125
9666,6.21764
9667,8.530903
9668,8.317074
9669,5.380134
9670,7.421235
9671,8.356413
9672,6.719332
9673,7.356711
9674,5.220896
9675,5.110801
9676,8.863293
9677,7.002087
9678,8.844229
9679,7.889891
9680,7.906211
9681,7.179744
9682,4.680903
9683,7.366092
9684,7.487609
9685,10.571115
9686,7.443857
9687,8.408202
9688,6.292
9689,8.998875
9690,6.077133
9691,5.985027
9692,7.350015
9693,6.674727
9694,3.553974
9695,7.705537
9696,7.005942
9697,7.004017
9698,7.280725
9699,5.773152
9700,4.186382
9701,3.3739
9702,7.836885
9703,8.301921
9704,8.537211
9705,7.916733
9706,7.14224
9707,8.23298
9708,4.94541
9709,7.067808
9710,6.684811
9711,6.654435
9712,7.078433
9713,6.327951
9714,7.492561
9715,4.955749
9716,6.222596
9717,10.111087
9718,6.008188
9719,7.526418
9720,5.211905
9721,9.63939
9722,4.685539
9723,8.721663
9724,7.99689
9725,6.395458
9726,7.215623
9727,-4.393453
9728,9.908887
9729,6.884726
9730,6.377824
9731,6.289839
9732,-0.309867
9733,6.436392
9734,5.463337
9735,6.064734
9736,6.567698
9737,3.175787
9738,6.977445
9739,5.874576
9740,4.640879
9741,6.902781
9742,6.509194
9743,4.902174
9744,5.27683
9745,8.654735
9746,7.801786
9747,6.728897
9748,10.908174
9749,7.708261
9750,5.430273
9751,6.965941
9752,7.846283
9753,8.871882
9754,5.625193
9755,8.702729
9756,8.713508
9757,8.897382
9758,8.233025
9759,-3.497033
9760,5.406174
9761,9.377104
9762,9.979951
9763,7.813275
9764,9.75179
9765,7.843885
9766,2.066561
9767,6.330176
9768,7.353098
9769,5.186107
9770,9.041601
9771,5.384295
9772,6.594596
9773,2.990606
9774,5.330381
9775,4.611505
9776,8.08284
9777,8.865903
9778,7.889822
9779,6.204886
9780,5.386135
9781,5.147811
9782,6.881287
9783,4.828221
9784,3.987545
9785,7.558114
9786,-4.897102
9787,6.099408
9788,9.245441
9789,2.31095
9790,-5.199381
9791,6.909627
9792,7.45312
9793,7.86316
9794,5.91122
9795,6.179309
9796,4.397233
9797,6.833215
9798,3.573915
9799,6.280796
9800,5.514572
9801,6.471926
9802,5.736661
9803,10.018956
9804,7.447963
9805,5.573891
9806,7.678977
9807,7.432806
9808,5.808944
9809,6.243246
9810,9.537454
9811,5.95179
9812,8.158554
9813,5.707065
9814,5.303931
9815,4.510851
9816,7.529349
9817,7.160958
9818,8.434542
9819,7.594544
9820,3.084818
9821,8.940893
9822,6.655407
9823,7.620013
9824,8.92844
9825,6.346822
9826,5.822947
9827,-4.431869
9828,-0.047627
9829,8.400984
9830,7.140115
9831,5.384919
9832,8.372119
9833,6.68096
9834,6.784735
9835,8.002662
9836,6.315816
9837,5.222624
9838,7.248146
9839,4.402286
9840,9.165142
9841,7.335633
9842,6.555147
9843,5.059466
9844,9.068983
9845,6.382335
9846,9.200844
9847,5.541802
9848,7.332177
9849,6.388225
9850,7.348202
9851,5.912717
9852,6.171323
9853,9.30449
9854,4.680647
9855,6.916075
9856,6.899675
9857,8.052598
9858,7.125503
9859,6.496175
9860,6.150679
9861,6.095538
9862,6.116269
9863,6.89847
9864,7.23588
9865,5.745281
9866,4.576165
9867,7.861236
9868,6.975281
9869,4.655469
9870,7.564022
9871,7.431252
9872,8.917724
9873,7.580622
9874,7.130274
9875,7.604728
9876,7.012417
9877,-3.984644
9878,5.876318
9879,9.105771
9880,6.961451
9881,7.794232
9882,8.103498
9883,7.635645
9884,9.505032
9885,7.037041
9886,8.182151
9887,4.461768
9888,8.127223
9889,10.089344
9890,9.258393
9891,7.280257
9892,6.716811
9893,6.296796
9894,0.907531
9895,8.001901
9896,5.065218
9897,6.761903
9898,7.215446
9899,6.650605
9900,4.763051
9901,9.18229
9902,7.591293
9903,9.932856
9904,4.770191
9905,8.508185
9906,7.28161
9907,7.800681
9908,7.150112
9909,6.490765
9910,7.321766
9911,5.559426
9912,6.022457
9913,-5.034955
9914,5.337247
9915,8.819622
9916,6.383329
9917,9.215742
9918,6.423436
9919,8.879188
9920,7.732986
9921,7.328765
9922,7.395555
9923,7.792825
9924,7.578964
9925,4.473765
9926,5.176809
9927,7.730547
9928,2.648423
9929,3.593478
9930,7.369321
9931,5.730988
9932,7.335063
9933,6.325905
9934,5.984231
9935,7.565763
9936,7.814633
9937,9.018871
9938,6.916786
9939,7.390361
9940,5.906636
9941,6.698974
9942,5.318133
9943,7.728372
9944,6.636639
9945,7.455118
9946,3.997059
9947,6.004321
9948,6.53207
9949,3.617781
9950,7.573532
9951,5.635218
9952,4.914129
9953,7.762747
9954,8.880768
9955,7.760401
9956,6.940017
9957,7.958729
9958,8.293005
9959,7.080604
9960,4.335813
9961,7.26397
9962,7.820826
9963,9.154312
9964,7.361038
9965,5.590825
9966,8.196649
9967,6.943107
9968,7.635294
9969,5.800432
9970,8.646802
9971,8.014717
9972,7.386838
9973,7.674136
9974,6.172016
9975,7.574615
9976,8.002504
9977,4.416332
9978,6.90147
9979,9.300693
9980,8.138541
9981,7.63705
9982,6.475217
9983,5.978442
9984,1.324483
9985,6.718101
9986,5.354364
9987,5.683054
9988,4.886171
9989,8.322898
9990,5.821125
9991,7.832681
9992,9.645675
9993,7.484161
9994,5.252429
9995,6.341844
9996,6.038636
9997,6.748529
9998,6.214711
9999,5.388992
10000,6.655636
10001,6.300139
10002,7.400965
10003,3.772951
10004,7.374079
10005,9.897715
10006,7.148689
10007,6.450595
10008,8.48387
10009,7.090063
10010,9.061969
10011,6.655863
10012,6.792969
10013,5.923435
10014,7.376769
10015,6.559715
10016,7.915054
10017,6.850648
10018,5.413785
10019,8.330891
10020,7.72939
10021,5.419582
10022,-2.63818
10023,1.158677
10024,8.81927
10025,8.899134
10026,7.648449
10027,7.41248
10028,4.380831
10029,8.877138
10030,5.75444
10031,9.8884
10032,7.18947
10033,8.330906
10034,8.772339
10035,7.620155
10036,6.770041
10037,6.500873
10038,7.358705
10039,9.620276
10040,6.808699
10041,6.613305
10042,7.819304
10043,8.783109
10044,3.827278
10045,7.548417
10046,6.935508
10047,9.183853
10048,8.353028
10049,5.321771
10050,2.563264
10051,6.510049
10052,8.085991
10053,5.83231
10054,6.200738
10055,6.523348
10056,7.03323
10057,7.960488
10058,8.349106
10059,8.581704
10060,7.833249
10061,7.084279
10062,7.939855
10063,8.692067
10064,5.822216
10065,6.770842
10066,7.284453
10067,3.532389
10068,8.977353
10069,9.067318
10070,4.294543
10071,9.994238
10072,7.242172
10073,6.81139
10074,7.916201
10075,8.853956
10076,8.428954
10077,7.286742
10078,7.948054
10079,7.255194
10080,8.565126
10081,1.759618
10082,6.565921
10083,7.483786
10084,7.599436
10085,5.319659
10086,8.631651
10087,8.950237
10088,7.557449
10089,0.48034
10090,6.280875
10091,7.801598
10092,7.144519
10093,4.974738
10094,9.712288
10095,8.056881
10096,8.906914
10097,5.64008
10098,7.847663
10099,8.138654
10100,8.289361
10101,6.563097
10102,5.908089
10103,6.832663
10104,-4.63267
10105,6.579403
10106,8.198745
10107,6.915548
10108,9.079939
10109,4.418136
10110,9.268305
10111,4.722541
10112,9.673317
10113,5.079864
10114,8.992325
10115,-7.229327
10116,7.524358
10117,8.782906
10118,7.272151
10119,6.436935
10120,7.096565
10121,7.722798
10122,4.791637
10123,7.203174
10124,6.402563
10125,6.583671
10126,6.100511
10127,6.968545
10128,6.183352
10129,7.625358
10130,6.629857
10131,5.44573
10132,9.807796
10133,9.313731
10134,6.651515
10135,8.847294
10136,8.089846
10137,7.407649
10138,6.818007
10139,5.305618
10140,3.481672
10141,8.001077
10142,9.288359
10143,7.212623
10144,7.017033
10145,7.210528
10146,6.58211
10147,6.920075
10148,6.259435
10149,6.852164
10150,5.54963
10151,7.234
10152,9.534467
10153,7.308263
10154,5.893625
10155,8.984004
10156,6.804231
10157,6.203102
10158,5.256392
10159,5.65847
10160,4.930212
10161,0.049646
10162,8.017982
10163,9.226754
10164,6.397385
10165,5.839356
10166,9.594826
10167,4.955029
10168,6.118615
10169,6.800697
10170,5.904785
10171,5.747596
10172,5.212719
10173,9.026378
10174,5.730296
10175,7.228015
10176,5.531517
10177,3.827478
10178,6.181768
10179,7.084015
10180,4.788729
10181,8.185075
10182,9.907611
10183,6.817108
10184,6.163427
10185,7.418907
10186,5.78539
10187,6.616078
10188,5.244312
10189,3.969106
10190,7.957631
10191,6.867251
10192,5.598886
10193,6.787102
10194,6.077126
10195,8.697011
10196,7.952368
10197,7.808857
10198,5.81452
10199,-1.379034
10200,5.379802
10201,6.681397
10202,7.687556
10203,6.699595
10204,5.621135
10205,6.613653
10206,8.543091
10207,-0.175492
10208,2.453817
10209,5.957345
10210,6.980917
10211,7.884168
10212,9.998502
10213,9.115908
10214,7.127806
10215,4.495046
10216,8.556046
10217,7.585143
10218,9.101845
10219,9.786802
10220,7.08175
10221,4.113958
10222,7.580451
10223,6.007943
10224,7.720835
10225,6.094339
10226,7.587107
10227,3.711199
10228,5.223475
10229,8.770281
10230,7.054462
10231,3.916192
10232,4.780791
10233,7.329478
10234,5.671193
10235,9.616652
10236,8.578118
10237,9.865789
10238,6.961582
10239,5.919825
10240,-11.842749
10241,8.019574
10242,8.465431
10243,7.279765
10244,6.409684
10245,6.975814
10246,6.541811
10247,5.666397
10248,8.512754
10249,5.728277
10250,7.781889
10251,8.380502
10252,5.922764
10253,8.496797
10254,7.572741
10255,10.229337
10256,6.37251
10257,6.888526
10258,-3.842292
10259,6.641824
10260,8.524875
10261,6.6564
10262,7.980659
10263,8.247775
10264,1.323491
10265,9.661769
10266,9.087943
10267,9.261787
10268,0.961785
10269,7.192039
10270,9.022457
10271,7.348889
10272,5.92485
10273,5.971621
10274,7.320477
10275,6.410278
10276,6.892503
10277,5.032579
10278,9.384175
10279,8.46285
10280,4.853101
10281,8.562163
10282,5.333146
10283,7.173061
10284,8.791989
10285,5.593249
10286,6.885466
10287,7.445059
10288,5.968425
10289,5.830826
10290,8.002916
10291,7.134214
10292,-4.864488
10293,6.076718
10294,7.006241
10295,9.518466
10296,9.940572
10297,5.453843
10298,7.427416
10299,8.63615
10300,5.347999
10301,7.552806
10302,6.721708
10303,5.50263
10304,9.048601
10305,7.022686
10306,7.249309
10307,5.31336
10308,9.807553
10309,9.574743
10310,5.903162
10311,7.274968
10312,8.43688
10313,7.608521
10314,9.026619
10315,6.82499
10316,7.743618
10317,6.949847
10318,7.593828
10319,8.114379
10320,7.873498
10321,9.892768
10322,7.53231
10323,5.491876
10324,5.092766
10325,7.544289
10326,8.222706
10327,6.073908
10328,9.795046
10329,7.440363
10330,8.757323
10331,-12.993571
10332,7.094463
10333,3.314803
10334,8.398758
10335,6.450602
10336,8.931214
10337,7.208708
10338,3.475895
10339,9.042373
10340,6.894492
10341,6.788065
10342,8.502812
10343,7.027949
10344,9.489947
10345,5.702067
10346,9.251836
10347,5.471023
10348,8.429139
10349,6.958914
10350,6.247501
10351,8.783049
10352,7.709204
10353,5.432938
10354,6.617824
10355,7.805616
10356,4.677031
10357,7.572906
10358,6.123922
10359,7.409932
10360,6.328108
10361,6.975756
10362,7.091363
10363,6.195557
10364,7.176676
10365,8.454925
10366,8.293766
10367,7.554572
10368,7.260746
10369,-10.797791
10370,7.852596
10371,9.074614
10372,8.353189
10373,7.286291
10374,7.653098
10375,8.527464
10376,3.689034
10377,6.157415
10378,7.802686
10379,6.403312
10380,5.562711
10381,7.564844
10382,-13.282056
10383,9.612221
10384,5.041808
10385,1.088697
10386,6.762139
10387,6.932848
10388,4.543988
10389,7.024476
10390,8.54935
10391,10.009568
10392,6.107133
10393,7.344444
10394,6.029965
10395,10.800845
10396,5.605316
10397,6.93969
10398,7.947024
10399,8.097161
10400,9.366081
10401,5.989826
10402,9.048795
10403,8.947573
10404,9.987245
10405,7.844896
10406,4.315362
10407,6.985766
10408,7.825905
10409,5.420182
10410,6.557627
10411,4.095328
10412,4.953494
10413,6.673377
10414,7.314709
10415,-4.359382
10416,5.818836
10417,8.623806
10418,7.343204
10419,6.334746
10420,6.557936
10421,5.124512
10422,4.412779
10423,-8.446007
10424,7.644961
10425,8.825059
10426,4.354614
10427,7.732034
10428,8.153743
10429,4.824712
10430,6.152991
10431,4.720063
10432,7.621265
10433,5.221233
10434,3.67763
10435,7.267858
10436,6.393095
10437,6.456205
10438,5.644922
10439,8.149303
10440,-3.982402
10441,5.629643
10442,7.30545
10443,6.457034
10444,7.771505
10445,8.569046
10446,7.079488
10447,8.053446
10448,6.748345
10449,4.709121
10450,5.728147
10451,7.819698
10452,8.40493
10453,8.934747
10454,7.450977
10455,6.910751
10456,6.860627
10457,8.090302
10458,8.028274
10459,5.565244
10460,8.623943
10461,7.680081
10462,7.192206
10463,7.810973
10464,8.068818
10465,7.863561
10466,8.158493
10467,5.946604
10468,8.956134
10469,8.797427
10470,5.765968
10471,6.346167
10472,4.181091
10473,6.629342
10474,8.61173
10475,6.766596
10476,7.794766
10477,7.566171
10478,7.055553
10479,8.748177
10480,7.293971
10481,-0.929315
10482,7.82126
10483,-3.466936
10484,8.086064
10485,6.280275
10486,9.196552
10487,7.85799
10488,7.409348
10489,6.616296
10490,8.923635
10491,7.765049
10492,7.48921
10493,6.885027
10494,7.111875
10495,5.402
10496,8.308055
10497,7.850751
10498,8.338102
10499,4.769227
10500,7.490008
10501,8.521031
10502,5.326195
10503,7.731152
10504,5.542812
10505,8.59853
10506,7.414721
10507,5.891927
10508,7.782273
10509,6.98002
10510,6.23993
10511,8.291578
10512,5.576206
10513,10.246987
10514,8.835848
10515,7.042076
10516,6.90904
10517,6.665213
10518,8.750493
10519,6.77801
10520,5.266369
10521,5.511785
10522,6.375247
10523,7.714365
10524,5.614675
10525,8.839363
10526,8.508947
10527,9.439535
10528,7.363206
10529,8.942348
10530,-13.027713
10531,6.976419
10532,6.134082
10533,6.916301
10534,8.129164
10535,7.051741
10536,8.281872
10537,5.496001
10538,4.641219
10539,3.71129
10540,6.183496
10541,8.294933
10542,7.258949
10543,4.089739
10544,8.348951
10545,6.217418
10546,5.202284
10547,-2.176124
10548,8.418357
10549,7.379079
10550,5.259204
10551,-11.673292
10552,0.862088
10553,6.967873
10554,4.717012
10555,8.341773
10556,5.490662
10557,7.246741
10558,6.245501
10559,6.23387
10560,4.377499
10561,8.723096
10562,7.864762
10563,6.047357
10564,7.676367
10565,3.167271
10566,-14.77194
10567,7.475888
10568,6.949972
10569,8.480488
10570,8.739263
10571,8.125063
10572,7.769483
10573,6.651181
10574,6.693538
10575,5.772814
10576,9.473678
10577,8.657041
10578,2.442863
10579,8.489627
10580,8.669459
10581,7.190642
10582,6.504227
10583,5.060037
10584,6.601333
10585,7.013988
10586,5.328114
10587,6.720407
10588,9.153912
10589,7.669538
10590,-2.849055
10591,6.684662
10592,7.920535
10593,5.512445
10594,7.530103
10595,6.854072
10596,-6.326763
10597,5.750875
10598,6.484917
10599,6.866441
10600,7.213116
10601,6.01731
10602,7.050872
10603,7.709044
10604,7.264707
10605,8.944275
10606,4.264762
10607,8.011738
10608,0.799294
10609,9.298322
10610,8.257726
10611,7.564277
10612,6.4393
10613,6.929305
10614,7.526356
10615,8.164658
10616,7.075584
10617,7.131709
10618,1.855938
10619,4.217834
10620,7.724995
10621,6.888896
10622,6.614485
10623,9.154728
10624,8.764039
10625,8.403018
10626,6.709592
10627,8.676616
10628,5.525356
10629,8.240948
10630,6.7512
10631,4.806754
10632,7.357288
10633,4.824555
10634,6.271137
10635,8.055193
10636,4.355435
10637,6.170078
10638,9.203619
10639,7.365035
10640,6.627745
10641,4.819041
10642,6.428324
10643,7.253888
10644,6.242736
10645,5.860972
10646,6.626807
10647,8.560754
10648,7.614452
10649,8.30971
10650,3.385675
10651,5.598419
10652,5.023063
10653,7.904776
10654,9.016454
10655,6.034112
10656,6.928188
10657,7.853381
10658,7.882575
10659,5.863257
10660,5.312103
10661,6.796679
10662,6.6068
10663,7.127487
10664,7.395788
10665,5.267014
10666,9.064501
10667,6.961669
10668,8.020585
10669,-0.738595
10670,3.550319
10671,6.68798
10672,8.240761
10673,6.345917
10674,7.542226
10675,3.138947
10676,8.284912
10677,8.881657
10678,6.46257
10679,5.115713
10680,2.442974
10681,6.76243
10682,8.036697
10683,9.115412
10684,6.946095
10685,5.618825
10686,8.960028
10687,8.956159
10688,6.881596
10689,6.620715
10690,6.42587
10691,6.548644
10692,6.431999
10693,8.033442
10694,6.561893
10695,9.633039
10696,8.22425
10697,7.550328
10698,6.860283
10699,7.470084
10700,8.215784
10701,6.769461
10702,3.941563
10703,7.36411
10704,6.870838
10705,7.27801
10706,5.595193
10707,5.275337
10708,7.565788
10709,3.961948
10710,-4.930599
10711,7.518638
10712,6.172198
10713,6.232596
10714,4.658809
10715,8.055284
10716,7.492131
10717,7.314403
10718,6.934936
10719,6.874254
10720,1.843057
10721,6.536037
10722,7.260657
10723,8.298211
10724,7.159013
10725,8.650901
10726,9.24629
10727,6.763813
10728,5.094993
10729,8.569316
10730,6.96715
10731,7.811919
10732,9.590438
10733,9.110253
10734,-3.904599
10735,7.081807
10736,8.346405
10737,4.827986
10738,7.651733
10739,5.465294
10740,8.488807
10741,6.984292
10742,11.366087
10743,7.280427
10744,6.484797
10745,5.816963
10746,6.754733
10747,9.176115
10748,5.864907
10749,7.771283
10750,7.155953
10751,8.981291
10752,8.635024
10753,7.760327
10754,5.937098
10755,7.723723
10756,8.134492
10757,8.0838
10758,6.512777
10759,8.800357
10760,-9.772083
10761,5.761704
10762,7.282564
10763,6.295022
10764,6.77086
10765,7.265598
10766,7.352188
10767,7.896732
10768,8.898992
10769,6.04128
10770,5.896547
10771,7.465474
10772,3.802479
10773,9.817719
10774,7.874622
10775,7.636266
10776,3.608363
10777,10.443274
10778,7.766977
10779,4.866796
10780,5.399834
10781,6.225645
10782,7.232149
10783,7.867669
10784,6.80046
10785,9.454653
10786,5.943139
10787,9.626125
10788,8.01398
10789,8.035561
10790,6.371706
10791,3.954301
10792,9.58023
10793,3.909324
10794,6.031924
10795,9.486396
10796,5.539399
10797,9.625495
10798,7.835717
10799,5.359321
10800,6.777541
10801,8.055858
10802,6.597442
10803,5.798378
10804,6.727644
10805,8.510297
10806,4.62827
10807,9.350865
10808,8.631866
10809,-11.452169
10810,7.890177
10811,6.695966
10812,8.90326
10813,7.298839
10814,8.954224
10815,8.338128
10816,-4.131987
10817,7.570397
10818,6.967152
10819,7.324196
10820,7.460977
10821,8.388443
10822,7.467061
10823,7.162606
10824,6.972198
10825,5.50071
10826,5.858265
10827,8.053025
10828,8.172715
10829,7.088471
10830,6.080297
10831,7.655221
10832,7.7167
10833,4.573707
10834,7.030558
10835,5.407809
10836,4.916549
10837,4.615498
10838,6.304582
10839,5.819322
10840,9.252182
10841,5.143906
10842,8.879111
10843,5.753587
10844,5.472641
10845,7.353493
10846,7.192819
10847,8.830804
10848,6.782126
10849,7.286948
10850,7.390026
10851,8.019763
10852,8.379677
10853,2.483301
10854,5.990161
10855,7.872331
10856,7.189293
10857,7.722058
10858,8.836235
10859,6.306144
10860,7.991508
10861,4.062451
10862,5.188046
10863,9.072724
10864,4.573092
10865,5.983661
10866,7.494039
10867,5.54421
10868,8.006323
10869,6.610906
10870,5.87466
10871,7.006298
10872,7.019559
10873,3.875354
10874,2.521891
10875,8.308051
10876,7.786898
10877,5.932417
10878,4.720748
10879,4.953218
10880,9.911559
10881,10.028238
10882,5.727059
10883,6.891303
10884,8.407542
10885,8.037442
10886,3.942411
10887,7.941132
10888,4.862426
10889,5.249007
10890,7.298445
10891,5.758139
10892,6.920746
10893,3.22302
10894,6.150858
10895,6.469107
10896,6.857653
10897,6.858585
10898,5.863232
10899,7.35612
10900,5.130223
10901,7.611603
10902,9.80507
10903,7.246544
10904,6.643066
10905,-4.854798
10906,8.408169
10907,7.501009
10908,6.423772
10909,6.500857
10910,8.606931
10911,6.262561
10912,6.214862
10913,6.355592
10914,7.27224
10915,6.200107
10916,5.841832
10917,7.000808
10918,8.122678
10919,10.946698
10920,8.845246
10921,6.459757
10922,6.371229
10923,7.948342
10924,4.901602
10925,7.288168
10926,5.414167
10927,8.179345
10928,6.773623
10929,6.667088
10930,8.101963
10931,6.661712
10932,5.484285
10933,6.672531
10934,7.743262
10935,7.745397
10936,5.193183
10937,10.151326
10938,6.88297
10939,7.943034
10940,7.300773
10941,8.825097
10942,7.636413
10943,6.304316
10944,9.474137
10945,4.317407
10946,5.684921
10947,7.07959
10948,7.704432
10949,7.448093
10950,7.196417
10951,6.99986
10952,4.694972
10953,4.201414
10954,7.962644
10955,6.650322
10956,6.739339
10957,7.185365
10958,6.747701
10959,9.993407
10960,5.77972
10961,6.571571
10962,6.059728
10963,3.690125
10964,4.224071
10965,8.633378
10966,6.674381
10967,9.02926
10968,8.517039
10969,7.316778
10970,9.399858
10971,5.800441
10972,7.962374
10973,5.415795
10974,7.310092
10975,8.674844
10976,8.176395
10977,5.287182
10978,7.685418
10979,6.774834
10980,8.856618
10981,6.776713
10982,8.454644
10983,5.871291
10984,7.160912
10985,5.536021
10986,9.475815
10987,4.378757
10988,8.702824
10989,5.687468
10990,8.032868
10991,7.080211
10992,5.340207
10993,4.787162
10994,7.037654
10995,10.930187
10996,-4.293564
10997,6.723319
10998,6.017848
10999,7.365344
11000,7.991898
11001,8.091231
11002,7.313744
11003,6.59731
11004,4.668474
11005,8.022688
11006,7.921621
11007,7.10782
11008,4.869397
11009,4.88624
11010,6.933646
11011,4.531447
11012,5.995019
11013,6.002957
11014,6.730182
11015,6.727045
11016,9.136778
11017,7.002305
11018,8.668449
11019,3.616227
11020,4.828926
11021,7.0559
11022,7.165118
11023,4.460188
11024,8.272359
11025,6.123291
11026,2.667095
11027,5.922497
11028,5.913502
11029,7.931617
11030,6.861349
11031,7.738419
11032,7.296829
11033,9.202263
11034,6.939846
11035,5.497627
11036,8.071543
11037,7.753916
11038,5.46105
11039,8.162519
11040,3.991948
11041,7.477898
11042,5.641851
11043,8.549378
11044,3.070562
11045,6.198858
11046,7.764076
11047,7.6957
11048,4.812425
11049,8.25562
11050,8.05589
11051,8.942994
11052,5.134243
11053,8.162873
11054,7.26988
11055,8.420692
11056,7.219631
11057,8.033431
11058,5.58136
11059,6.241433
11060,9.106779
11061,6.32421
11062,8.523562
11063,7.366648
11064,7.231923
11065,5.699831
11066,5.992068
11067,9.887956
11068,7.851265
11069,7.884993
11070,9.912035
11071,9.388069
11072,6.068232
11073,0.355915
11074,6.967401
11075,5.323176
11076,7.381439
11077,7.247654
11078,6.989343
11079,8.436695
11080,6.823886
11081,6.322915
11082,7.48184
11083,10.056698
11084,8.794419
11085,6.756184
11086,5.797764
11087,9.14389
11088,5.62776
11089,8.866026
11090,5.645092
11091,7.026432
11092,7.123933
11093,4.772063
11094,7.981883
11095,2.114424
11096,6.827128
11097,7.593398
11098,8.627273
11099,5.66867
11100,10.215836
11101,8.305574
11102,6.707163
11103,8.043055
11104,5.791206
11105,6.082306
11106,4.820861
11107,7.936912
11108,1.857205
11109,8.525287
11110,5.560364
11111,6.276623
11112,5.62462
11113,7.399413
11114,7.945571
11115,8.304916
11116,6.266936
11117,8.505399
11118,7.944104
11119,6.41068
11120,3.727102
11121,7.143427
11122,8.181869
11123,4.976359
11124,6.496147
11125,7.983676
11126,7.458292
11127,7.327603
11128,6.215741
11129,8.291125
11130,7.500984
11131,5.706425
11132,7.87362
11133,6.427713
11134,6.57386
11135,7.806668
11136,6.853775
11137,4.942475
11138,5.829204
11139,9.164947
11140,7.759775
11141,4.647197
11142,7.541421
11143,5.726675
11144,3.89442
11145,6.079595
11146,7.329502
11147,7.456321
11148,9.262943
11149,10.075704
11150,8.03676
11151,8.735475
11152,7.968966
11153,5.820617
11154,6.099279
11155,2.792838
11156,6.346764
11157,4.983315
11158,9.459269
11159,8.421734
11160,6.278966
11161,-5.129345
11162,6.226044
11163,7.043252
11164,8.934759
11165,7.15267
11166,9.252438
11167,10.159896
11168,7.35976
11169,7.907795
11170,5.984107
11171,5.417283
11172,7.634907
11173,7.500408
11174,4.980694
11175,6.397553
11176,5.997318
11177,2.929695
11178,-5.000294
11179,8.011161
11180,7.420592
11181,6.052758
11182,9.296401
11183,7.728614
11184,7.993883
11185,7.446843
11186,5.466707
11187,5.274987
11188,8.847953
11189,8.33884
11190,9.061002
11191,6.824941
11192,8.688512
11193,4.651119
11194,8.565199
11195,6.208264
11196,5.457878
11197,5.872307
11198,7.113984
11199,7.218971
11200,7.692062
11201,3.642501
11202,8.876284
11203,6.733882
11204,7.316045
11205,8.068352
11206,6.651055
11207,4.573844
11208,6.20246
11209,8.44736
11210,6.243289
11211,8.295228
11212,6.792381
11213,4.139721
11214,6.393636
11215,8.241573
11216,9.487241
11217,7.513689
11218,6.818288
11219,6.607791
11220,6.069412
11221,7.346749
11222,4.62258
11223,10.328978
11224,9.65404
11225,6.53185
11226,6.986583
11227,4.249966
11228,8.437252
11229,5.755044
11230,8.049135
11231,8.143192
11232,7.845589
11233,6.192087
11234,4.13428
11235,5.598491
11236,-14.008051
11237,7.032157
11238,6.773812
11239,6.488063
11240,8.303272
11241,7.461576
11242,8.434203
11243,11.198911
11244,6.194394
11245,2.884152
11246,5.996765
11247,6.558057
11248,-6.013233
11249,7.465595
11250,8.579616
11251,7.8244
11252,4.248246
11253,8.360496
11254,6.19569
11255,7.127489
11256,8.415491
11257,7.988224
11258,8.804712
11259,9.929043
11260,7.806588
11261,7.643921
11262,6.039981
11263,8.576201
11264,5.365331
11265,5.012743
11266,8.381973
11267,8.216781
11268,6.442745
11269,8.45531
11270,7.029561
11271,4.943466
11272,6.659183
11273,2.23766
11274,4.587855
11275,6.551575
11276,6.407401
11277,4.996235
11278,7.20118
11279,3.30588
11280,6.070069
11281,1.296278
11282,6.988113
11283,5.432465
11284,6.382645
11285,9.141925
11286,7.063516
11287,6.824276
11288,5.355746
11289,6.365883
11290,7.746773
11291,-4.304445
11292,8.746621
11293,4.835076
11294,9.607346
11295,8.092886
11296,6.578884
11297,8.243081
11298,9.233859
11299,6.249542
11300,5.589893
11301,6.142978
11302,6.350757
11303,6.112693
11304,7.833133
11305,4.91898
11306,8.183529
11307,8.458085
11308,6.733961
11309,7.16747
11310,7.079408
11311,7.4096
11312,7.116916
11313,9.180402
11314,9.465973
11315,5.608967
11316,8.993534
11317,8.935095
11318,5.514461
11319,6.902245
11320,7.126217
11321,5.020542
11322,8.112036
11323,7.26451
11324,8.580318
11325,6.836371
11326,9.464838
11327,7.650726
11328,7.094088
11329,7.096866
11330,7.036927
11331,5.581991
11332,3.595018
11333,4.266646
11334,7.014269
11335,6.688549
11336,4.440044
11337,9.333392
11338,6.743853
11339,5.414266
11340,7.577139
11341,4.98191
11342,6.470807
11343,6.237823
11344,6.240702
11345,8.198786
11346,6.484027
11347,6.023673
11348,8.962226
11349,6.530374
11350,5.996707
11351,9.021238
11352,7.060264
11353,10.850541
11354,5.872422
11355,4.760381
11356,10.669636
11357,8.277257
11358,5.201814
11359,6.290268
11360,7.8802
11361,5.514149
11362,5.528477
11363,7.453084
11364,7.645404
11365,5.075452
11366,4.909105
11367,-4.665441
11368,7.649974
11369,3.473137
11370,3.950364
11371,6.346194
11372,6.571074
11373,6.594687
11374,2.751388
11375,5.028634
11376,7.865606
11377,4.505804
11378,7.302233
11379,10.588224
11380,5.920099
11381,6.878913
11382,8.057923
11383,7.280544
11384,7.367489
11385,6.425272
11386,7.73952
11387,7.597716
11388,4.131667
11389,6.943505
11390,4.223494
11391,5.187575
11392,7.219816
11393,5.605449
11394,-4.455007
11395,6.707675
11396,7.262449
11397,7.218675
11398,7.352953
11399,7.131868
11400,7.759526
11401,9.158993
11402,8.191478
11403,5.588586
11404,6.118483
11405,8.583895
11406,10.704847
11407,6.875685
11408,6.864802
11409,6.193043
11410,7.130267
11411,7.980347
11412,5.903303
11413,5.01916
11414,-5.165215
11415,6.533351
11416,5.99073
11417,6.291041
11418,6.074467
11419,10.103744
11420,5.202878
11421,8.682258
11422,5.670016
11423,8.205153
11424,4.713021
11425,5.83623
11426,6.822834
11427,7.130266
11428,9.715606
11429,8.276043
11430,4.671211
11431,8.991719
11432,7.600862
11433,7.671291
11434,5.633806
11435,8.608388
11436,7.888081
11437,6.81368
11438,5.460481
11439,7.635669
11440,9.694529
11441,6.03948
11442,8.619196
11443,5.804652
11444,5.488672
11445,8.854824
11446,7.543023
11447,6.758263
11448,7.799909
11449,6.797499
11450,4.147367
11451,5.688452
11452,5.22529
11453,6.368769
11454,7.904905
11455,7.449971
11456,4.314281
11457,6.447179
11458,5.768062
11459,7.836926
11460,7.130025
11461,5.764551
11462,6.677577
11463,8.891806
11464,-2.214254
11465,8.625526
11466,8.148523
11467,5.436515
11468,6.929994
11469,7.064794
11470,-16.834993
11471,8.137613
11472,-3.574346
11473,7.156121
11474,7.889419
11475,7.167809
11476,7.885371
11477,7.012271
11478,7.176143
11479,4.754787
11480,6.345025
11481,5.12498
11482,6.541226
11483,8.738111
11484,8.810104
11485,6.857353
11486,5.842078
11487,9.017865
11488,5.476661
11489,9.122456
11490,6.833436
11491,5.406917
11492,8.989334
11493,6.935607
11494,6.351247
11495,6.157016
11496,7.403494
11497,6.547819
11498,4.710569
11499,7.079517
11500,5.19655
11501,7.371746
11502,8.498186
11503,7.475207
11504,6.043163
11505,7.524045
11506,4.376298
11507,8.435691
11508,4.490632
11509,6.191427
11510,4.083933
11511,5.109978
11512,8.264277
11513,6.184636
11514,6.776851
11515,5.861533
11516,6.483942
11517,6.654482
11518,-3.073779
11519,8.528245
11520,7.408849
11521,7.00922
11522,5.011109
11523,8.462234
11524,6.002728
11525,8.846171
11526,7.341644
11527,6.406809
11528,7.169089
11529,5.473266
11530,9.615783
11531,6.304889
11532,3.806148
11533,6.542828
11534,9.524454
11535,8.855996
11536,3.778224
11537,9.686755
11538,4.641354
11539,7.973626
11540,6.877986
11541,7.445037
11542,5.400998
11543,-1.120039
11544,5.387108
11545,7.745086
11546,7.917315
11547,4.887503
11548,7.481822
11549,9.016088
11550,8.633056
11551,7.88801
11552,6.225374
11553,7.398276
11554,6.827012
11555,6.796825
11556,8.229457
11557,7.071767
11558,6.420908
11559,9.175815
11560,9.208099
11561,6.547444
11562,4.599461
11563,8.121344
11564,8.046362
11565,4.859255
11566,6.072321
11567,6.968072
11568,6.308305
11569,7.451338
11570,6.263725
11571,5.203389
11572,8.195397
11573,5.086397
11574,5.391209
11575,8.104129
11576,4.077234
11577,4.671051
11578,7.147483
11579,6.39169
11580,8.484319
11581,8.016831
11582,9.45127
11583,4.890372
11584,6.421309
11585,5.351259
11586,3.323956
11587,8.04999
11588,7.666554
11589,7.304401
11590,-2.90261
11591,5.913585
11592,7.450558
11593,7.788332
11594,7.785493
11595,5.801114
11596,-15.531792
11597,5.771033
11598,8.81072
11599,3.944639
11600,4.520593
11601,6.106008
11602,8.387174
11603,9.288345
11604,5.874439
11605,9.673519
11606,7.45072
11607,7.253552
11608,6.902752
11609,6.954415
11610,8.637487
11611,1.127036
11612,-6.755131
11613,7.937399
11614,7.168808
11615,8.62488
11616,7.0497
11617,7.81783
11618,-2.565904
11619,7.365198
11620,6.457557
11621,9.259019
11622,3.832286
11623,8.466101
11624,7.400151
11625,7.522201
11626,6.006107
11627,4.970209
11628,6.112952
11629,5.440943
11630,5.750469
11631,6.645545
11632,5.680061
11633,6.769042
11634,6.981112
11635,7.056042
11636,5.318239
11637,8.438657
11638,9.088767
11639,7.716866
11640,8.54924
11641,8.337503
11642,10.319745
11643,1.704752
11644,7.006254
11645,9.123166
11646,8.429909
11647,8.702917
11648,7.904123
11649,8.131439
11650,8.261311
11651,6.761422
11652,8.390038
11653,7.939684
11654,6.488457
11655,5.793374
11656,3.912074
11657,6.862597
11658,9.717153
11659,5.570123
11660,6.906155
11661,7.031494
11662,6.682388
11663,5.891144
11664,6.68154
11665,7.583886
11666,5.467385
11667,4.758126
11668,7.054015
11669,7.179129
11670,6.753397
11671,6.48053
11672,7.054723
11673,6.135155
11674,7.983647
11675,6.913869
11676,2.641002
11677,5.897363
11678,9.627856
11679,7.940849
11680,4.969572
11681,8.185932
11682,7.156974
11683,4.342337
11684,7.259126
11685,10.784905
11686,7.325175
11687,6.236863
11688,8.031153
11689,8.822796
11690,6.644317
11691,5.397788
11692,5.804959
11693,8.249994
11694,8.278772
11695,6.210963
11696,4.162339
11697,7.59802
11698,6.173488
11699,-2.292451
11700,9.549541
11701,7.255898
11702,8.461767
11703,6.447108
11704,6.244983
11705,8.296689
11706,7.846269
11707,8.384756
11708,8.860123
11709,5.332239
11710,8.342481
11711,7.254907
11712,6.196323
11713,6.716716
11714,6.806562
11715,8.535347
11716,6.345027
11717,6.734618
11718,3.507387
11719,4.670011
11720,7.759954
11721,-2.541954
11722,7.571814
11723,5.627432
11724,4.808287
11725,6.060773
11726,5.891572
11727,6.151741
11728,8.622882
11729,6.685208
11730,4.526599
11731,7.477354
11732,5.566154
11733,5.991901
11734,4.943697
11735,9.655323
11736,7.576694
11737,6.190619
11738,7.232728
11739,4.956271
11740,7.826253
11741,7.081629
11742,7.364025
11743,3.900139
11744,7.832338
11745,6.861365
11746,5.697494
11747,7.142346
11748,5.009689
11749,9.027415
11750,7.767905
11751,5.223377
11752,-0.870325
11753,5.775659
11754,8.216299
11755,6.752235
11756,9.486204
11757,5.831603
11758,2.345262
11759,8.195661
11760,6.653356
11761,5.875825
11762,6.50784
11763,6.087991
11764,8.988478
11765,4.61769
11766,6.654997
11767,8.30195
11768,7.072423
11769,5.71137
11770,8.533319
11771,5.420185
11772,9.489125
11773,7.403003
11774,7.296865
11775,5.109465
11776,6.01145
11777,8.192715
11778,4.290716
11779,6.937532
11780,6.377256
11781,10.037431
11782,5.667051
11783,5.554356
11784,5.328488
11785,3.725846
11786,7.230774
11787,7.200862
11788,5.40452
11789,7.619045
11790,5.473519
11791,8.112987
11792,5.566346
11793,6.490401
11794,6.13479
11795,7.345192
11796,6.80135
11797,6.842453
11798,6.737318
11799,8.952989
11800,5.801974
11801,8.094651
11802,8.304686
11803,8.2643
11804,9.516679
11805,6.294345
11806,7.858111
11807,-5.521631
11808,7.977204
11809,7.629516
11810,8.341338
11811,4.218678
11812,7.423991
11813,7.77004
11814,7.73195
11815,9.084054
11816,7.488955
11817,8.745015
11818,4.684786
11819,9.288737
11820,8.989536
11821,4.615785
11822,7.219465
11823,10.92985
11824,5.460868
11825,9.18585
11826,4.853215
11827,6.228415
11828,6.282831
11829,8.636819
11830,9.01876
11831,7.570482
11832,7.160598
11833,5.851918
11834,7.527151
11835,7.89423
11836,6.057845
11837,8.357677
11838,8.330361
11839,8.451586
11840,8.120474
11841,6.326884
11842,9.171418
11843,5.963659
11844,6.946129
11845,6.617956
11846,7.396464
11847,4.795117
11848,6.638954
11849,6.420992
11850,8.714486
11851,6.042632
11852,6.171365
11853,7.340332
11854,5.198314
11855,8.546547
11856,4.50555
11857,6.717508
11858,0.86861
11859,-12.716566
11860,8.666812
11861,6.038024
11862,4.36143
11863,6.079613
11864,3.369241
11865,5.279797
11866,8.039306
11867,5.27745
11868,7.769913
11869,6.260239
11870,8.727729
11871,5.252863
11872,8.808095
11873,6.245932
11874,6.255423
11875,6.900019
11876,6.610224
11877,6.199552
11878,5.911373
11879,6.809357
11880,6.480556
11881,7.51145
11882,9.001387
11883,-4.69574
11884,5.190964
11885,8.458617
11886,7.606679
11887,-1.282845
11888,5.431598
11889,7.854434
11890,6.807029
11891,5.681368
11892,8.477045
11893,8.929021
11894,7.310625
11895,8.799866
11896,8.916525
11897,4.939473
11898,4.797352
11899,6.308761
11900,5.862377
11901,5.526786
11902,7.728308
11903,6.551616
11904,5.908415
11905,4.819737
11906,9.298241
11907,6.389665
11908,-4.880803
11909,5.726389
11910,6.527603
11911,6.480038
11912,8.351538
11913,9.314299
11914,7.622394
11915,4.727932
11916,8.190115
11917,6.371109
11918,6.867207
11919,8.535187
11920,7.69832
11921,5.60276
11922,6.054483
11923,6.280935
11924,6.087547
11925,7.617779
11926,7.006747
11927,3.233349
11928,5.21052
11929,7.108197
11930,6.827546
11931,7.604006
11932,9.649862
11933,8.797994
11934,7.244862
11935,5.685496
11936,7.806452
11937,7.359248
11938,10.021463
11939,5.275442
11940,6.313811
11941,6.14086
11942,8.324354
11943,6.531273
11944,7.630813
11945,7.133565
11946,6.903776
11947,5.06791
11948,9.356922
11949,7.295788
11950,10.146637
11951,7.390465
11952,8.828645
11953,6.044591
11954,6.066305
11955,7.759612
11956,4.979559
11957,5.486318
11958,8.388839
11959,9.06518
11960,5.872856
11961,5.929464
11962,6.076701
11963,7.345681
11964,7.349872
11965,8.276683
11966,7.997555
11967,6.190225
11968,8.023623
11969,4.159433
11970,8.384048
11971,8.621221
11972,6.502775
11973,8.0981
11974,6.857303
11975,8.149464
11976,8.746545
11977,5.439291
11978,8.851464
11979,4.786429
11980,6.775421
11981,5.279782
11982,7.963155
11983,3.650302
11984,6.312412
11985,7.920227
11986,7.654187
11987,6.762692
11988,-4.386865
11989,7.169448
11990,3.981125
11991,5.818263
11992,7.751638
11993,9.147974
11994,6.197141
11995,7.244313
11996,4.273825
11997,8.189628
11998,7.86795
11999,8.60021
12000,6.176287
12001,8.606113
12002,6.854209
12003,4.653179
12004,5.413733
12005,6.059487
12006,5.616144
12007,4.952323
12008,4.691176
12009,6.610918
12010,6.944416
12011,7.17053
12012,8.572836
12013,-1.241414
12014,6.981944
12015,7.196195
12016,8.761498
12017,6.401257
12018,8.266651
12019,9.58255
12020,5.865774
12021,5.692488
12022,5.487044
12023,7.094233
12024,7.023898
12025,9.829011
12026,7.560546
12027,6.272172
12028,6.690758
12029,7.434039
12030,6.705309
12031,7.009905
12032,9.227062
12033,6.655203
12034,6.756191
12035,8.336567
12036,7.356989
12037,5.927364
12038,7.474428
12039,7.833456
12040,5.334419
12041,7.089327
12042,6.264986
12043,7.432958
12044,7.080516
12045,7.750317
12046,6.016996
12047,6.939842
12048,7.018581
12049,9.484928
12050,6.048661
12051,5.296481
12052,7.193405
12053,8.098532
12054,4.211433
12055,8.022618
12056,4.51047
12057,6.993639
12058,8.639886
12059,7.070309
12060,4.95408
12061,6.107297
12062,8.370677
12063,7.815259
12064,4.510823
12065,5.227966
12066,8.409322
12067,6.711169
12068,9.414011
12069,8.304025
12070,5.56687
12071,5.372875
12072,6.757152
12073,6.555802
12074,4.103971
12075,8.673459
12076,6.451204
12077,7.16905
12078,5.379648
12079,8.475635
12080,8.960313
12081,7.409
12082,8.244177
12083,7.914361
12084,7.957691
12085,-8.333467
12086,6.673838
12087,6.961073
12088,9.025526
12089,5.752416
12090,1.980783
12091,6.797182
12092,7.827455
12093,4.490035
12094,5.095241
12095,9.386945
12096,7.438889
12097,9.160545
12098,4.938163
12099,8.418117
12100,7.105647
12101,7.191692
12102,6.93812
12103,5.370615
12104,6.533676
12105,8.72677
12106,8.478777
12107,7.008689
12108,8.036777
12109,5.926572
12110,5.406503
12111,7.061494
12112,6.326325
12113,9.614053
12114,6.394437
12115,8.324598
12116,5.30101
12117,7.304947
12118,4.824354
12119,7.822673
12120,8.434432
12121,7.128004
12122,6.358955
12123,9.507047
12124,8.340891
12125,7.006573
12126,7.140006
12127,8.994668
12128,7.756263
12129,9.161172
12130,6.952385
12131,5.461795
12132,8.562307
12133,8.335876
12134,7.443749
12135,5.945892
12136,5.970611
12137,-0.447525
12138,6.284481
12139,5.450704
12140,9.451185
12141,6.444316
12142,7.161847
12143,9.059995
12144,7.376637
12145,8.190547
12146,1.086539
12147,7.567184
12148,6.751298
12149,8.084902
12150,6.422515
12151,11.160673
12152,6.931066
12153,9.305493
12154,9.763632
12155,4.624249
12156,10.064294
12157,8.150996
12158,6.36797
12159,6.686247
12160,2.603251
12161,3.926257
12162,5.497688
12163,7.245072
12164,5.693502
12165,7.759991
12166,7.292661
12167,6.383965
12168,5.280383
12169,3.314354
12170,6.540675
12171,7.876717
12172,7.107748
12173,5.32723
12174,7.987284
12175,5.641744
12176,7.767112
12177,7.892883
12178,0.278181
12179,9.849077
12180,6.880382
12181,3.962283
12182,7.202477
12183,7.865317
12184,6.190346
12185,7.793405
12186,4.623067
12187,7.095461
12188,7.326713
12189,7.896882
12190,8.39676
12191,7.775594
12192,9.823114
12193,6.251521
12194,4.845491
12195,4.569878
12196,6.499694
12197,8.015301
12198,7.489979
12199,7.097769
12200,7.739073
12201,6.172153
12202,7.147475
12203,8.043495
12204,6.267748
12205,7.644503
12206,12.030518
12207,3.297215
12208,4.797636
12209,6.351608
12210,5.781782
12211,7.853848
12212,9.232538
12213,7.077848
12214,7.002968
12215,7.569638
12216,8.996229
12217,4.991212
12218,6.829302
12219,7.919725
12220,8.827385
12221,7.245113
12222,8.128257
12223,7.355152
12224,6.268443
12225,5.850191
12226,5.805769
12227,5.974446
12228,5.461316
12229,9.401737
12230,5.746062
12231,7.062862
12232,10.169478
12233,6.847604
12234,-5.084005
12235,6.821852
12236,8.536904
12237,6.33569
12238,6.860126
12239,7.010966
12240,7.060906
12241,7.709572
12242,9.91413
12243,9.918177
12244,5.622951
12245,6.598919
12246,6.982795
12247,9.729163
12248,6.918333
12249,4.435354
12250,5.402045
12251,6.400253
12252,6.833591
12253,5.253867
12254,6.718851
12255,-3.144128
12256,7.229019
12257,7.862493
12258,8.000379
12259,6.787814
12260,1.645241
12261,9.127709
12262,8.98501
12263,6.88986
12264,7.465383
12265,-1.654109
12266,4.184478
12267,5.898276
12268,5.461572
12269,7.537929
12270,9.082126
12271,9.150773
12272,3.674664
12273,7.871132
12274,6.426712
12275,5.462111
12276,5.419003
12277,7.280368
12278,6.672066
12279,4.540962
12280,6.755978
12281,8.222984
12282,5.499248
12283,7.359685
12284,9.020613
12285,9.033082
12286,7.271202
12287,9.981573
12288,6.763726
12289,8.386025
12290,4.692317
12291,7.665411
12292,6.22216
12293,7.393955
12294,4.582009
12295,7.964863
12296,8.425678
12297,7.376553
12298,4.906468
12299,8.721028
12300,7.651555
12301,6.529327
12302,8.714163
12303,7.019048
12304,9.063426
12305,7.194289
12306,6.522967
12307,10.463606
12308,5.848185
12309,9.320526
12310,7.627498
12311,7.143756
12312,7.021093
12313,8.50628
12314,9.768245
12315,10.303007
12316,7.987402
12317,8.445285
12318,5.720073
12319,7.668172
12320,6.65872
12321,7.96054
12322,8.16512
12323,7.907752
12324,10.357463
12325,9.102748
12326,6.933206
12327,7.961946
12328,8.139884
12329,7.654829
12330,4.624649
12331,7.41486
12332,6.005376
12333,7.686384
12334,6.703392
12335,6.0188
12336,6.588853
12337,5.538099
12338,4.580471
12339,6.558027
12340,7.145234
12341,5.773911
12342,5.981767
12343,5.973646
12344,6.209076
12345,2.367484
12346,6.44983
12347,9.192093
12348,7.800379
12349,6.395317
12350,6.503011
12351,5.680267
12352,8.170878
12353,6.959845
12354,7.597744
12355,9.083704
12356,6.213084
12357,5.783027
12358,8.099647
12359,6.747827
12360,6.024966
12361,6.501787
12362,7.699475
12363,7.334792
12364,7.120691
12365,5.720076
12366,5.785302
12367,7.576686
12368,7.568368
12369,7.384247
12370,6.914617
12371,9.672001
12372,6.322782
12373,4.816907
12374,6.732444
12375,8.156473
12376,10.169755
12377,9.178332
12378,8.988116
12379,3.271732
12380,7.621792
12381,6.595674
12382,8.155032
12383,9.685675
12384,8.516458
12385,6.579438
12386,1.763569
12387,7.716654
12388,8.271327
12389,4.727694
12390,5.427742
12391,8.812648
12392,9.955671
12393,7.226327
12394,5.670716
12395,6.670752
12396,9.508398
12397,7.903181
12398,8.25558
12399,5.344392
12400,8.767968
12401,5.902867
12402,7.389277
12403,5.340315
12404,6.678785
12405,4.52641
12406,7.221541
12407,6.15646
12408,9.631691
12409,6.971657
12410,4.893187
12411,7.70367
12412,9.397251
12413,5.632508
12414,8.370038
12415,4.555372
12416,7.121572
12417,5.775026
12418,5.954477
12419,8.420931
12420,7.434256
12421,6.254794
12422,-1.84666
12423,8.114842
12424,6.721082
12425,6.278201
12426,4.982115
12427,6.959077
12428,8.460549
12429,5.294721
12430,6.911093
12431,7.925822
12432,9.017131
12433,5.057782
12434,5.346708
12435,11.246506
12436,6.41787
12437,7.856638
12438,6.084541
12439,7.216882
12440,4.038766
12441,7.196093
12442,6.710122
12443,6.362424
12444,8.053617
12445,7.484087
12446,4.579637
12447,7.689583
12448,-5.149282
12449,8.616568
12450,6.627336
12451,8.900154
12452,5.692677
12453,4.699192
12454,6.712565
12455,4.877858
12456,7.233674
12457,7.196123
12458,6.314933
12459,8.648192
12460,8.128033
12461,7.505952
12462,5.961615
12463,7.690177
12464,9.249271
12465,4.845604
12466,7.656815
12467,7.307963
12468,6.99843
12469,3.881127
12470,8.328184
12471,6.531004
12472,7.386698
12473,6.381072
12474,6.002712
12475,5.531201
12476,7.853194
12477,8.079858
12478,-2.828192
12479,6.262076
12480,5.852553
12481,8.675497
12482,5.588484
12483,4.584916
12484,9.808944
12485,9.203154
12486,8.184949
12487,4.141694
12488,7.333659
12489,7.670197
12490,8.93566
12491,9.086689
12492,8.195365
12493,8.904025
12494,8.253733
12495,6.0578
12496,5.539901
12497,7.035299
12498,8.434742
12499,5.769717
12500,7.693472
12501,5.397656
12502,7.951262
12503,6.754381
12504,3.955492
12505,5.038967
12506,7.514755
12507,9.540344
12508,7.573142
12509,8.66197
12510,7.310712
12511,7.703003
12512,8.524988
12513,3.991668
12514,6.75953
12515,8.229168
12516,5.241315
12517,5.634166
12518,8.782311
12519,4.4183
12520,6.240118
12521,7.369808
12522,7.931196
12523,7.494462
12524,8.458763
12525,7.504654
12526,9.99776
12527,4.138134
12528,6.7977
12529,5.147916
12530,7.996917
12531,7.637429
12532,6.140686
12533,8.078874
12534,5.153746
12535,7.937127
12536,7.662685
12537,5.841712
12538,5.106913
12539,8.484441
12540,6.136905
12541,7.186298
12542,9.072206
12543,7.649004
12544,4.975444
12545,9.15573
12546,6.439079
12547,7.236655
12548,7.704017
12549,9.190036
12550,8.666307
12551,6.971439
12552,5.789556
12553,5.981338
12554,7.896083
12555,-4.56515
12556,9.275064
12557,6.699602
12558,6.669735
12559,8.025308
12560,8.960216
12561,-14.323858
12562,6.869426
12563,8.503104
12564,3.771997
12565,8.375907
12566,7.000751
12567,6.50163
12568,3.919771
12569,4.974802
12570,6.757876
12571,6.594398
12572,8.818842
12573,9.692489
12574,8.654938
12575,8.496775
12576,5.662095
12577,4.180711
12578,7.755118
12579,6.353109
12580,7.23488
12581,3.27601
12582,7.720207
12583,8.107077
12584,8.529894
12585,9.136858
12586,8.566073
12587,5.23182
12588,6.623829
12589,5.966377
12590,6.497287
12591,7.867535
12592,7.501023
12593,6.001235
12594,5.88699
12595,9.281493
12596,7.882723
12597,5.202935
12598,8.306993
12599,7.963182
12600,9.26531
12601,7.662724
12602,7.931111
12603,8.038612
12604,-3.776008
12605,5.791737
12606,8.613757
12607,6.760849
12608,7.716103
12609,8.651767
12610,7.084966
12611,8.29423
12612,9.508454
12613,8.454682
12614,5.543525
12615,8.570187
12616,7.036242
12617,5.412569
12618,6.324643
12619,7.691825
12620,6.212832
12621,6.123078
12622,6.719166
12623,6.731817
12624,5.349597
12625,8.383583
12626,7.060685
12627,6.660806
12628,7.26585
12629,7.790444
12630,10.064626
12631,7.396364
12632,8.613636
12633,5.639837
12634,6.93978
12635,7.425559
12636,5.332531
12637,7.82961
12638,6.355896
12639,8.150676
12640,8.684685
12641,5.917624
12642,7.714437
12643,3.527363
12644,-4.210176
12645,7.633525
12646,7.446858
12647,7.090344
12648,5.500752
12649,7.721244
12650,7.428963
12651,3.9096
12652,7.226817
12653,5.970982
12654,6.333088
12655,8.199091
12656,9.342505
12657,5.414077
12658,5.848653
12659,6.411516
12660,5.561361
12661,8.188017
12662,8.093727
12663,7.947948
12664,4.59853
12665,8.417886
12666,8.288141
12667,7.184934
12668,7.859764
12669,5.941419
12670,8.105338
12671,8.5199
12672,7.371217
12673,4.303553
12674,6.592762
12675,7.437139
12676,8.985367
12677,6.948838
12678,6.492113
12679,2.991517
12680,7.547871
12681,9.84096
12682,6.600635
12683,5.449013
12684,5.861317
12685,9.703546
12686,5.927
12687,5.232332
12688,5.92903
12689,6.207172
12690,7.334582
12691,5.231858
12692,3.220291
12693,9.86688
12694,6.035426
12695,7.612109
12696,10.007217
12697,5.563346
12698,6.810046
12699,7.296951
12700,5.705768
12701,5.573147
12702,7.596435
12703,5.164949
12704,6.729457
12705,5.645445
12706,4.318805
12707,5.847728
12708,8.58898
12709,6.987481
12710,5.15577
12711,7.764495
12712,5.671165
12713,-4.70234
12714,8.905006
12715,9.353173
12716,5.735315
12717,8.901371
12718,6.23538
12719,3.945288
12720,8.795861
12721,4.507075
12722,8.711179
12723,6.826526
12724,7.031909
12725,7.026069
12726,7.286905
12727,6.461601
12728,-3.93407
12729,6.178974
12730,5.888854
12731,6.005063
12732,5.847924
12733,5.233065
12734,8.929146
12735,6.273875
12736,4.119136
12737,7.741385
12738,5.746834
12739,6.889406
12740,10.317085
12741,4.78435
12742,7.12496
12743,-5.574511
12744,8.331774
12745,7.060671
12746,7.969891
12747,8.993622
12748,6.101613
12749,8.174695
12750,7.94435
12751,7.021031
12752,6.150498
12753,8.145531
12754,4.691309
12755,8.690123
12756,5.759112
12757,5.510022
12758,6.920388
12759,4.596673
12760,8.116872
12761,5.775451
12762,8.243062
12763,6.661024
12764,6.16186
12765,8.227172
12766,7.454633
12767,7.44668
12768,6.917889
12769,7.271292
12770,8.545641
12771,5.681416
12772,7.390616
12773,7.339904
12774,6.031061
12775,9.220962
12776,4.576622
12777,6.144258
12778,9.16055
12779,5.713627
12780,6.587786
12781,6.714001
12782,9.159923
12783,6.812975
12784,2.9295
12785,7.60307
12786,6.060501
12787,-5.093343
12788,5.705962
12789,8.466862
12790,5.849805
12791,7.886332
12792,6.251275
12793,6.508461
12794,8.409601
12795,4.69212
12796,6.628921
12797,8.012878
12798,8.112933
12799,7.553433
12800,8.734873
12801,6.480059
12802,8.266935
12803,5.432263
12804,7.740973
12805,9.581801
12806,8.964237
12807,5.650221
12808,9.62651
12809,7.759061
12810,7.813789
12811,6.792174
12812,7.779174
12813,6.835378
12814,7.634303
12815,7.5126
12816,4.548334
12817,5.39104
12818,6.772835
12819,5.980441
12820,2.73932
12821,8.430109
12822,6.596501
12823,6.203355
12824,6.471607
12825,4.953283
12826,6.332166
12827,-6.851867
12828,7.048285
12829,8.756612
12830,7.079092
12831,4.089702
12832,7.394979
12833,4.572324
12834,7.55778
12835,8.512796
12836,4.151568
12837,8.92782
12838,8.115572
12839,5.78621
12840,6.327711
12841,6.368169
12842,6.991676
12843,8.88579
12844,5.325161
12845,5.486497
12846,9.473506
12847,4.496217
12848,5.619801
12849,4.363261
12850,8.835837
12851,5.833244
12852,4.327157
12853,8.68761
12854,7.303397
12855,8.106111
12856,9.227302
12857,5.928334
12858,6.224147
12859,4.971125
12860,9.591806
12861,6.589974
12862,8.563866
12863,7.91387
12864,8.696916
12865,9.791177
12866,7.845497
12867,10.362979
12868,8.792388
12869,10.89991
12870,9.160909
12871,7.114931
12872,4.923897
12873,8.680863
12874,7.740491
12875,-3.749549
12876,6.133246
12877,5.823462
12878,8.547262
12879,10.235052
12880,8.761365
12881,7.89361
12882,6.570797
12883,6.75935
12884,5.798057
12885,5.232372
12886,6.537698
12887,7.124064
12888,9.866352
12889,6.245234
12890,7.961842
12891,7.039917
12892,-9.630188
12893,6.353624
12894,10.479577
12895,7.758279
12896,6.769049
12897,8.092854
12898,9.153538
12899,6.407152
12900,8.660084
12901,6.58877
12902,5.646946
12903,5.364426
12904,7.164241
12905,9.119821
12906,4.9602
12907,3.834385
12908,6.237301
12909,5.25739
12910,-10.171208
12911,6.433161
12912,9.334985
12913,0.030003
12914,6.481805
12915,7.903048
12916,7.830977
12917,7.145582
12918,7.757727
12919,6.983845
12920,5.276749
12921,8.380633
12922,4.968079
12923,7.361054
12924,6.47438
12925,6.894442
12926,6.338464
12927,8.353604
12928,8.440497
12929,3.844118
12930,7.292319
12931,7.448386
12932,6.684888
12933,6.880838
12934,6.403532
12935,8.013647
12936,5.909131
12937,6.326291
12938,6.974834
12939,8.704607
12940,7.120905
12941,8.999784
12942,3.668011
12943,8.122707
12944,6.416084
12945,6.405211
12946,7.785261
12947,8.502045
12948,6.782443
12949,8.459221
12950,7.081624
12951,9.397485
12952,8.602494
12953,-15.611801
12954,8.390195
12955,7.814263
12956,9.541864
12957,4.079074
12958,8.981524
12959,6.820536
12960,7.666591
12961,2.687246
12962,6.242287
12963,7.075562
12964,7.071098
12965,7.498862
12966,5.718977
12967,7.711305
12968,10.326819
12969,8.220241
12970,4.411944
12971,6.030119
12972,4.342594
12973,8.109569
12974,7.103977
12975,8.755851
12976,7.427521
12977,6.079712
12978,6.025637
12979,10.157076
12980,7.501553
12981,8.968283
12982,5.789213
12983,6.044448
12984,7.351608
12985,8.292137
12986,7.252965
12987,6.558899
12988,8.092074
12989,6.207592
12990,7.531659
12991,7.800235
12992,7.220372
12993,5.20929
12994,2.607064
12995,6.222211
12996,8.015384
12997,8.953625
12998,-7.427962
12999,8.34495
13000,7.795406
13001,6.698443
13002,0.910769
13003,10.008497
13004,6.626016
13005,5.51709
13006,8.808069
13007,8.328726
13008,8.461901
13009,5.770825
13010,7.097531
13011,8.204553
13012,6.854673
13013,5.36053
13014,7.960091
13015,7.071025
13016,9.427904
13017,7.320716
13018,7.532251
13019,4.560988
13020,8.269023
13021,7.153587
13022,7.536914
13023,-6.763779
13024,6.516454
13025,6.709109
13026,8.379762
13027,7.086313
13028,7.458048
13029,7.23043
13030,7.952239
13031,5.663248
13032,4.53983
13033,5.439748
13034,9.022687
13035,4.513073
13036,5.026037
13037,6.77596
13038,7.649391
13039,6.87143
13040,7.246471
13041,4.900193
13042,7.893916
13043,5.377151
13044,6.902827
13045,7.819262
13046,6.723974
13047,7.468812
13048,5.377394
13049,9.007947
13050,3.663533
13051,6.378115
13052,9.188667
13053,8.148979
13054,8.146025
13055,7.431414
13056,7.046454
13057,8.812496
13058,6.206421
13059,6.725528
13060,6.354632
13061,8.010502
13062,6.287051
13063,7.139076
13064,6.748277
13065,-4.899775
13066,4.706245
13067,5.443369
13068,4.583858
13069,8.740316
13070,6.33503
13071,8.12169
13072,7.855425
13073,5.517739
13074,7.122541
13075,9.297711
13076,5.467963
13077,6.078061
13078,4.405641
13079,10.002201
13080,8.909711
13081,9.260146
13082,7.693962
13083,7.756387
13084,7.545425
13085,5.391475
13086,6.919382
13087,8.385585
13088,7.237687
13089,4.579576
13090,8.664218
13091,3.275371
13092,8.635205
13093,4.486503
13094,4.755724
13095,5.042272
13096,6.965342
13097,6.075329
13098,2.817994
13099,6.403531
13100,9.404333
13101,9.928027
13102,5.451974
13103,8.009799
13104,7.149004
13105,2.982456
13106,7.194259
13107,-15.76773
13108,8.788775
13109,3.903926
13110,8.136059
13111,9.62701
13112,3.777191
13113,7.437013
13114,6.146116
13115,6.145211
13116,6.663312
13117,4.967059
13118,7.307017
13119,4.966767
13120,7.311207
13121,6.666491
13122,6.428113
13123,6.568299
13124,7.872107
13125,5.243015
13126,4.655656
13127,4.209737
13128,8.525836
13129,6.837301
13130,5.429253
13131,7.743873
13132,5.71067
13133,7.390777
13134,6.645574
13135,5.108922
13136,6.146825
13137,7.514049
13138,6.45207
13139,5.564123
13140,8.407707
13141,6.935268
13142,6.650256
13143,7.599093
13144,9.409721
13145,7.985954
13146,5.502786
13147,6.652852
13148,7.272323
13149,5.512361
13150,9.578754
13151,9.404587
13152,7.751511
13153,5.226923
13154,8.388089
13155,5.833881
13156,8.227096
13157,7.594305
13158,7.893467
13159,7.082326
13160,7.103149
13161,5.934387
13162,7.8785
13163,10.264139
13164,8.174435
13165,10.248728
13166,6.70353
13167,6.029307
13168,6.557988
13169,-3.231467
13170,9.089248
13171,5.951807
13172,8.218319
13173,6.542255
13174,7.016022
13175,8.839997
13176,9.380306
13177,8.831959
13178,6.936305
13179,9.946599
13180,5.350811
13181,7.99052
13182,8.134183
13183,7.012136
13184,7.503803
13185,8.861654
13186,8.877728
13187,6.549324
13188,7.05006
13189,8.901819
13190,8.570076
13191,4.772159
13192,6.666181
13193,7.860666
13194,7.442781
13195,7.926094
13196,9.075447
13197,8.568372
13198,7.258562
13199,3.9411
13200,5.54683
13201,4.839942
13202,7.247042
13203,8.884325
13204,9.646231
13205,8.086347
13206,9.021414
13207,5.759718
13208,5.812618
13209,9.070398
13210,6.153284
13211,9.274684
13212,6.02928
13213,6.774472
13214,5.929105
13215,6.46005
13216,5.593989
13217,7.460349
13218,6.463977
13219,7.152695
13220,5.123236
13221,4.760837
13222,6.83953
13223,8.625794
13224,6.132666
13225,7.751578
13226,8.899712
13227,8.664073
13228,6.744018
13229,7.369477
13230,7.300324
13231,7.980565
13232,7.311416
13233,8.176428
13234,7.907193
13235,7.417442
13236,8.744614
13237,5.992898
13238,7.902983
13239,5.11119
13240,7.796814
13241,5.8784
13242,6.426682
13243,5.873465
13244,7.251441
13245,6.257565
13246,5.896834
13247,6.958072
13248,8.631814
13249,9.594116
13250,7.42953
13251,5.828547
13252,5.911904
13253,8.08069
13254,5.334753
13255,7.755889
13256,5.369
13257,8.273998
13258,8.495599
13259,8.795559
13260,8.490049
13261,5.02008
13262,8.105303
13263,5.88565
13264,8.204366
13265,4.795622
13266,6.335333
13267,5.097538
13268,6.467425
13269,8.256175
13270,5.098574
13271,8.046961
13272,7.133966
13273,5.919029
13274,8.151511
13275,5.450515
13276,9.030661
13277,8.884549
13278,9.514858
13279,7.153961
13280,5.708574
13281,6.936594
13282,1.800257
13283,4.51596
13284,6.193893
13285,5.62203
13286,7.590731
13287,5.32437
13288,6.17406
13289,8.785011
13290,7.110319
13291,8.926152
13292,5.98578
13293,4.816677
13294,8.19885
13295,2.837345
13296,7.31845
13297,6.38436
13298,7.643788
13299,6.404458
13300,5.082541
13301,11.183172
13302,6.940879
13303,8.090163
13304,5.979492
13305,7.513914
13306,6.76274
13307,7.127328
13308,7.777864
13309,6.96892
13310,7.685473
13311,7.824956
13312,9.386378
13313,8.761445
13314,6.811307
13315,8.408077
13316,6.36914
13317,7.604709
13318,7.829863
13319,9.666834
13320,5.05165
13321,7.679237
13322,8.237105
13323,7.811544
13324,9.21869
13325,6.52874
13326,6.002799
13327,7.274019
13328,4.593453
13329,4.76648
13330,7.856259
13331,4.813157
13332,5.332707
13333,7.373639
13334,8.08646
13335,6.109701
13336,8.786261
13337,9.012267
13338,8.131385
13339,9.415776
13340,4.594583
13341,6.620302
13342,10.010848
13343,8.709749
13344,4.777078
13345,7.656637
13346,7.212961
13347,8.775057
13348,7.188339
13349,5.097554
13350,5.664728
13351,4.991367
13352,7.621667
13353,6.832578
13354,7.130097
13355,8.491987
13356,5.344748
13357,6.091193
13358,4.757725
13359,6.157362
13360,7.776189
13361,7.130185
13362,6.859224
13363,5.71493
13364,6.314137
13365,6.178487
13366,9.697288
13367,7.639347
13368,8.873667
13369,5.251688
13370,5.117482
13371,6.78407
13372,3.837926
13373,5.786295
13374,6.744487
13375,7.615459
13376,3.0427
13377,8.460289
13378,6.725626
13379,6.754098
13380,6.033148
13381,7.906817
13382,9.346229
13383,5.978457
13384,8.097678
13385,5.383658
13386,5.501752
13387,8.054668
13388,8.848012
13389,8.037517
13390,5.706258
13391,8.555271
13392,7.551821
13393,6.241064
13394,6.563348
13395,2.751334
13396,2.788892
13397,7.239028
13398,7.307403
13399,6.503169
13400,8.680972
13401,5.786316
13402,6.745929
13403,7.203534
13404,6.749623
13405,5.219085
13406,6.909052
13407,7.930785
13408,8.29804
13409,7.893936
13410,5.227619
13411,7.89453
13412,6.718399
13413,5.719379
13414,6.461739
13415,6.774037
13416,7.633125
13417,5.222508
13418,7.389035
13419,8.049288
13420,8.313275
13421,7.198029
13422,6.659781
13423,5.995284
13424,7.127824
13425,10.216091
13426,5.735948
13427,7.653407
13428,4.98781
13429,7.549125
13430,5.267071
13431,4.568904
13432,6.179268
13433,8.205769
13434,8.244929
13435,7.829347
13436,5.071963
13437,7.044937
13438,7.724009
13439,7.418578
13440,6.087834
13441,5.978652
13442,-4.608624
13443,5.473004
13444,5.384918
13445,6.682528
13446,8.096782
13447,6.818135
13448,6.650571
13449,5.077036
13450,6.123278
13451,6.90967
13452,8.035965
13453,2.574463
13454,8.19201
13455,7.329835
13456,6.06939
13457,4.525106
13458,8.435236
13459,8.203307
13460,5.703902
13461,8.378182
13462,5.798566
13463,9.450769
13464,8.594764
13465,9.600609
13466,7.170903
13467,5.694779
13468,6.275493
13469,8.690792
13470,7.366144
13471,9.172167
13472,4.199511
13473,9.422846
13474,6.173219
13475,7.406139
13476,5.820905
13477,4.061791
13478,7.844689
13479,7.3277
13480,5.125809
13481,-2.199865
13482,8.684275
13483,6.920381
13484,8.060022
13485,6.650146
13486,7.544776
13487,6.774314
13488,3.478781
13489,6.672956
13490,6.033239
13491,7.372976
13492,8.569698
13493,9.955732
13494,5.705599
13495,7.350349
13496,7.575865
13497,8.210955
13498,7.483312
13499,8.502157
13500,6.96326
13501,-3.746834
13502,9.963147
13503,4.581064
13504,4.31611
13505,4.954187
13506,8.609263
13507,6.730037
13508,8.58377
13509,6.185053
13510,8.562514
13511,8.845947
13512,6.328628
13513,7.230133
13514,5.738072
13515,6.486836
13516,6.479669
13517,6.447639
13518,5.472057
13519,6.491041
13520,1.498921
13521,4.984172
13522,7.400212
13523,8.726039
13524,-1.836818
13525,11.534895
13526,7.567055
13527,5.174785
13528,3.309754
13529,9.858983
13530,5.683029
13531,8.215944
13532,3.370771
13533,4.375503
13534,9.295603
13535,6.834551
13536,6.958745
13537,9.044858
13538,8.172474
13539,7.922794
13540,6.644689
13541,7.860634
13542,8.72662
13543,7.547937
13544,9.449064
13545,8.733169
13546,4.423405
13547,7.929866
13548,-2.173066
13549,6.582518
13550,3.348891
13551,9.027958
13552,9.920513
13553,6.369705
13554,6.745831
13555,8.752156
13556,7.316973
13557,7.845916
13558,7.555022
13559,6.380764
13560,9.699302
13561,7.766072
13562,6.291775
13563,7.479078
13564,-10.395246
13565,6.626141
13566,6.604201
13567,5.596213
13568,-13.663413
13569,6.746127
13570,2.566663
13571,4.882612
13572,8.836424
13573,6.950292
13574,6.995219
13575,8.106285
13576,6.775838
13577,5.216073
13578,5.978545
13579,9.254393
13580,6.559027
13581,7.425645
13582,9.966857
13583,8.762243
13584,8.849104
13585,5.598025
13586,7.265411
13587,4.165795
13588,4.296223
13589,7.925447
13590,5.473729
13591,8.060687
13592,4.501604
13593,7.348576
13594,5.361604
13595,5.746801
13596,5.214952
13597,7.241157
13598,9.627799
13599,7.779708
13600,7.328313
13601,8.556177
13602,6.465359
13603,7.877367
13604,7.503694
13605,7.33102
13606,-4.866028
13607,7.07716
13608,7.78432
13609,6.282097
13610,1.540884
13611,4.456254
13612,10.556719
13613,5.190894
13614,4.083659
13615,8.64958
13616,8.944941
13617,6.907529
13618,8.448301
13619,8.425666
13620,7.013757
13621,8.667714
13622,8.208998
13623,7.229864
13624,6.282852
13625,7.401129
13626,10.161059
13627,7.350641
13628,5.780643
13629,7.79093
13630,7.369826
13631,7.576602
13632,6.258608
13633,6.711516
13634,6.279527
13635,7.103871
13636,6.356693
13637,8.255663
13638,6.740201
13639,6.276652
13640,6.14612
13641,8.938954
13642,7.070172
13643,5.067926
13644,4.297482
13645,7.524317
13646,4.833543
13647,6.804578
13648,9.03368
13649,9.099499
13650,8.024516
13651,-4.398526
13652,3.869628
13653,6.603464
13654,4.502142
13655,-3.917835
13656,7.182841
13657,4.183579
13658,6.752379
13659,7.212407
13660,8.630336
13661,5.746852
13662,8.696399
13663,5.141682
13664,9.824987
13665,5.387886
13666,5.210035
13667,7.701894
13668,6.119826
13669,5.951921
13670,10.076635
13671,9.006016
13672,7.102639
13673,6.760089
13674,6.696229
13675,7.145592
13676,7.188155
13677,6.960232
13678,8.676313
13679,8.747392
13680,7.853336
13681,6.434545
13682,6.248263
13683,6.794461
13684,6.764863
13685,7.304879
13686,9.709314
13687,7.007586
13688,6.09804
13689,7.809677
13690,8.124349
13691,6.314696
13692,4.911235
13693,5.608746
13694,4.709128
13695,8.192935
13696,7.302339
13697,7.858232
13698,7.80383
13699,4.151315
13700,6.515949
13701,6.871242
13702,-3.722037
13703,4.886418
13704,5.395753
13705,8.520094
13706,6.013521
13707,8.545508
13708,7.494834
13709,8.80793
13710,7.025792
13711,8.712534
13712,6.052024
13713,8.846719
13714,7.285132
13715,8.227374
13716,8.216034
13717,5.378599
13718,4.665425
13719,5.747879
13720,8.148885
13721,6.922454
13722,6.727948
13723,5.756524
13724,7.3473
13725,7.493744
13726,7.159021
13727,7.176904
13728,6.967907
13729,8.347786
13730,7.383101
13731,5.347157
13732,-3.319054
13733,7.882032
13734,5.537741
13735,7.495711
13736,-5.280582
13737,7.740046
13738,6.409518
13739,7.644953
13740,8.49788
13741,7.627069
13742,5.867647
13743,6.152987
13744,9.277497
13745,5.940262
13746,5.940387
13747,5.120144
13748,7.785878
13749,6.890322
13750,6.184348
13751,8.369346
13752,6.920858
13753,7.807714
13754,6.271259
13755,4.68533
13756,6.975934
13757,8.92071
13758,7.678686
13759,7.575272
13760,8.22894
13761,6.13072
13762,5.084448
13763,5.022975
13764,6.567873
13765,5.71437
13766,7.434748
13767,5.320675
13768,8.510861
13769,5.519161
13770,7.760803
13771,5.243057
13772,6.42919
13773,7.774331
13774,5.843026
13775,6.97654
13776,7.55016
13777,7.128989
13778,3.028595
13779,7.951104
13780,4.696068
13781,8.649782
13782,6.170731
13783,7.289569
13784,9.709878
13785,6.804351
13786,10.158512
13787,7.421329
13788,6.782039
13789,3.409998
13790,8.337409
13791,5.324285
13792,8.150109
13793,4.118799
13794,8.160782
13795,7.869743
13796,7.505827
13797,5.449944
13798,8.380208
13799,5.304145
13800,9.570322
13801,7.229469
13802,5.810426
13803,9.774643
13804,5.206125
13805,8.463443
13806,7.729123
13807,7.613977
13808,7.425537
13809,8.94214
13810,7.705329
13811,6.962761
13812,7.933358
13813,6.548109
13814,4.74267
13815,5.875739
13816,8.388728
13817,9.009721
13818,4.680637
13819,6.035022
13820,7.426438
13821,8.29936
13822,5.431693
13823,7.720894
13824,6.654719
13825,6.839389
13826,4.173485
13827,7.95416
13828,6.555899
13829,6.011334
13830,8.242733
13831,1.108976
13832,7.289686
13833,5.875606
13834,7.254391
13835,-15.267064
13836,7.46303
13837,9.044152
13838,4.830426
13839,5.81354
13840,8.541118
13841,8.577623
13842,6.700169
13843,7.668934
13844,6.895322
13845,7.424203
13846,5.187532
13847,6.48199
13848,7.027583
13849,7.328675
13850,7.838364
13851,7.130432
13852,-4.583357
13853,7.698239
13854,7.577725
13855,7.397341
13856,6.42654
13857,8.125459
13858,6.77275
13859,10.961535
13860,9.248385
13861,6.102189
13862,5.65641
13863,8.075685
13864,4.024268
13865,7.404401
13866,9.538458
13867,7.177421
13868,4.207031
13869,6.989597
13870,5.161249
13871,5.911247
13872,8.05468
13873,6.633343
13874,8.242814
13875,6.67148
13876,6.947314
13877,8.827813
13878,8.141355
13879,8.811869
13880,8.464625
13881,6.507331
13882,7.969091
13883,4.485784
13884,8.444321
13885,5.492063
13886,8.305165
13887,7.14637
13888,7.659075
13889,8.406423
13890,5.916793
13891,7.312713
13892,8.47393
13893,7.15042
13894,7.81597
13895,7.354717
13896,5.555867
13897,7.24191
13898,4.701853
13899,5.267116
13900,6.652211
13901,4.991259
13902,4.976987
13903,7.561119
13904,5.576815
13905,7.491494
13906,5.851131
13907,3.834713
13908,7.535845
13909,7.906216
13910,5.52675
13911,3.379791
13912,5.896708
13913,5.484798
13914,7.793464
13915,9.886901
13916,5.708326
13917,7.65269
13918,9.864424
13919,4.585112
13920,3.300384
13921,6.709148
13922,3.683279
13923,6.291577
13924,7.565032
13925,5.877151
13926,7.290649
13927,6.777712
13928,8.557276
13929,6.997749
13930,6.567167
13931,2.307454
13932,5.056648
13933,3.483732
13934,7.394517
13935,7.218839
13936,9.588431
13937,5.801826
13938,4.854024
13939,9.065273
13940,6.004378
13941,4.559647
13942,5.467682
13943,7.582521
13944,7.070889
13945,5.107299
13946,7.045295
13947,8.684866
13948,9.202828
13949,4.559471
13950,5.310349
13951,8.078815
13952,8.123983
13953,6.892416
13954,8.640311
13955,8.301988
13956,4.135157
13957,7.339582
13958,8.79389
13959,8.506609
13960,9.045491
13961,6.774827
13962,7.352448
13963,8.341909
13964,9.182363
13965,5.825755
13966,6.126031
13967,7.840228
13968,5.350881
13969,6.310005
13970,10.186956
13971,10.489285
13972,6.450302
13973,6.356892
13974,7.907148
13975,6.228748
13976,4.40959
13977,10.408123
13978,5.96004
13979,7.317679
13980,8.955443
13981,4.840376
13982,5.945651
13983,-1.499376
13984,6.905062
13985,7.449639
13986,9.620344
13987,6.423877
13988,4.160741
13989,4.798273
13990,3.374066
13991,5.732484
13992,9.472542
13993,8.824381
13994,8.064794
13995,5.735459
13996,8.715729
13997,9.603495
13998,8.418606
13999,7.584075
14000,6.725321
14001,6.83204
14002,6.924524
14003,6.285331
14004,6.531457
14005,5.487396
14006,7.454886
14007,7.753945
14008,8.485061
14009,-11.221475
14010,7.283006
14011,7.124129
14012,8.454257
14013,5.804352
14014,7.612827
14015,5.212972
14016,9.227076
14017,7.950289
14018,7.853598
14019,4.700423
14020,6.506728
14021,7.284568
14022,8.540005
14023,5.166921
14024,5.768655
14025,6.745076
14026,5.850228
14027,9.350825
14028,6.714145
14029,8.428494
14030,4.677286
14031,7.95047
14032,6.860803
14033,-6.328241
14034,4.635757
14035,8.170864
14036,7.437058
14037,1.933173
14038,8.172107
14039,-4.695839
14040,5.961757
14041,8.383314
14042,5.331889
14043,4.905354
14044,6.518688
14045,6.848477
14046,5.454043
14047,7.858023
14048,5.665936
14049,7.958211
14050,8.41474
14051,7.898187
14052,7.425127
14053,7.154489
14054,8.039444
14055,6.222116
14056,7.3018
14057,7.511401
14058,5.731836
14059,8.854402
14060,7.956091
14061,5.328786
14062,6.397456
14063,8.254503
14064,5.348964
14065,9.108704
14066,7.624055
14067,7.710785
14068,5.405861
14069,9.119077
14070,6.553848
14071,5.694518
14072,4.252304
14073,9.423615
14074,7.591258
14075,7.386831
14076,7.130509
14077,8.051757
14078,7.403107
14079,9.052756
14080,6.60532
14081,5.470411
14082,5.274506
14083,4.358816
14084,4.67378
14085,5.750373
14086,6.58467
14087,8.411928
14088,5.997375
14089,1.264486
14090,7.649018
14091,7.353768
14092,6.444237
14093,8.833837
14094,7.115375
14095,6.560436
14096,7.979825
14097,5.316589
14098,7.94745
14099,5.870881
14100,7.563085
14101,7.553983
14102,8.12417
14103,4.892008
14104,6.625042
14105,5.758701
14106,4.199217
14107,7.874279
14108,6.342997
14109,7.627291
14110,5.376758
14111,8.132036
14112,6.366263
14113,5.546358
14114,8.75264
14115,7.364565
14116,10.040871
14117,7.305886
14118,8.595756
14119,4.207784
14120,9.21202
14121,9.293921
14122,8.012835
14123,8.686825
14124,5.170008
14125,6.182316
14126,6.927186
14127,7.89001
14128,6.265842
14129,6.592448
14130,9.264417
14131,4.916767
14132,7.730126
14133,6.920553
14134,7.705615
14135,7.350817
14136,4.921166
14137,6.3605
14138,7.914459
14139,5.835592
14140,8.194609
14141,10.299847
14142,6.815901
14143,5.773051
14144,9.496225
14145,8.873707
14146,7.272909
14147,7.323448
14148,7.55884
14149,6.611401
14150,9.126352
14151,5.888727
14152,5.541062
14153,7.489485
14154,8.63271
14155,7.930267
14156,3.72026
14157,3.255262
14158,8.169266
14159,7.079737
14160,9.05508
14161,3.877769
14162,-4.789422
14163,9.950516
14164,8.436712
14165,6.028712
14166,6.392199
14167,5.687613
14168,7.172639
14169,8.877548
14170,6.461822
14171,7.361001
14172,4.167881
14173,4.370931
14174,7.031764
14175,8.029
14176,9.186719
14177,4.018116
14178,7.052309
14179,9.100629
14180,7.582076
14181,4.340888
14182,6.760141
14183,6.610057
14184,2.26637
14185,9.769101
14186,7.241265
14187,7.816958
14188,4.681011
14189,8.503019
14190,8.419862
14191,5.391617
14192,8.138514
14193,6.494919
14194,5.526411
14195,6.895058
14196,5.27467
14197,5.465823
14198,8.732172
14199,5.239237
14200,9.016753
14201,6.781547
14202,6.809908
14203,7.489637
14204,7.730926
14205,8.287957
14206,7.323867
14207,5.864029
14208,5.240302
14209,6.025943
14210,9.441566
14211,6.197542
14212,10.617194
14213,4.858664
14214,6.611073
14215,7.527238
14216,7.176153
14217,7.875288
14218,7.281295
14219,5.759774
14220,6.277667
14221,-4.133148
14222,9.042849
14223,6.193454
14224,6.929768
14225,9.965181
14226,7.6971
14227,7.425147
14228,7.23398
14229,-5.383223
14230,8.803086
14231,8.623826
14232,7.575403
14233,7.034451
14234,7.459916
14235,6.201456
14236,7.903117
14237,7.052277
14238,-0.943479
14239,8.184932
14240,6.023491
14241,3.521909
14242,3.615367
14243,4.727166
14244,6.802208
14245,6.383562
14246,5.398553
14247,7.466555
14248,9.128449
14249,4.409196
14250,7.87154
14251,6.733373
14252,8.541653
14253,-0.371854
14254,5.058641
14255,7.24439
14256,5.554559
14257,5.864801
14258,2.685128
14259,8.362281
14260,7.866024
14261,-3.505352
14262,7.634998
14263,7.792112
14264,7.171621
14265,-4.826113
14266,7.094468
14267,7.332714
14268,4.902479
14269,8.963863
14270,7.877362
14271,6.397484
14272,6.5957
14273,7.469058
14274,7.64427
14275,9.283416
14276,9.22835
14277,8.381094
14278,6.399601
14279,9.448468
14280,3.808478
14281,6.643807
14282,5.194961
14283,5.952858
14284,4.281521
14285,6.693548
14286,8.628705
14287,7.577748
14288,5.854676
14289,8.587192
14290,8.38516
14291,4.386085
14292,5.315969
14293,6.028548
14294,6.744662
14295,7.875022
14296,-7.476999
14297,5.923957
14298,5.270127
14299,8.294043
14300,6.758387
14301,6.530821
14302,10.428884
14303,-0.334057
14304,-21.317446
14305,8.746762
14306,5.7281
14307,7.840956
14308,7.991635
14309,7.45521
14310,6.575909
14311,6.60434
14312,6.570587
14313,7.594234
14314,4.535645
14315,8.594805
14316,5.118156
14317,6.453976
14318,5.546844
14319,7.280146
14320,5.010235
14321,5.400132
14322,8.424778
14323,7.753151
14324,7.953524
14325,7.386408
14326,8.285807
14327,6.153241
14328,8.436033
14329,7.006206
14330,4.228857
14331,7.000038
14332,3.977006
14333,7.790656
14334,4.875417
14335,7.367427
14336,7.963973
14337,5.866543
14338,7.622354
14339,6.282698
14340,6.207841
14341,6.357004
14342,7.570137
14343,6.487605
14344,6.64606
14345,3.608777
14346,6.987599
14347,7.04324
14348,6.548041
14349,7.461258
14350,5.673709
14351,6.098319
14352,6.990301
14353,6.079785
14354,7.453704
14355,9.825974
14356,7.611832
14357,5.856927
14358,8.490916
14359,6.919895
14360,9.091554
14361,8.647413
14362,4.019429
14363,9.286986
14364,6.474787
14365,7.418964
14366,6.863235
14367,7.79503
14368,9.224259
14369,8.690458
14370,6.210587
14371,5.437454
14372,6.709818
14373,9.061939
14374,7.664325
14375,8.258186
14376,8.139849
14377,5.074866
14378,9.181387
14379,4.722672
14380,9.619661
14381,6.834202
14382,6.723339
14383,7.964944
14384,8.588248
14385,4.976703
14386,7.013324
14387,9.66829
14388,5.577505
14389,9.222413
14390,7.702958
14391,6.426513
14392,6.45055
14393,9.721672
14394,8.919529
14395,8.976305
14396,5.784011
14397,6.758796
14398,9.458004
14399,9.681401
14400,8.960905
14401,8.030387
14402,5.517284
14403,9.461866
14404,6.544539
14405,5.709507
14406,8.014814
14407,6.029118
14408,5.893299
14409,-2.140427
14410,5.306528
14411,7.210615
14412,4.807712
14413,7.989864
14414,6.562479
14415,8.142876
14416,7.021001
14417,7.954894
14418,8.562822
14419,6.95219
14420,6.803576
14421,6.051211
14422,8.724726
14423,5.790594
14424,6.665193
14425,9.961973
14426,9.37641
14427,5.657704
14428,7.215651
14429,6.895852
14430,8.811702
14431,6.73382
14432,6.517513
14433,5.767857
14434,8.061172
14435,8.85485
14436,7.216635
14437,10.54886
14438,6.600021
14439,6.115253
14440,7.843032
14441,7.92051
14442,7.275066
14443,9.687977
14444,7.303431
14445,7.848736
14446,8.331353
14447,7.083738
14448,6.331375
14449,9.138176
14450,8.83064
14451,9.96539
14452,7.615289
14453,5.441402
14454,6.257032
14455,6.872451
14456,6.967698
14457,8.244557
14458,10.176922
14459,6.783294
14460,5.647559
14461,9.221419
14462,9.374608
14463,7.237582
14464,7.145409
14465,5.374501
14466,7.743542
14467,7.114063
14468,7.461792
14469,8.197783
14470,6.647971
14471,8.859093
14472,8.481809
14473,6.680226
14474,4.978484
14475,5.98525
14476,6.716406
14477,7.018929
14478,8.22123
14479,6.745436
14480,9.161367
14481,5.096373
14482,4.325701
14483,6.59713
14484,6.124838
14485,5.362668
14486,8.504872
14487,6.374528
14488,8.225827
14489,6.837839
14490,6.941725
14491,7.614102
14492,8.388284
14493,8.892266
14494,3.519218
14495,6.788739
14496,7.181696
14497,-11.27539
14498,5.569849
14499,6.060894
14500,6.744927
14501,5.452096
14502,7.732179
14503,8.167043
14504,7.535344
14505,9.791864
14506,4.430345
14507,6.871349
14508,6.703205
14509,8.513549
14510,6.488791
14511,6.033181
14512,8.636721
14513,7.48977
14514,9.064025
14515,8.689168
14516,7.963617
14517,7.134403
14518,6.877335
14519,3.358055
14520,5.541658
14521,6.596698
14522,8.454446
14523,8.934525
14524,6.194605
14525,8.133962
14526,9.746204
14527,7.791362
14528,8.369231
14529,7.864934
14530,5.019502
14531,6.767716
14532,6.450727
14533,6.472304
14534,8.05456
14535,5.877782
14536,6.913729
14537,9.568068
14538,6.947965
14539,8.495768
14540,9.191838
14541,8.046343
14542,6.184799
14543,8.020766
14544,6.328555
14545,9.467177
14546,7.352055
14547,6.284361
14548,8.540323
14549,6.990784
14550,6.163408
14551,8.1185
14552,6.11348
14553,7.753097
14554,6.568607
14555,7.907087
14556,7.411393
14557,7.604378
14558,7.048152
14559,5.560514
14560,8.886843
14561,5.700609
14562,6.738404
14563,5.797606
14564,4.63039
14565,4.080198
14566,6.862319
14567,7.453782
14568,8.022541
14569,5.808117
14570,7.472202
14571,8.066016
14572,8.649299
14573,7.255762
14574,9.99127
14575,6.852729
14576,8.711585
14577,9.260703
14578,3.365253
14579,7.195554
14580,8.99183
14581,-4.958631
14582,4.231304
14583,7.111904
14584,8.613036
14585,8.55457
14586,6.148782
14587,5.563879
14588,10.088285
14589,6.933347
14590,7.855037
14591,8.394548
14592,8.206358
14593,5.464531
14594,7.391502
14595,4.34859
14596,5.416012
14597,6.914972
14598,8.705913
14599,5.044736
14600,7.292725
14601,7.077743
14602,9.876183
14603,6.795339
14604,5.782179
14605,6.150808
14606,7.857784
14607,4.646462
14608,5.687904
14609,8.156183
14610,7.772357
14611,6.522945
14612,6.232518
14613,7.08912
14614,7.495851
14615,6.510807
14616,2.634057
14617,6.111132
14618,6.890847
14619,4.486345
14620,6.339176
14621,5.504131
14622,8.663415
14623,5.585727
14624,6.632813
14625,9.350757
14626,7.948338
14627,7.045251
14628,3.426562
14629,6.956063
14630,7.031442
14631,8.361658
14632,6.495826
14633,7.797018
14634,7.229496
14635,5.746554
14636,7.366179
14637,6.012913
14638,5.115125
14639,6.83773
14640,7.490161
14641,8.176544
14642,8.912349
14643,6.321255
14644,4.780789
14645,7.376489
14646,6.383372
14647,4.209988
14648,5.192876
14649,6.453337
14650,6.944624
14651,8.227905
14652,5.850804
14653,7.52385
14654,5.316783
14655,8.612065
14656,6.512073
14657,7.020342
14658,5.233456
14659,7.069992
14660,8.543125
14661,6.423236
14662,4.695434
14663,7.59386
14664,8.593178
14665,5.421563
14666,7.858655
14667,5.820462
14668,6.919289
14669,5.933023
14670,6.441363
14671,6.507217
14672,9.634976
14673,7.230198
14674,9.173639
14675,8.063906
14676,7.775282
14677,7.784131
14678,5.595019
14679,6.57824
14680,7.489141
14681,8.424429
14682,4.080095
14683,7.40482
14684,7.515363
14685,7.267545
14686,-2.97851
14687,6.947336
14688,7.494395
14689,7.523328
14690,8.595818
14691,8.146229
14692,7.323324
14693,7.547114
14694,7.734168
14695,3.762489
14696,8.260664
14697,5.687359
14698,8.911
14699,6.501081
14700,5.56085
14701,5.841749
14702,6.884337
14703,8.342413
14704,9.512474
14705,6.837646
14706,6.043865
14707,7.353921
14708,8.441566
14709,6.931953
14710,7.321587
14711,6.528416
14712,4.751766
14713,7.061045
14714,5.543017
14715,5.47222
14716,8.015982
14717,7.33044
14718,7.366995
14719,7.841532
14720,8.768971
14721,6.058067
14722,7.020393
14723,7.438487
14724,8.908205
14725,9.698058
14726,10.145191
14727,6.629446
14728,8.893104
14729,7.750228
14730,6.634999
14731,5.942588
14732,-5.562727
14733,3.837907
14734,5.727184
14735,7.420604
14736,7.155787
14737,9.166854
14738,5.496396
14739,7.430329
14740,7.50463
14741,7.817238
14742,4.550648
14743,5.902631
14744,7.514825
14745,5.286723
14746,3.418404
14747,8.428395
14748,7.251945
14749,7.365016
14750,8.108987
14751,6.554642
14752,7.115191
14753,5.593643
14754,6.614504
14755,8.06105
14756,8.463578
14757,8.418158
14758,6.505199
14759,8.319772
14760,8.429434
14761,7.472058
14762,7.446883
14763,4.652537
14764,9.535897
14765,5.926678
14766,7.742446
14767,9.457905
14768,4.203257
14769,7.875127
14770,7.544891
14771,6.4593
14772,7.289037
14773,8.779466
14774,6.67429
14775,5.327887
14776,8.848095
14777,6.764137
14778,5.66736
14779,7.034222
14780,7.369616
14781,7.008317
14782,7.475538
14783,8.275292
14784,7.013497
14785,8.446218
14786,7.803076
14787,8.732113
14788,8.074617
14789,8.398999
14790,5.29026
14791,6.327423
14792,8.013897
14793,7.485739
14794,9.581857
14795,6.097689
14796,9.134814
14797,7.393121
14798,6.962657
14799,6.394072
14800,7.892639
14801,7.19994
14802,9.436859
14803,0.245423
14804,6.125652
14805,5.42372
14806,5.897138
14807,4.292915
14808,6.54035
14809,3.700772
14810,7.013493
14811,9.213701
14812,8.175546
14813,5.953306
14814,4.501354
14815,9.649332
14816,6.386501
14817,9.2563
14818,6.250974
14819,7.101684
14820,7.533638
14821,5.754791
14822,5.842714
14823,6.330202
14824,6.316331
14825,8.422824
14826,9.017283
14827,6.656375
14828,9.705951
14829,9.229381
14830,6.300958
14831,7.569101
14832,5.493138
14833,3.470586
14834,6.629846
14835,8.86367
14836,8.976821
14837,7.360263
14838,7.272487
14839,7.625601
14840,6.173573
14841,6.814898
14842,-3.82127
14843,8.696467
14844,9.101453
14845,9.133789
14846,9.351527
14847,6.934681
14848,5.081474
14849,5.557786
14850,7.760698
14851,5.8129
14852,6.208833
14853,10.10856
14854,4.424943
14855,7.813237
14856,5.948784
14857,6.240094
14858,-12.106898
14859,7.908943
14860,5.999079
14861,8.643683
14862,5.571962
14863,6.702767
14864,8.224165
14865,8.423681
14866,7.961226
14867,6.53672
14868,8.808434
14869,6.919647
14870,6.405231
14871,7.102763
14872,5.283337
14873,5.466841
14874,7.144794
14875,7.036711
14876,8.934249
14877,6.137216
14878,5.72152
14879,6.161238
14880,4.447213
14881,6.508335
14882,6.505212
14883,3.739888
14884,5.551393
14885,8.881634
14886,8.740661
14887,9.213128
14888,5.669072
14889,8.350426
14890,8.906708
14891,8.201345
14892,2.72269
14893,6.686413
14894,6.333168
14895,6.175142
14896,6.592983
14897,7.026709
14898,4.680782
14899,7.650865
14900,5.813642
14901,6.460839
14902,7.052608
14903,7.821545
14904,6.127425
14905,5.30417
14906,6.154201
14907,5.619252
14908,8.693769
14909,10.017914
14910,7.440305
14911,9.395075
14912,2.005993
14913,8.67288
14914,4.796738
14915,6.348425
14916,7.003072
14917,7.926923
14918,6.795726
14919,4.829629
14920,7.754042
14921,6.465631
14922,7.292424
14923,6.137906
14924,4.98349
14925,7.66099
14926,7.281439
14927,4.509899
14928,7.315298
14929,5.075847
14930,7.54733
14931,9.192049
14932,6.802179
14933,5.944052
14934,7.749325
14935,6.438133
14936,6.566193
14937,7.327553
14938,6.11269
14939,2.85003
14940,5.993973
14941,5.851316
14942,7.683044
14943,8.255245
14944,7.538215
14945,-2.770853
14946,3.301902
14947,4.487719
14948,6.674641
14949,7.048506
14950,5.956398
14951,6.747477
14952,3.652246
14953,5.608897
14954,4.801768
14955,6.034168
14956,6.23338
14957,5.857054
14958,7.893113
14959,8.166718
14960,7.585155
14961,7.783743
14962,8.122476
14963,10.180546
14964,5.901027
14965,4.881516
14966,10.137494
14967,9.100048
14968,8.162136
14969,8.889405
14970,6.714009
14971,6.498614
14972,7.917446
14973,5.860273
14974,7.250045
14975,6.927954
14976,5.989241
14977,7.102937
14978,5.202566
14979,7.541969
14980,9.242298
14981,7.182914
14982,7.977314
14983,7.03842
14984,5.067318
14985,6.045761
14986,4.456916
14987,7.884084
14988,6.95137
14989,10.102737
14990,8.535382
14991,9.607727
14992,9.08355
14993,7.410579
14994,6.603298
14995,7.92425
14996,7.437032
14997,5.098254
14998,8.680641
14999,6.889937
15000,7.194073
15001,5.44077
15002,7.034633
15003,6.563287
15004,5.174485
15005,8.711779
15006,8.844116
15007,7.747031
15008,5.004743
15009,5.623563
15010,8.037888
15011,7.978474
15012,5.007593
15013,5.063282
15014,4.125047
15015,6.780277
15016,5.061862
15017,6.693949
15018,-19.126669
15019,5.347903
15020,5.816818
15021,-30.142682
15022,7.46315
15023,9.03342
15024,6.600831
15025,7.245274
15026,7.580641
15027,7.737057
15028,5.147515
15029,7.429993
15030,9.964173
15031,6.38334
15032,7.817169
15033,10.147603
15034,5.90036
15035,5.690863
15036,5.516682
15037,6.436415
15038,9.1144
15039,4.810662
15040,8.228998
15041,8.322717
15042,8.208367
15043,5.815297
15044,6.951187
15045,5.504171
15046,3.480995
15047,8.112362
15048,7.492902
15049,7.694744
15050,3.37345
15051,8.327594
15052,9.626671
15053,8.291476
15054,6.815946
15055,9.3104
15056,9.148764
15057,8.715747
15058,10.206281
15059,6.393288
15060,5.175563
15061,7.432141
15062,6.426758
15063,5.500246
15064,5.343246
15065,7.843319
15066,7.589676
15067,7.004646
15068,5.955684
15069,8.061124
15070,6.289381
15071,6.763273
15072,6.830041
15073,4.696683
15074,8.744626
15075,7.878169
15076,3.781808
15077,6.241199
15078,8.053259
15079,7.358645
15080,5.519837
15081,8.883619
15082,8.840364
15083,4.887264
15084,7.217624
15085,5.922721
15086,8.73554
15087,7.060872
15088,7.154551
15089,10.387067
15090,7.719032
15091,5.485528
15092,6.275916
15093,-4.526522
15094,-2.851552
15095,7.966407
15096,8.260709
15097,7.029667
15098,4.108537
15099,7.531178
15100,8.06033
15101,8.709939
15102,7.055425
15103,7.615065
15104,1.635453
15105,4.189432
15106,7.28865
15107,8.391171
15108,9.122778
15109,5.662295
15110,5.177831
15111,7.294083
15112,6.804233
15113,6.664113
15114,-4.421841
15115,7.871984
15116,4.584091
15117,9.096533
15118,6.68401
15119,5.895014
15120,8.596982
15121,4.936958
15122,3.917783
15123,6.535272
15124,7.769555
15125,7.628955
15126,9.362451
15127,5.457214
15128,7.020621
15129,6.493524
15130,7.819337
15131,3.062531
15132,7.90751
15133,6.837421
15134,5.667765
15135,8.691764
15136,7.260998
15137,8.277669
15138,7.082658
15139,7.48157
15140,6.307465
15141,8.258338
15142,4.778562
15143,6.615478
15144,5.81963
15145,6.301047
15146,8.104789
15147,7.158946
15148,7.689472
15149,7.952782
15150,-5.223818
15151,7.729288
15152,7.33888
15153,7.971318
15154,3.099965
15155,7.934817
15156,6.659419
15157,6.533079
15158,8.868063
15159,5.771322
15160,2.954531
15161,6.708239
15162,7.626906
15163,5.32771
15164,5.817975
15165,5.042347
15166,5.564871
15167,9.031529
15168,7.00457
15169,6.075758
15170,7.501053
15171,5.90397
15172,-2.481416
15173,6.970944
15174,5.945267
15175,9.231446
15176,4.208781
15177,5.607935
15178,7.955069
15179,4.391852
15180,8.119772
15181,6.469865
15182,6.185431
15183,8.139811
15184,6.819879
15185,5.435058
15186,7.867276
15187,2.002893
15188,8.102823
15189,6.448747
15190,8.444007
15191,8.052342
15192,8.656425
15193,5.902534
15194,7.154552
15195,6.579764
15196,7.871645
15197,5.745976
15198,7.058822
15199,7.203864
15200,5.558825
15201,4.913423
15202,6.538052
15203,6.870834
15204,7.562855
15205,6.765575
15206,8.679966
15207,6.869884
15208,8.30383
15209,6.537651
15210,8.633148
15211,7.292407
15212,10.012864
15213,7.181829
15214,9.320629
15215,8.9638
15216,7.760961
15217,6.623621
15218,4.315103
15219,9.616778
15220,4.674075
15221,9.190995
15222,7.672173
15223,7.962288
15224,8.2178
15225,7.278277
15226,7.144896
15227,6.928662
15228,6.858854
15229,9.311515
15230,6.538572
15231,5.594171
15232,7.505947
15233,4.241546
15234,7.173213
15235,7.847938
15236,7.875174
15237,6.412927
15238,7.605383
15239,6.845304
15240,2.028633
15241,7.95069
15242,6.716395
15243,7.319811
15244,6.753966
15245,8.212871
15246,7.352142
15247,9.861042
15248,7.59535
15249,4.506134
15250,10.771329
15251,6.979453
15252,6.093463
15253,7.519533
15254,8.613303
15255,7.961322
15256,7.258898
15257,7.640455
15258,9.398348
15259,5.74504
15260,8.171424
15261,6.205835
15262,2.646529
15263,6.873748
15264,7.784422
15265,4.328331
15266,8.283286
15267,8.535664
15268,8.054425
15269,5.848306
15270,3.51615
15271,6.094377
15272,7.710418
15273,8.331986
15274,7.766108
15275,8.720883
15276,4.848011
15277,5.40282
15278,8.665165
15279,6.008333
15280,5.155265
15281,7.387515
15282,7.720172
15283,7.147992
15284,6.502302
15285,5.958618
15286,6.79754
15287,5.151073
15288,7.194591
15289,6.522279
15290,6.521226
15291,9.285375
15292,5.922148
15293,8.651825
15294,9.159725
15295,8.550175
15296,7.396048
15297,7.111778
15298,6.371599
15299,7.510254
15300,7.596937
15301,8.026649
15302,6.710256
15303,5.997005
15304,6.10484
15305,6.607134
15306,8.108972
15307,5.458738
15308,6.14658
15309,10.561374
15310,6.951484
15311,6.052333
15312,7.315173
15313,7.219556
15314,4.983996
15315,8.105862
15316,4.733988
15317,6.372875
15318,-2.52769
15319,7.72803
15320,10.762376
15321,8.207882
15322,8.643187
15323,9.30724
15324,7.738816
15325,7.331588
15326,5.719841
15327,7.966771
15328,7.61677
15329,8.136615
15330,9.590367
15331,4.736279
15332,5.717735
15333,4.971184
15334,3.223773
15335,8.442734
15336,9.311666
15337,7.973827
15338,7.578537
15339,7.328616
15340,7.882909
15341,5.615576
15342,5.57112
15343,9.356103
15344,8.1823
15345,6.872705
15346,7.695368
15347,9.776151
15348,8.46257
15349,-2.718793
15350,6.439467
15351,7.634927
15352,5.716296
15353,9.902567
15354,7.664621
15355,6.60162
15356,6.49918
15357,6.085392
15358,8.2682
15359,6.298081
15360,6.383141
15361,8.506275
15362,5.028015
15363,7.14167
15364,7.302813
15365,6.449205
15366,6.778532
15367,9.053356
15368,8.647412
15369,8.263789
15370,6.051527
15371,9.276528
15372,9.487448
15373,7.830055
15374,2.927961
15375,7.166113
15376,8.088393
15377,7.244518
15378,7.301122
15379,5.25508
15380,5.781202
15381,9.488449
15382,6.061696
15383,6.138759
15384,4.837424
15385,7.256631
15386,6.348019
15387,7.389184
15388,4.95216
15389,6.367939
15390,9.559073
15391,2.645115
15392,9.025734
15393,7.527742
15394,5.577896
15395,8.431795
15396,6.740822
15397,4.428414
15398,-3.567573
15399,8.729028
15400,5.528499
15401,7.213416
15402,7.390214
15403,-4.715848
15404,8.676094
15405,6.116014
15406,7.454912
15407,8.463732
15408,6.783517
15409,7.030466
15410,6.98171
15411,6.88396
15412,7.198895
15413,4.979826
15414,4.960021
15415,6.246863
15416,9.946668
15417,8.949789
15418,7.070561
15419,9.481491
15420,7.107061
15421,8.004805
15422,-6.009865
15423,6.580042
15424,9.704716
15425,4.400999
15426,5.980559
15427,8.755788
15428,6.439217
15429,8.381466
15430,8.521204
15431,4.895712
15432,5.181163
15433,6.119236
15434,6.509937
15435,7.532147
15436,8.535269
15437,2.870711
15438,8.226603
15439,8.155022
15440,8.468011
15441,6.497475
15442,7.729843
15443,2.162071
15444,9.72245
15445,6.513883
15446,6.825503
15447,5.047759
15448,9.6245
15449,7.055887
15450,6.411527
15451,8.015481
15452,7.752029
15453,4.49753
15454,7.359406
15455,6.86802
15456,8.344398
15457,5.859275
15458,9.223827
15459,8.287563
15460,6.9961
15461,6.945132
15462,8.779786
15463,8.817014
15464,7.604607
15465,6.960627
15466,6.624081
15467,8.487673
15468,7.278786
15469,6.861931
15470,6.061503
15471,7.577607
15472,8.870846
15473,6.282038
15474,9.255371
15475,6.617088
15476,7.923495
15477,7.841391
15478,7.255977
15479,5.532329
15480,3.293416
15481,6.679622
15482,5.489994
15483,4.08814
15484,6.396783
15485,5.418724
15486,7.100219
15487,6.508645
15488,6.640208
15489,7.61345
15490,10.002356
15491,6.958946
15492,4.790305
15493,7.538798
15494,6.284628
15495,3.788853
15496,9.410828
15497,5.832906
15498,7.75148
15499,6.870442
15500,8.391777
15501,6.221679
15502,7.712076
15503,5.16785
15504,3.867179
15505,9.597573
15506,5.817505
15507,7.822364
15508,7.183009
15509,6.707908
15510,9.44466
15511,8.766951
15512,6.467617
15513,4.576371
15514,8.055991
15515,6.05829
15516,-4.688242
15517,6.636432
15518,8.179122
15519,5.999072
15520,7.977836
15521,8.192315
15522,6.037719
15523,7.055619
15524,5.566609
15525,8.387169
15526,3.800647
15527,8.226034
15528,8.375912
15529,6.792356
15530,5.536488
15531,5.780179
15532,8.723773
15533,8.929783
15534,8.088487
15535,7.440565
15536,8.893695
15537,4.420657
15538,9.089404
15539,5.134538
15540,7.049917
15541,7.469074
15542,3.279259
15543,6.50517
15544,5.567612
15545,6.622445
15546,6.292312
15547,6.766937
15548,6.728516
15549,8.478488
15550,6.511907
15551,6.941354
15552,5.530501
15553,10.794516
15554,8.605097
15555,6.687394
15556,8.160885
15557,6.926018
15558,9.069643
15559,6.933113
15560,8.094934
15561,7.187774
15562,7.649826
15563,4.32056
15564,8.077715
15565,4.888324
15566,8.061284
15567,7.044661
15568,8.649549
15569,7.895197
15570,5.636848
15571,5.213251
15572,7.762595
15573,8.819476
15574,8.867249
15575,7.885873
15576,6.57114
15577,3.809386
15578,4.220708
15579,5.678849
15580,6.485702
15581,4.531461
15582,8.85391
15583,7.800551
15584,7.58176
15585,9.27436
15586,6.1713
15587,5.856027
15588,5.410023
15589,5.123956
15590,8.427687
15591,8.985996
15592,6.414434
15593,5.704065
15594,7.670828
15595,4.843014
15596,9.093782
15597,4.312369
15598,7.521979
15599,4.829148
15600,6.486926
15601,7.020759
15602,5.076273
15603,6.969411
15604,8.098846
15605,6.492989
15606,8.167796
15607,6.297032
15608,7.549993
15609,7.532699
15610,5.410947
15611,7.727904
15612,6.286764
15613,3.044087
15614,4.892613
15615,6.466299
15616,7.181455
15617,8.430456
15618,6.389552
15619,7.177815
15620,-4.118108
15621,7.57545
15622,6.005101
15623,5.094283
15624,7.674364
15625,7.873652
15626,3.456237
15627,7.085647
15628,8.99228
15629,8.132665
15630,10.258656
15631,6.246824
15632,6.534267
15633,8.210234
15634,6.309559
15635,6.411256
15636,-1.074937
15637,8.199979
15638,6.677165
15639,4.9766
15640,9.491336
15641,6.29951
15642,7.608575
15643,7.918468
15644,6.261827
15645,7.320459
15646,7.979718
15647,10.188731
15648,4.514938
15649,5.093375
15650,7.987729
15651,6.365941
15652,7.672659
15653,8.842918
15654,9.566117
15655,6.431306
15656,-6.312584
15657,5.465
15658,6.649888
15659,7.106072
15660,6.724522
15661,8.572662
15662,7.790631
15663,4.947006
15664,7.363519
15665,7.694804
15666,4.473856
15667,9.409597
15668,5.757296
15669,7.032977
15670,5.614672
15671,-3.653299
15672,7.078682
15673,8.242214
15674,2.145944
15675,9.144068
15676,6.356522
15677,8.361162
15678,5.722458
15679,7.493988
15680,5.96768
15681,4.396846
15682,5.7042
15683,6.700109
15684,6.924868
15685,8.483461
15686,7.412863
15687,6.900643
15688,7.668966
15689,8.609184
15690,6.677568
15691,8.173495
15692,7.315728
15693,-8.922285
15694,5.506446
15695,9.585946
15696,6.179653
15697,7.023961
15698,7.655385
15699,6.180064
15700,8.668084
15701,7.520178
15702,8.310274
15703,7.845393
15704,7.96352
15705,5.693878
15706,7.239052
15707,8.093037
15708,7.051625
15709,6.328332
15710,8.876527
15711,6.082167
15712,5.445475
15713,6.66901
15714,8.277284
15715,8.631711
15716,7.561588
15717,5.171891
15718,6.30092
15719,9.504384
15720,3.989036
15721,5.780986
15722,7.891265
15723,8.507163
15724,5.737411
15725,5.862152
15726,5.906719
15727,6.783064
15728,6.368085
15729,3.621299
15730,6.36787
15731,7.284559
15732,5.746162
15733,5.341362
15734,5.09539
15735,8.510826
15736,6.105291
15737,6.397492
15738,7.935751
15739,6.491381
15740,7.85377
15741,6.311098
15742,5.653083
15743,6.902597
15744,5.077442
15745,6.680594
15746,7.764236
15747,6.749788
15748,6.416146
15749,8.442329
15750,7.257758
15751,5.988345
15752,6.405819
15753,8.32363
15754,5.396958
15755,3.404868
15756,5.338594
15757,6.52703
15758,5.910347
15759,7.863424
15760,6.086502
15761,5.648583
15762,5.742976
15763,6.399822
15764,7.932466
15765,5.043567
15766,9.745044
15767,6.587571
15768,7.703326
15769,6.243352
15770,5.533436
15771,7.747902
15772,4.871379
15773,2.930406
15774,8.322726
15775,6.333318
15776,3.706933
15777,8.493776
15778,6.822604
15779,8.062763
15780,9.102014
15781,6.5842
15782,6.193651
15783,6.970693
15784,7.310891
15785,8.020734
15786,9.195473
15787,-6.704839
15788,4.887051
15789,6.914512
15790,7.835534
15791,6.809443
15792,5.008301
15793,6.122726
15794,5.017545
15795,6.108409
15796,8.067876
15797,8.774099
15798,6.663173
15799,7.082166
15800,5.825285
15801,6.421867
15802,9.808866
15803,7.309737
15804,6.726218
15805,9.699685
15806,8.127606
15807,7.019512
15808,8.331576
15809,5.745446
15810,8.805068
15811,6.47507
15812,9.085031
15813,7.722225
15814,9.730703
15815,7.979472
15816,3.857612
15817,7.815866
15818,7.453177
15819,7.725956
15820,8.003559
15821,8.507082
15822,5.721739
15823,6.926281
15824,7.633536
15825,8.344372
15826,4.395236
15827,7.277322
15828,6.719992
15829,7.542518
15830,5.977755
15831,8.206331
15832,7.538383
15833,8.493191
15834,4.586066
15835,7.4216
15836,4.700756
15837,7.132175
15838,9.526961
15839,7.500517
15840,6.144355
15841,6.987751
15842,10.347409
15843,5.512479
15844,5.340918
15845,6.011597
15846,-14.546707
15847,6.015529
15848,5.876578
15849,3.535771
15850,7.634245
15851,8.263431
15852,5.966341
15853,8.451715
15854,6.665915
15855,5.82403
15856,8.229154
15857,6.167596
15858,9.22807
15859,6.271892
15860,4.994939
15861,4.983936
15862,5.353274
15863,7.873927
15864,5.308446
15865,5.415128
15866,5.24122
15867,7.398874
15868,8.580636
15869,8.687057
15870,8.209848
15871,5.89013
15872,-2.21182
15873,8.557994
15874,4.870186
15875,8.218538
15876,7.762846
15877,9.187436
15878,10.35872
15879,7.562511
15880,6.02244
15881,9.685158
15882,7.379164
15883,8.584345
15884,6.921576
15885,7.284766
15886,4.979904
15887,4.369546
15888,8.299562
15889,5.731875
15890,8.66809
15891,8.618147
15892,5.863889
15893,4.809983
15894,5.566859
15895,8.214851
15896,7.348262
15897,7.094857
15898,5.215722
15899,4.261364
15900,9.105766
15901,7.539083
15902,7.234198
15903,10.024902
15904,7.228976
15905,7.559297
15906,5.509472
15907,7.459305
15908,7.79007
15909,6.339313
15910,6.465253
15911,7.634302
15912,4.621999
15913,7.904918
15914,7.813354
15915,0.072144
15916,8.58976
15917,7.663089
15918,7.669357
15919,2.169559
15920,5.256586
15921,8.229317
15922,4.82852
15923,6.71391
15924,8.265591
15925,7.148903
15926,4.530293
15927,8.02549
15928,7.844452
15929,8.360323
15930,6.532351
15931,7.449717
15932,6.960959
15933,6.816703
15934,7.924347
15935,6.282511
15936,8.136655
15937,8.32126
15938,7.752455
15939,5.19831
15940,4.683129
15941,3.521291
15942,6.675195
15943,8.13737
15944,8.789719
15945,6.956813
15946,7.877018
15947,10.180821
15948,8.150346
15949,6.708148
15950,9.733192
15951,8.175196
15952,4.591782
15953,7.939039
15954,7.080183
15955,9.02087
15956,5.423639
15957,8.522059
15958,6.424739
15959,8.404587
15960,5.643839
15961,7.496972
15962,9.926098
15963,7.276265
15964,6.112062
15965,5.847579
15966,7.813329
15967,6.429872
15968,4.804678
15969,5.180679
15970,-3.781597
15971,8.131635
15972,6.296301
15973,7.20478
15974,5.84419
15975,8.623198
15976,7.372546
15977,6.317169
15978,3.639874
15979,8.603491
15980,5.299955
15981,6.781486
15982,5.092955
15983,6.636902
15984,8.030248
15985,6.733345
15986,9.244603
15987,-1.963995
15988,3.405042
15989,7.531965
15990,3.736629
15991,6.504785
15992,6.073754
15993,6.073575
15994,6.105368
15995,5.668331
15996,10.230124
15997,1.619784
15998,7.873884
15999,7.309523
16000,10.026515
16001,6.749346
16002,5.289773
16003,6.372339
16004,7.450532
16005,5.560192
16006,7.617923
16007,10.311121
16008,6.19426
16009,5.541759
16010,9.396111
16011,7.779225
16012,4.614585
16013,7.952108
16014,2.836737
16015,4.72643
16016,3.700547
16017,7.681529
16018,8.395448
16019,8.591371
16020,7.019175
16021,4.921139
16022,7.98909
16023,4.000959
16024,7.412599
16025,6.306208
16026,3.356607
16027,5.102097
16028,8.497863
16029,7.36612
16030,10.030727
16031,8.799612
16032,4.557365
16033,9.012654
16034,5.688967
16035,5.67159
16036,8.374273
16037,7.493318
16038,6.364874
16039,6.800889
16040,3.620543
16041,5.13071
16042,6.849592
16043,6.048832
16044,5.800953
16045,5.708134
16046,5.752829
16047,8.493649
16048,8.077399
16049,8.472197
16050,1.408769
16051,6.425605
16052,8.723729
16053,6.49085
16054,5.412847
16055,7.150928
16056,5.499449
16057,8.166324
16058,8.172258
16059,6.96328
16060,7.120245
16061,4.813594
16062,6.59425
16063,7.731581
16064,7.128815
16065,7.489904
16066,7.611459
16067,8.267225
16068,6.229649
16069,8.298947
16070,7.367973
16071,9.886762
16072,7.528628
16073,6.762985
16074,7.885423
16075,8.993422
16076,6.717899
16077,5.890879
16078,-2.739891
16079,8.026881
16080,6.447217
16081,9.096722
16082,6.890106
16083,6.486531
16084,5.116698
16085,7.354763
16086,5.871509
16087,7.883409
16088,-4.421822
16089,-10.014427
16090,7.071117
16091,9.1668
16092,-3.041533
16093,6.097506
16094,8.51603
16095,7.388877
16096,8.48401
16097,6.344793
16098,6.962418
16099,7.917723
16100,7.075023
16101,5.931314
16102,5.356548
16103,5.899846
16104,6.967895
16105,3.467342
16106,5.561197
16107,6.105071
16108,7.543735
16109,5.868174
16110,5.454613
16111,7.239055
16112,7.238718
16113,7.588003
16114,7.890764
16115,7.023176
16116,3.532862
16117,7.123246
16118,7.931122
16119,6.255525
16120,7.037792
16121,9.06481
16122,6.418691
16123,8.264262
16124,8.51985
16125,4.669109
16126,9.83191
16127,6.541085
16128,7.09455
16129,6.375654
16130,4.525228
16131,-3.191044
16132,8.008619
16133,9.533194
16134,8.616396
16135,5.80657
16136,7.355029
16137,6.403412
16138,4.736443
16139,5.410793
16140,7.134934
16141,6.855323
16142,8.435134
16143,6.996568
16144,7.529839
16145,7.203574
16146,8.72087
16147,8.13243
16148,5.1453
16149,6.742073
16150,5.450415
16151,8.766023
16152,7.345565
16153,8.193473
16154,4.869785
16155,4.748068
16156,5.860383
16157,8.920806
16158,7.342588
16159,6.908639
16160,5.686234
16161,-3.617259
16162,9.925978
16163,5.312513
16164,6.663809
16165,7.387634
16166,7.839133
16167,4.642583
16168,7.736614
16169,6.913616
16170,7.364552
16171,2.703973
16172,4.469564
16173,8.339347
16174,5.494773
16175,7.755817
16176,8.055429
16177,7.002701
16178,8.339581
16179,7.118869
16180,4.928444
16181,3.98091
16182,8.337086
16183,6.925642
16184,6.078657
16185,8.200935
16186,6.32995
16187,6.856877
16188,9.352313
16189,6.518803
16190,6.244772
16191,8.488521
16192,8.22526
16193,7.262923
16194,7.448453
16195,7.473177
16196,8.539235
16197,6.136574
16198,6.234225
16199,8.608445
16200,6.011951
16201,7.008645
16202,4.152555
16203,5.762318
16204,8.102571
16205,6.220629
16206,7.374507
16207,4.818015
16208,8.425671
16209,7.92531
16210,5.910663
16211,6.024293
16212,7.765393
16213,9.725922
16214,9.838032
16215,6.824991
16216,5.671963
16217,6.79378
16218,5.460648
16219,6.218697
16220,8.023069
16221,8.131137
16222,8.969088
16223,3.592962
16224,5.982358
16225,5.862188
16226,4.311916
16227,6.997735
16228,7.964814
16229,7.791346
16230,4.860503
16231,3.059705
16232,9.268687
16233,7.529344
16234,9.161068
16235,7.733681
16236,7.518953
16237,4.788701
16238,7.793632
16239,5.333234
16240,7.045626
16241,7.086884
16242,9.006452
16243,5.685573
16244,6.358373
16245,-0.952447
16246,6.884019
16247,7.274154
16248,8.558196
16249,7.087239
16250,7.109566
16251,5.174471
16252,5.531868
16253,7.91054
16254,7.329488
16255,6.785572
16256,4.445565
16257,6.182675
16258,9.854986
16259,7.747843
16260,8.724848
16261,6.868977
16262,7.008495
16263,8.144889
16264,5.680024
16265,4.304232
16266,4.683989
16267,7.441479
16268,6.301668
16269,6.868827
16270,2.865646
16271,9.04633
16272,8.663881
16273,8.34598
16274,7.881424
16275,4.344612
16276,9.412313
16277,5.407426
16278,4.756237
16279,6.811382
16280,9.175504
16281,8.30271
16282,7.368507
16283,5.115624
16284,4.915617
16285,6.366918
16286,9.459595
16287,-0.325931
16288,7.401978
16289,8.765553
16290,7.811975
16291,6.772835
16292,6.457647
16293,5.125838
16294,5.232572
16295,10.583235
16296,6.780622
16297,8.965196
16298,8.103136
16299,6.172675
16300,5.397163
16301,6.633592
16302,3.097099
16303,5.380401
16304,6.130563
16305,5.364243
16306,9.876799
16307,6.900332
16308,7.317145
16309,7.164842
16310,7.229273
16311,7.914944
16312,8.657678
16313,8.781904
16314,6.937253
16315,2.555528
16316,6.415131
16317,7.389724
16318,6.897997
16319,10.423671
16320,9.115187
16321,6.972803
16322,9.388363
16323,6.093382
16324,5.263085
16325,8.541564
16326,7.814533
16327,7.231277
16328,-1.599574
16329,5.989397
16330,7.892842
16331,5.298035
16332,8.991742
16333,5.964868
16334,9.738579
16335,6.162827
16336,6.274912
16337,9.229209
16338,-8.954494
16339,9.608528
16340,5.715434
16341,8.819343
16342,8.932227
16343,7.91455
16344,5.855525
16345,7.780366
16346,-2.213269
16347,7.76231
16348,3.460432
16349,5.501668
16350,6.596042
16351,-0.927144
16352,9.75517
16353,6.221464
16354,8.067347
16355,-5.168074
16356,7.742859
16357,7.700935
16358,-6.458094
16359,5.608125
16360,9.612771
16361,7.974999
16362,6.350443
16363,6.3246
16364,6.882061
16365,5.646975
16366,8.773487
16367,5.430531
16368,8.782348
16369,6.516879
16370,6.231973
16371,7.282056
16372,7.669079
16373,8.413808
16374,7.407366
16375,8.835701
16376,7.064467
16377,9.762379
16378,5.343815
16379,7.644313
16380,8.503456
16381,7.352664
16382,7.653907
16383,6.349284
16384,8.215256
16385,8.66086
16386,6.359155
16387,-3.373018
16388,4.695053
16389,5.902059
16390,2.672879
16391,7.361017
16392,2.03144
16393,5.501734
16394,7.387171
16395,9.477158
16396,9.130641
16397,9.028224
16398,5.179414
16399,6.094212
16400,9.760884
16401,6.979701
16402,7.517754
16403,9.070258
16404,8.522912
16405,7.695462
16406,7.458547
16407,10.034068
16408,8.354441
16409,7.756853
16410,7.661989
16411,6.298581
16412,7.460692
16413,9.024374
16414,8.958439
16415,8.826448
16416,6.411637
16417,6.700454
16418,6.472183
16419,7.269394
16420,7.888593
16421,7.574068
16422,7.289237
16423,8.353291
16424,5.531761
16425,7.747764
16426,9.496069
16427,7.249313
16428,3.890595
16429,6.46207
16430,6.072036
16431,8.356436
16432,8.761183
16433,5.73774
16434,8.373097
16435,7.533055
16436,8.015882
16437,4.529941
16438,4.751286
16439,6.582954
16440,8.903722
16441,7.16306
16442,6.646616
16443,7.235688
16444,7.975656
16445,8.991104
16446,9.320296
16447,6.573456
16448,6.569389
16449,7.142196
16450,7.092402
16451,4.818217
16452,7.576543
16453,7.341716
16454,8.672813
16455,7.241695
16456,7.666905
16457,7.986614
16458,9.050396
16459,9.160977
16460,10.617208
16461,5.831493
16462,5.177748
16463,8.669258
16464,10.044318
16465,6.272597
16466,8.322734
16467,7.647054
16468,4.926382
16469,6.904986
16470,8.806395
16471,5.68989
16472,8.830339
16473,8.793537
16474,7.087428
16475,5.993783
16476,8.030753
16477,8.36919
16478,8.207209
16479,8.224754
16480,5.508743
16481,5.791247
16482,8.340519
16483,7.673931
16484,6.981099
16485,4.735898
16486,5.227087
16487,7.422096
16488,7.838072
16489,-7.47026
16490,8.343209
16491,7.384653
16492,8.842703
16493,5.184086
16494,9.133183
16495,7.80404
16496,5.477221
16497,6.922972
16498,8.42578
16499,6.56046
16500,4.360538
16501,8.949964
16502,2.587736
16503,6.930057
16504,6.602558
16505,8.381297
16506,6.602598
16507,7.472583
16508,5.400534
16509,9.741884
16510,-5.200411
16511,6.347879
16512,5.468536
16513,7.293073
16514,7.18958
16515,8.673208
16516,7.459082
16517,9.887575
16518,5.991439
16519,4.699411
16520,7.687841
16521,5.293012
16522,6.993851
16523,7.817329
16524,5.372481
16525,-8.940117
16526,5.347362
16527,7.198622
16528,7.950573
16529,6.981777
16530,5.157118
16531,4.41055
16532,5.534598
16533,9.157441
16534,6.568468
16535,7.797089
16536,9.127057
16537,6.190524
16538,7.230338
16539,6.521723
16540,3.82388
16541,7.669973
16542,6.423047
16543,5.0925
16544,5.465156
16545,6.521413
16546,6.398972
16547,9.172805
16548,6.862942
16549,6.031519
16550,7.204905
16551,6.338211
16552,7.987186
16553,6.847918
16554,6.972017
16555,6.49033
16556,8.968152
16557,5.24615
16558,9.59371
16559,7.449356
16560,9.501834
16561,6.871585
16562,7.873353
16563,7.455794
16564,4.6892
16565,7.987402
16566,5.139441
16567,5.770232
16568,7.390381
16569,7.77574
16570,7.593854
16571,8.23716
16572,8.16723
16573,4.148684
16574,7.088439
16575,0.107721
16576,6.041371
16577,7.797867
16578,8.223476
16579,6.396004
16580,6.799557
16581,7.901662
16582,5.596637
16583,8.863828
16584,8.572067
16585,7.806638
16586,7.223773
16587,5.181717
16588,5.889443
16589,8.989539
16590,6.077532
16591,6.46456
16592,5.220382
16593,6.760875
16594,2.553501
16595,7.57252
16596,7.860148
16597,7.330778
16598,7.655958
16599,3.529257
16600,5.251272
16601,7.930875
16602,9.541078
16603,7.317133
16604,7.050589
16605,8.284587
16606,7.444365
16607,6.801538
16608,7.797536
16609,7.175893
16610,7.191146
16611,7.831491
16612,8.320707
16613,8.190334
16614,7.382013
16615,8.17545
16616,6.173227
16617,8.224891
16618,5.866956
16619,7.592758
16620,7.626337
16621,4.288303
16622,5.250543
16623,-0.11876
16624,2.292567
16625,7.543387
16626,7.324489
16627,5.140436
16628,5.186636
16629,7.002676
16630,4.496894
16631,9.770596
16632,5.723409
16633,3.273743
16634,-4.489871
16635,5.103239
16636,6.767247
16637,8.791525
16638,7.592098
16639,7.767654
16640,4.609875
16641,8.402568
16642,5.022479
16643,7.41821
16644,7.924208
16645,7.822772
16646,0.697923
16647,9.146256
16648,8.287742
16649,9.655533
16650,8.60455
16651,5.68525
16652,5.857143
16653,8.075023
16654,6.750496
16655,5.198487
16656,6.88662
16657,7.82966
16658,7.748893
16659,8.579449
16660,6.703757
16661,8.346324
16662,7.015499
16663,4.771951
16664,8.934443
16665,7.225338
16666,7.586966
16667,8.366881
16668,10.232139
16669,7.913182
16670,8.601512
16671,6.250393
16672,7.855641
16673,7.225656
16674,6.929708
16675,7.08565
16676,6.467213
16677,6.908186
16678,8.718887
16679,7.977481
16680,7.50497
16681,6.503882
16682,7.447654
16683,7.762514
16684,7.343775
16685,8.063736
16686,8.332121
16687,7.328511
16688,7.302096
16689,8.350682
16690,7.800356
16691,7.36775
16692,7.789024
16693,6.995772
16694,-5.416493
16695,6.302817
16696,7.22522
16697,5.868095
16698,8.131085
16699,8.801672
16700,8.102907
16701,6.736693
16702,7.855618
16703,3.494767
16704,6.479868
16705,8.375071
16706,7.946936
16707,7.314472
16708,6.370665
16709,6.986718
16710,5.542323
16711,7.000957
16712,7.1336
16713,7.265273
16714,7.325826
16715,6.831623
16716,7.447079
16717,5.291496
16718,7.745744
16719,6.480088
16720,8.549165
16721,8.065561
16722,2.685704
16723,6.38553
16724,8.723094
16725,6.972219
16726,9.121252
16727,8.595139
16728,7.922303
16729,6.949577
16730,6.831541
16731,8.323278
16732,6.747643
16733,6.643829
16734,4.643655
16735,3.861603
16736,10.07567
16737,5.25936
16738,4.320575
16739,4.642017
16740,5.712115
16741,8.232321
16742,9.57888
16743,6.077666
16744,5.773959
16745,6.760783
16746,7.870034
16747,8.36054
16748,6.201271
16749,7.707146
16750,6.273525
16751,7.077076
16752,6.49383
16753,9.007513
16754,3.536802
16755,5.14453
16756,3.871155
16757,8.476744
16758,9.019064
16759,8.634197
16760,7.253155
16761,8.646045
16762,7.501982
16763,5.307293
16764,7.057499
16765,8.697939
16766,7.782153
16767,7.1959
16768,3.38564
16769,3.434013
16770,5.742348
16771,7.37822
16772,6.283874
16773,7.93143
16774,5.538354
16775,6.843435
16776,8.364091
16777,5.003043
16778,6.49629
16779,7.893344
16780,5.482425
16781,7.66251
16782,5.746327
16783,6.637385
16784,7.678483
16785,7.767031
16786,8.215116
16787,6.230784
16788,5.12381
16789,6.687771
16790,8.065882
16791,7.896971
16792,6.817728
16793,6.939219
16794,6.247555
16795,7.548549
16796,4.523554
16797,8.282975
16798,8.795762
16799,7.690138
16800,8.065403
16801,7.382053
16802,7.641039
16803,7.788859
16804,7.738925
16805,8.553374
16806,7.095591
16807,6.591072
16808,8.328029
16809,8.929833
16810,6.926277
16811,6.064444
16812,5.046436
16813,3.943397
16814,7.562993
16815,4.227257
16816,7.406642
16817,8.901655
16818,7.007113
16819,6.783264
16820,7.841745
16821,6.811427
16822,7.286031
16823,4.387826
16824,7.596192
16825,7.537705
16826,9.14369
16827,9.281623
16828,7.399855
16829,8.217741
16830,7.336645
16831,7.733363
16832,8.36467
16833,5.546028
16834,7.537601
16835,7.435503
16836,7.721136
16837,6.715101
16838,9.042602
16839,7.92361
16840,7.694991
16841,9.870115
16842,6.73847
16843,10.315177
16844,8.496693
16845,6.314008
16846,7.009394
16847,7.845747
16848,9.473043
16849,5.801971
16850,6.83669
16851,8.108523
16852,8.577973
16853,5.787515
16854,8.235986
16855,5.791008
16856,5.596259
16857,6.309232
16858,7.436521
16859,5.624203
16860,6.843058
16861,9.966383
16862,6.885299
16863,6.637581
16864,7.013875
16865,5.265008
16866,8.977303
16867,4.402249
16868,8.920965
16869,6.129878
16870,4.648312
16871,7.747736
16872,7.53948
16873,7.967517
16874,6.306026
16875,7.523794
16876,6.366794
16877,7.255463
16878,5.441184
16879,6.186793
16880,6.225623
16881,8.122357
16882,4.941385
16883,6.471112
16884,5.777687
16885,6.586534
16886,5.079759
16887,7.649191
16888,9.187342
16889,8.11937
16890,6.048796
16891,8.169635
16892,6.952526
16893,8.320402
16894,9.290254
16895,7.864329
16896,8.548571
16897,4.23194
16898,5.578439
16899,7.074172
16900,5.471037
16901,9.294189
16902,6.291092
16903,6.869609
16904,8.302129
16905,7.617498
16906,6.861203
16907,8.355149
16908,8.62917
16909,-1.766794
16910,4.721103
16911,5.682911
16912,9.161432
16913,8.597791
16914,5.264314
16915,7.256696
16916,8.432471
16917,9.025027
16918,7.831669
16919,8.441064
16920,8.959786
16921,4.356954
16922,7.969364
16923,9.433997
16924,8.747438
16925,6.063444
16926,6.908279
16927,8.537282
16928,6.882052
16929,8.61641
16930,4.238124
16931,7.701542
16932,6.448033
16933,8.482723
16934,8.440986
16935,6.433944
16936,6.303611
16937,8.998587
16938,8.216813
16939,5.917417
16940,8.537341
16941,8.053067
16942,8.075588
16943,8.643865
16944,8.668819
16945,9.194837
16946,7.576758
16947,6.893883
16948,6.087027
16949,7.72749
16950,8.561981
16951,7.457439
16952,9.338229
16953,3.508647
16954,9.223431
16955,4.121815
16956,5.815914
16957,5.112475
16958,8.149476
16959,7.087731
16960,7.759563
16961,5.968188
16962,6.578082
16963,7.815493
16964,9.329305
16965,8.914379
16966,7.827762
16967,6.476126
16968,7.133523
16969,7.172848
16970,8.681648
16971,7.65361
16972,6.767094
16973,5.641976
16974,-3.149747
16975,8.845469
16976,8.58308
16977,8.421439
16978,5.492181
16979,5.694721
16980,6.360983
16981,6.496173
16982,6.291918
16983,8.467757
16984,4.560331
16985,7.131453
16986,10.156725
16987,9.292107
16988,8.51149
16989,4.012517
16990,5.838288
16991,7.279682
16992,7.475908
16993,0.063715
16994,-3.600117
16995,7.150356
16996,8.147406
16997,9.199682
16998,7.557871
16999,7.689024
17000,8.063771
17001,8.454871
17002,4.484562
17003,3.99668
17004,7.305292
17005,7.317981
17006,3.641706
17007,6.600102
17008,6.835181
17009,6.640706
17010,6.026498
17011,6.981942
17012,8.341491
17013,8.870947
17014,5.560495
17015,6.768796
17016,4.667156
17017,5.57115
17018,5.049212
17019,6.826604
17020,7.943186
17021,7.485171
17022,7.403387
17023,3.474834
17024,7.350304
17025,3.827286
17026,6.859986
17027,8.558351
17028,7.220103
17029,5.332767
17030,6.627033
17031,8.271261
17032,5.031418
17033,7.117173
17034,6.12802
17035,7.334533
17036,9.044334
17037,7.235271
17038,6.659903
17039,8.34955
17040,5.223465
17041,8.428045
17042,8.054958
17043,8.078733
17044,8.24137
17045,8.125418
17046,10.93173
17047,5.254445
17048,7.916268
17049,8.232823
17050,6.635434
17051,7.41404
17052,5.346337
17053,8.675232
17054,5.002313
17055,7.891457
17056,4.164747
17057,7.369239
17058,7.151852
17059,8.913491
17060,6.730496
17061,8.27178
17062,5.859424
17063,8.106393
17064,7.177945
17065,5.866811
17066,8.213382
17067,8.083945
17068,6.192953
17069,6.016022
17070,6.173739
17071,6.995861
17072,5.265893
17073,7.207861
17074,5.243558
17075,8.150342
17076,-3.688016
17077,5.543683
17078,9.190505
17079,6.945516
17080,6.257081
17081,7.037734
17082,7.388566
17083,7.888205
17084,5.435082
17085,8.873461
17086,8.572323
17087,7.100461
17088,8.476467
17089,9.772969
17090,6.894138
17091,7.139575
17092,8.750989
17093,5.916809
17094,5.682616
17095,7.758722
17096,8.126835
17097,7.569728
17098,6.567322
17099,9.203942
17100,7.400661
17101,6.242751
17102,8.041892
17103,8.530358
17104,4.892824
17105,6.474179
17106,6.594666
17107,8.433296
17108,7.896815
17109,7.538072
17110,8.276016
17111,9.495741
17112,7.280392
17113,5.952616
17114,4.983446
17115,8.073683
17116,6.7464
17117,6.113398
17118,9.837514
17119,8.98003
17120,8.496785
17121,10.20935
17122,5.245055
17123,7.558792
17124,6.958039
17125,4.78701
17126,6.077669
17127,5.279138
17128,8.845113
17129,2.115207
17130,8.814127
17131,8.57432
17132,6.094667
17133,7.740348
17134,9.423629
17135,8.614603
17136,9.607018
17137,6.807334
17138,5.570432
17139,7.766776
17140,7.4531
17141,5.770944
17142,6.104463
17143,6.041521
17144,9.192754
17145,9.879036
17146,7.516868
17147,3.001729
17148,7.302817
17149,4.538619
17150,8.004502
17151,3.396883
17152,5.929079
17153,4.08356
17154,6.393767
17155,7.367118
17156,6.816884
17157,7.029577
17158,6.618196
17159,6.795504
17160,6.60765
17161,8.464112
17162,7.783918
17163,7.688461
17164,8.507869
17165,7.304395
17166,7.842273
17167,5.369976
17168,6.7063
17169,5.862547
17170,6.978005
17171,8.636369
17172,5.151256
17173,8.416216
17174,6.45326
17175,7.869265
17176,7.62796
17177,9.04889
17178,8.450776
17179,7.355948
17180,6.33325
17181,8.556107
17182,5.338467
17183,9.394526
17184,8.00803
17185,3.858306
17186,8.551019
17187,3.377388
17188,8.465424
17189,5.773116
17190,8.945138
17191,7.808093
17192,5.383016
17193,6.814305
17194,7.682047
17195,3.609306
17196,4.210283
17197,5.115325
17198,6.055149
17199,6.823688
17200,8.817719
17201,7.663673
17202,8.379347
17203,6.754606
17204,7.829744
17205,4.58416
17206,6.979958
17207,5.53873
17208,6.64739
17209,6.950002
17210,8.505525
17211,3.630903
17212,4.036262
17213,5.645677
17214,6.346333
17215,6.475436
17216,6.361719
17217,4.488139
17218,6.620531
17219,7.146604
17220,6.404795
17221,8.77725
17222,7.373986
17223,7.806027
17224,7.69999
17225,6.282555
17226,7.945542
17227,6.45383
17228,4.920978
17229,10.538986
17230,7.204816
17231,7.578349
17232,6.55889
17233,9.147266
17234,8.574002
17235,9.869123
17236,5.95513
17237,8.175934
17238,5.3541
17239,8.064374
17240,6.766074
17241,7.712809
17242,5.715402
17243,8.356517
17244,6.753021
17245,5.065948
17246,8.22086
17247,6.628606
17248,4.361893
17249,6.803237
17250,7.685641
17251,6.8239
17252,6.810085
17253,8.031809
17254,10.340134
17255,6.958882
17256,4.810776
17257,7.261231
17258,6.08077
17259,7.160492
17260,6.543228
17261,8.645236
17262,7.631275
17263,6.346953
17264,-3.341819
17265,-3.823741
17266,9.366013
17267,7.194638
17268,8.659169
17269,5.186756
17270,3.955571
17271,7.162373
17272,8.579356
17273,8.181373
17274,7.047955
17275,3.44453
17276,-2.554462
17277,10.589047
17278,7.277687
17279,7.537335
17280,4.913829
17281,9.087748
17282,9.055802
17283,7.953586
17284,-4.624258
17285,3.55414
17286,6.736595
17287,7.070661
17288,7.026778
17289,7.920077
17290,9.820445
17291,7.553921
17292,8.232648
17293,8.288253
17294,8.204784
17295,8.49706
17296,7.882278
17297,7.315924
17298,5.254934
17299,9.139468
17300,1.308881
17301,7.362508
17302,7.289096
17303,8.385147
17304,6.341892
17305,5.462678
17306,7.338292
17307,0.90329
17308,6.902641
17309,6.572792
17310,9.016218
17311,8.0816
17312,7.546713
17313,6.932994
17314,5.803425
17315,4.75225
17316,7.62096
17317,7.887913
17318,10.273659
17319,3.446218
17320,7.403069
17321,7.125255
17322,8.372984
17323,7.271433
17324,7.446703
17325,6.450976
17326,6.987722
17327,7.790273
17328,9.239739
17329,8.456552
17330,7.740083
17331,4.052089
17332,6.648367
17333,5.801708
17334,8.603627
17335,10.05571
17336,8.890811
17337,8.769942
17338,7.535609
17339,9.172088
17340,3.987153
17341,6.345983
17342,8.542996
17343,8.439502
17344,9.602072
17345,6.132333
17346,7.555572
17347,8.077437
17348,8.704744
17349,4.520791
17350,9.729504
17351,7.756463
17352,6.434908
17353,3.732262
17354,5.502275
17355,7.799409
17356,6.598358
17357,4.029154
17358,6.009007
17359,8.400694
17360,5.704802
17361,8.185227
17362,6.448677
17363,7.204037
17364,7.434726
17365,8.582671
17366,8.749272
17367,6.877278
17368,6.708743
17369,7.173277
17370,8.290771
17371,6.554114
17372,5.616384
17373,3.954065
17374,6.658619
17375,7.889181
17376,7.540672
17377,8.137707
17378,7.621157
17379,7.751795
17380,8.198136
17381,7.960147
17382,6.965888
17383,8.796973
17384,7.268684
17385,6.482258
17386,9.950288
17387,9.16027
17388,9.059135
17389,7.160211
17390,6.413912
17391,-0.423437
17392,7.430842
17393,5.180456
17394,6.043941
17395,6.391351
17396,7.545873
17397,5.341093
17398,7.459202
17399,5.581878
17400,4.549111
17401,7.608497
17402,8.01107
17403,7.953561
17404,7.943631
17405,3.621575
17406,5.368611
17407,6.861583
17408,4.146819
17409,8.664117
17410,7.032023
17411,8.514297
17412,8.983065
17413,3.493867
17414,6.653625
17415,8.001358
17416,4.979128
17417,8.439882
17418,8.508383
17419,8.52436
17420,4.967903
17421,3.626543
17422,8.833389
17423,4.047774
17424,6.968679
17425,7.742094
17426,7.601978
17427,8.974055
17428,8.906817
17429,5.588536
17430,7.44878
17431,7.661551
17432,6.43023
17433,8.366506
17434,4.956557
17435,6.421753
17436,6.32252
17437,6.37804
17438,4.699018
17439,6.604142
17440,4.046249
17441,6.336286
17442,5.991807
17443,7.685439
17444,6.495848
17445,3.877613
17446,7.703123
17447,-4.238615
17448,7.336063
17449,6.582873
17450,5.356215
17451,6.950437
17452,7.401015
17453,7.288791
17454,7.111433
17455,9.057096
17456,8.532544
17457,9.302476
17458,-0.754035
17459,-13.44119
17460,6.233576
17461,6.322418
17462,9.19718
17463,5.377157
17464,7.475627
17465,6.33469
17466,8.008037
17467,7.551071
17468,4.876361
17469,6.891314
17470,6.176703
17471,8.911771
17472,6.811153
17473,9.609735
17474,7.039758
17475,6.548786
17476,7.116197
17477,5.259232
17478,5.762984
17479,7.228695
17480,7.844401
17481,7.435313
17482,9.977165
17483,7.2626
17484,4.569022
17485,6.149379
17486,6.275008
17487,4.897656
17488,8.997809
17489,8.906565
17490,7.964565
17491,6.473022
17492,5.84863
17493,6.421002
17494,4.625726
17495,7.974709
17496,7.583174
17497,6.174954
17498,6.170414
17499,7.525311
17500,6.109274
17501,5.856166
17502,6.008052
17503,7.135129
17504,7.757177
17505,4.993999
17506,6.327381
17507,5.563447
17508,7.609116
17509,8.734557
17510,6.191531
17511,5.094557
17512,6.191717
17513,7.541406
17514,6.536213
17515,6.24338
17516,8.673864
17517,8.325439
17518,8.453574
17519,6.756737
17520,9.715436
17521,8.648597
17522,8.890241
17523,5.849393
17524,7.253219
17525,7.464085
17526,4.692142
17527,5.959203
17528,9.317036
17529,6.712319
17530,7.663035
17531,-6.066901
17532,4.26807
17533,8.368688
17534,8.733434
17535,5.099772
17536,7.709945
17537,6.060158
17538,7.618819
17539,8.114119
17540,5.8665
17541,-0.576412
17542,7.092264
17543,7.029203
17544,7.543237
17545,5.084245
17546,7.49594
17547,0.468355
17548,5.843044
17549,2.77064
17550,8.595498
17551,6.295395
17552,5.244757
17553,7.595285
17554,5.004578
17555,9.736972
17556,8.78622
17557,5.591551
17558,1.202579
17559,6.241256
17560,9.068555
17561,5.947065
17562,7.581616
17563,7.25634
17564,5.164196
17565,6.615661
17566,6.567347
17567,6.37511
17568,5.898037
17569,6.375777
17570,5.245377
17571,6.71856
17572,7.140544
17573,8.030221
17574,7.396072
17575,7.009571
17576,8.96119
17577,5.080744
17578,8.500417
17579,5.830472
17580,7.266648
17581,8.493444
17582,7.585645
17583,5.137149
17584,8.043332
17585,8.976584
17586,6.220003
17587,6.896421
17588,8.275411
17589,7.36768
17590,5.091701
17591,7.159156
17592,10.793611
17593,8.567333
17594,7.192686
17595,10.482467
17596,5.972425
17597,6.338363
17598,6.397662
17599,7.476241
17600,5.153073
17601,7.125985
17602,6.257875
17603,7.783574
17604,7.380127
17605,6.903569
17606,8.688789
17607,9.941648
17608,8.381808
17609,8.85203
17610,7.614648
17611,6.721605
17612,5.941061
17613,6.627641
17614,7.164228
17615,5.916404
17616,5.443908
17617,6.579722
17618,4.459324
17619,9.669357
17620,8.52956
17621,6.390712
17622,9.877577
17623,8.018073
17624,6.299285
17625,5.821344
17626,8.412844
17627,10.766278
17628,9.488071
17629,6.51216
17630,6.645633
17631,9.314874
17632,6.871223
17633,7.532127
17634,8.532984
17635,6.713439
17636,5.569303
17637,7.25358
17638,8.099499
17639,7.686695
17640,7.111515
17641,8.360691
17642,6.021183
17643,5.448892
17644,7.669254
17645,6.981325
17646,10.440377
17647,5.207996
17648,8.568373
17649,-2.868295
17650,9.325473
17651,6.965036
17652,5.018125
17653,7.973831
17654,4.65054
17655,8.704871
17656,8.067493
17657,5.610599
17658,4.018108
17659,7.658761
17660,3.444505
17661,7.9059
17662,6.115855
17663,8.582343
17664,5.499224
17665,9.820283
17666,4.436065
17667,8.646452
17668,5.615472
17669,9.699538
17670,7.158605
17671,4.382832
17672,6.463783
17673,5.846719
17674,7.179798
17675,7.767735
17676,6.869147
17677,7.436892
17678,8.518192
17679,8.823832
17680,5.530548
17681,8.591377
17682,7.855869
17683,7.075649
17684,6.585068
17685,4.291936
17686,7.655119
17687,6.085835
17688,-0.303233
17689,6.545588
17690,8.003651
17691,6.964938
17692,7.385077
17693,7.660627
17694,3.309138
17695,3.000021
17696,7.574931
17697,6.540471
17698,-3.577376
17699,6.502131
17700,6.037244
17701,6.580118
17702,7.951863
17703,7.202413
17704,8.453717
17705,6.444533
17706,8.813653
17707,6.985466
17708,5.58916
17709,6.167795
17710,8.238909
17711,8.238037
17712,8.8457
17713,10.01187
17714,8.219996
17715,4.396389
17716,6.263108
17717,6.482154
17718,4.011896
17719,7.519159
17720,-3.129676
17721,5.490626
17722,9.097029
17723,7.028473
17724,9.045002
17725,6.951028
17726,10.08463
17727,5.105843
17728,5.735837
17729,6.282614
17730,5.814347
17731,8.09091
17732,6.363895
17733,6.684387
17734,7.61565
17735,6.152656
17736,7.31346
17737,7.125778
17738,3.938203
17739,8.152883
17740,6.004771
17741,5.017989
17742,6.640848
17743,8.229004
17744,5.48265
17745,8.013504
17746,5.168476
17747,6.537337
17748,8.646321
17749,3.887007
17750,6.908332
17751,5.543948
17752,-14.006851
17753,7.845145
17754,7.13269
17755,7.742279
17756,8.698697
17757,8.015846
17758,8.988831
17759,8.853928
17760,6.203951
17761,6.170049
17762,7.846942
17763,7.217523
17764,9.851149
17765,7.738414
17766,7.250873
17767,3.974744
17768,6.352103
17769,8.065874
17770,7.341717
17771,7.713775
17772,6.235673
17773,5.570424
17774,6.893364
17775,8.283348
17776,5.67922
17777,8.803306
17778,7.320145
17779,8.99432
17780,7.502673
17781,7.67489
17782,7.977981
17783,9.854012
17784,7.215845
17785,9.10646
17786,4.839251
17787,9.766265
17788,7.070493
17789,6.686554
17790,6.816277
17791,6.896601
17792,5.028869
17793,8.633276
17794,7.298491
17795,6.553798
17796,5.219059
17797,9.738386
17798,8.888379
17799,6.921186
17800,7.841995
17801,9.997945
17802,5.510896
17803,7.076052
17804,6.767345
17805,7.826053
17806,7.407082
17807,3.474879
17808,7.160251
17809,7.043701
17810,8.349293
17811,8.801064
17812,5.613109
17813,7.48233
17814,5.96527
17815,5.386305
17816,7.913765
17817,6.699695
17818,6.636121
17819,8.700918
17820,-12.847653
17821,5.010053
17822,7.238546
17823,7.462694
17824,6.742305
17825,-3.614993
17826,6.411497
17827,6.463919
17828,9.147402
17829,7.983771
17830,7.448672
17831,7.428792
17832,6.566921
17833,7.150076
17834,5.935031
17835,7.961221
17836,6.814159
17837,5.565011
17838,6.710844
17839,7.934544
17840,8.001751
17841,6.743501
17842,8.063136
17843,7.523872
17844,5.785739
17845,8.042541
17846,7.887211
17847,4.212856
17848,5.86251
17849,5.301519
17850,6.399125
17851,6.923053
17852,8.328498
17853,4.749189
17854,8.685548
17855,5.947661
17856,4.631904
17857,7.362318
17858,4.898419
17859,7.107975
17860,6.948798
17861,10.011542
17862,-12.687468
17863,6.052835
17864,6.187058
17865,6.927132
17866,6.740643
17867,8.48946
17868,1.306826
17869,8.603912
17870,7.254189
17871,7.435961
17872,6.141674
17873,7.583356
17874,6.759384
17875,2.397691
17876,9.745644
17877,8.483467
17878,5.786276
17879,4.025863
17880,4.614331
17881,7.074245
17882,6.572572
17883,6.033797
17884,8.897588
17885,5.719766
17886,6.370154
17887,8.463507
17888,9.778051
17889,4.735902
17890,7.907489
17891,9.730644
17892,7.051524
17893,7.686475
17894,6.18202
17895,9.151024
17896,10.298678
17897,8.025798
17898,10.324626
17899,10.348408
17900,6.019363
17901,4.943113
17902,5.90345
17903,6.712155
17904,5.6404
17905,9.14743
17906,7.989035
17907,-0.726138
17908,6.666979
17909,8.183537
17910,8.731671
17911,7.890919
17912,8.003449
17913,7.075525
17914,6.211912
17915,5.72451
17916,8.100876
17917,6.411135
17918,4.790863
17919,7.632027
17920,6.957431
17921,6.111091
17922,7.962883
17923,7.23143
17924,7.021366
17925,9.853949
17926,7.931054
17927,8.977485
17928,6.171769
17929,9.015886
17930,8.287547
17931,5.313335
17932,6.53922
17933,-11.124482
17934,8.259281
17935,7.663382
17936,8.3793
17937,7.549681
17938,8.866258
17939,7.71591
17940,6.557721
17941,5.56043
17942,6.829852
17943,9.904854
17944,5.661333
17945,5.313191
17946,4.893503
17947,7.491632
17948,8.55303
17949,6.449781
17950,5.388862
17951,7.475794
17952,4.761264
17953,7.097085
17954,8.307309
17955,8.3708
17956,4.042987
17957,6.548629
17958,9.129429
17959,8.316882
17960,7.953358
17961,10.360358
17962,4.88076
17963,8.314317
17964,7.263115
17965,7.232835
17966,6.025797
17967,8.483596
17968,7.962678
17969,7.374146
17970,7.684578
17971,7.961794
17972,6.906047
17973,9.115794
17974,9.796525
17975,6.85708
17976,5.419007
17977,4.080068
17978,5.691039
17979,6.169565
17980,8.208216
17981,5.693088
17982,7.551146
17983,7.966075
17984,9.040887
17985,8.285666
17986,5.325949
17987,5.397216
17988,6.646725
17989,7.688852
17990,6.227081
17991,6.283054
17992,7.250754
17993,8.354451
17994,5.948922
17995,6.090324
17996,8.899348
17997,6.627218
17998,9.202529
17999,5.503209
18000,5.973423
18001,9.113296
18002,7.763056
18003,-2.996856
18004,4.372313
18005,6.518515
18006,5.720268
18007,8.650869
18008,6.855415
18009,5.962391
18010,6.112893
18011,8.660936
18012,6.514452
18013,8.189159
18014,4.47443
18015,6.94797
18016,8.237063
18017,5.388792
18018,7.59291
18019,8.362297
18020,9.55376
18021,5.822234
18022,8.007872
18023,4.759332
18024,7.705447
18025,7.610026
18026,8.727192
18027,5.475939
18028,8.028211
18029,5.667888
18030,8.511498
18031,4.672789
18032,7.178125
18033,8.691203
18034,8.595767
18035,7.57769
18036,8.106895
18037,8.581859
18038,8.075505
18039,6.957306
18040,8.121313
18041,8.414074
18042,8.543467
18043,6.648314
18044,7.855467
18045,8.195082
18046,7.223084
18047,7.367085
18048,8.051886
18049,6.438167
18050,4.399737
18051,9.546017
18052,7.480037
18053,6.556919
18054,6.624229
18055,7.025151
18056,5.408157
18057,5.961257
18058,6.874905
18059,6.872008
18060,9.358024
18061,7.512797
18062,6.832042
18063,6.789389
18064,5.554337
18065,6.954876
18066,4.91452
18067,9.512394
18068,7.352022
18069,7.584429
18070,8.055544
18071,7.754969
18072,3.831043
18073,8.579571
18074,7.695793
18075,7.975612
18076,4.268493
18077,7.652811
18078,8.041937
18079,7.640885
18080,7.361092
18081,7.014267
18082,3.966907
18083,8.865607
18084,7.444995
18085,6.856361
18086,5.668231
18087,8.709119
18088,8.172436
18089,7.123861
18090,7.43781
18091,7.934696
18092,2.656537
18093,7.310482
18094,4.855877
18095,7.081329
18096,6.155582
18097,6.127987
18098,6.144688
18099,6.012947
18100,6.299368
18101,8.759721
18102,6.396695
18103,3.569896
18104,7.755793
18105,10.241433
18106,7.698788
18107,6.975168
18108,7.736345
18109,8.808864
18110,7.89545
18111,7.571802
18112,8.989029
18113,6.022392
18114,4.413022
18115,7.261655
18116,9.311614
18117,6.807244
18118,6.474222
18119,5.900181
18120,6.549374
18121,3.844466
18122,10.976034
18123,9.885206
18124,9.465046
18125,7.58295
18126,7.05269
18127,8.193684
18128,8.681716
18129,8.32804
18130,8.140218
18131,5.096605
18132,10.058028
18133,10.11495
18134,8.723224
18135,5.163773
18136,6.92379
18137,6.899429
18138,6.731229
18139,-7.567177
18140,7.469284
18141,6.709134
18142,6.194831
18143,6.768626
18144,5.795677
18145,8.82265
18146,7.344609
18147,8.229262
18148,8.685949
18149,7.922922
18150,7.16501
18151,6.77547
18152,9.069197
18153,8.683133
18154,7.437268
18155,8.817522
18156,6.908966
18157,9.693153
18158,7.248966
18159,6.269323
18160,8.766363
18161,5.696682
18162,5.426144
18163,6.638981
18164,8.858708
18165,6.498965
18166,5.725565
18167,9.001619
18168,8.075825
18169,6.586782
18170,4.381296
18171,10.08683
18172,8.227726
18173,4.792302
18174,3.145177
18175,8.020288
18176,7.630647
18177,6.6534
18178,7.993752
18179,7.250229
18180,8.907407
18181,8.683254
18182,5.283404
18183,7.228026
18184,8.02775
18185,6.909527
18186,5.735828
18187,8.7934
18188,7.535922
18189,6.323966
18190,8.112189
18191,7.659312
18192,5.565244
18193,7.84088
18194,8.565185
18195,5.783207
18196,10.218117
18197,7.005355
18198,5.059756
18199,8.368749
18200,7.61793
18201,7.817918
18202,8.205093
18203,6.761241
18204,2.138016
18205,8.298024
18206,4.578859
18207,7.140064
18208,7.789241
18209,5.586382
18210,7.387
18211,7.831979
18212,5.130081
18213,3.879441
18214,4.393794
18215,7.540279
18216,10.289616
18217,8.228655
18218,7.023838
18219,7.676754
18220,7.288688
18221,8.33178
18222,9.650272
18223,5.512093
18224,6.908138
18225,6.945882
18226,6.452243
18227,10.528415
18228,6.783251
18229,6.046648
18230,6.085247
18231,8.412192
18232,9.880841
18233,9.165439
18234,7.091595
18235,-4.342595
18236,4.317823
18237,6.547443
18238,7.754589
18239,7.122196
18240,6.97619
18241,7.778421
18242,6.041094
18243,5.709845
18244,5.705419
18245,6.962898
18246,4.878
18247,6.172811
18248,8.174564
18249,9.609329
18250,4.742842
18251,6.341163
18252,8.193704
18253,6.577544
18254,10.813686
18255,5.253665
18256,8.155702
18257,6.40127
18258,7.788429
18259,3.266298
18260,6.527767
18261,4.786192
18262,9.526664
18263,-1.564011
18264,6.12177
18265,4.793521
18266,8.789914
18267,6.206938
18268,-2.709534
18269,7.09737
18270,6.486034
18271,-2.4525
18272,7.413736
18273,7.844226
18274,9.420672
18275,9.217832
18276,7.41922
18277,6.371909
18278,5.484846
18279,5.938269
18280,8.559451
18281,6.250105
18282,5.159273
18283,4.942695
18284,8.743713
18285,7.99458
18286,8.697688
18287,5.445182
18288,6.622948
18289,5.001788
18290,7.399801
18291,7.018309
18292,6.448188
18293,6.748659
18294,4.775316
18295,6.951241
18296,3.402385
18297,7.103897
18298,3.429468
18299,7.811106
18300,8.105923
18301,7.890509
18302,8.25503
18303,6.483315
18304,6.881993
18305,7.839943
18306,5.915921
18307,6.760721
18308,6.424594
18309,5.033918
18310,7.628922
18311,6.247624
18312,8.795008
18313,7.517928
18314,7.780711
18315,5.831806
18316,7.90999
18317,6.853252
18318,8.051968
18319,8.254588
18320,6.733993
18321,5.441238
18322,7.404313
18323,7.134317
18324,8.156037
18325,6.375059
18326,4.914599
18327,8.455116
18328,8.997284
18329,7.636448
18330,10.321419
18331,8.205527
18332,7.648039
18333,-4.655798
18334,6.877936
18335,8.476833
18336,8.444834
18337,7.391414
18338,8.356557
18339,5.424546
18340,9.514047
18341,7.670578
18342,7.44365
18343,5.368942
18344,5.218969
18345,5.290943
18346,9.440652
18347,7.177547
18348,7.770691
18349,4.789628
18350,9.140318
18351,7.819699
18352,7.718515
18353,6.598087
18354,3.555022
18355,7.499349
18356,5.329976
18357,6.928837
18358,9.921213
18359,7.877887
18360,6.659275
18361,5.873515
18362,6.662928
18363,7.670742
18364,4.986489
18365,7.023991
18366,9.115555
18367,5.98269
18368,7.883031
18369,7.07634
18370,6.182405
18371,7.975212
18372,-3.619336
18373,9.392498
18374,5.831025
18375,7.039973
18376,8.937244
18377,7.179448
18378,6.658002
18379,8.291321
18380,7.605238
18381,6.614376
18382,8.466776
18383,6.955069
18384,6.257149
18385,7.346948
18386,6.724057
18387,8.070767
18388,8.15818
18389,7.246242
18390,7.749035
18391,9.087528
18392,8.403431
18393,9.476763
18394,6.920588
18395,4.033384
18396,8.667458
18397,8.994871
18398,8.321068
18399,8.196896
18400,5.134575
18401,6.518462
18402,7.922817
18403,7.004413
18404,5.489472
18405,5.846043
18406,7.804519
18407,6.816145
18408,5.841385
18409,8.588804
18410,7.617205
18411,9.566938
18412,4.252663
18413,5.486187
18414,7.184693
18415,5.81335
18416,7.871556
18417,9.072245
18418,6.207209
18419,8.383692
18420,7.213
18421,7.23716
18422,7.341468
18423,6.990294
18424,9.007293
18425,4.127242
18426,8.478797
18427,6.485009
18428,9.655133
18429,8.507541
18430,7.569095
18431,7.824755
18432,8.148557
18433,8.087316
18434,3.892754
18435,6.993477
18436,9.395226
18437,8.109482
18438,4.522923
18439,3.754395
18440,5.886718
18441,8.507769
18442,7.841722
18443,5.401486
18444,8.658592
18445,8.560865
18446,9.402357
18447,8.854626
18448,9.092219
18449,10.900114
18450,10.00346
18451,4.604772
18452,7.257347
18453,5.1697
18454,7.069348
18455,5.788974
18456,4.910897
18457,8.186834
18458,7.691127
18459,8.02926
18460,9.341954
18461,6.930051
18462,7.685999
18463,6.261432
18464,6.669072
18465,7.093278
18466,4.466024
18467,7.811972
18468,5.308689
18469,7.944977
18470,6.707016
18471,7.559182
18472,9.381047
18473,4.111536
18474,8.378305
18475,7.853733
18476,8.021251
18477,10.304801
18478,8.520289
18479,7.016593
18480,6.413801
18481,4.980784
18482,8.671937
18483,6.428861
18484,5.829703
18485,1.345672
18486,-2.88446
18487,7.837926
18488,6.285672
18489,7.835185
18490,6.376273
18491,4.000093
18492,7.421602
18493,8.026413
18494,4.913491
18495,7.851325
18496,7.520354
18497,7.678583
18498,4.257431
18499,4.736177
18500,5.087349
18501,6.573358
18502,6.676022
18503,5.035831
18504,7.750241
18505,8.73062
18506,6.73305
18507,8.048921
18508,8.245855
18509,5.461953
18510,5.442383
18511,4.410859
18512,7.831404
18513,7.062424
18514,6.639047
18515,6.748901
18516,8.55115
18517,7.504315
18518,7.685627
18519,6.768387
18520,5.531576
18521,8.07715
18522,7.189093
18523,9.728653
18524,8.066798
18525,7.991114
18526,5.743295
18527,8.604133
18528,3.530883
18529,5.212496
18530,5.446113
18531,6.108241
18532,8.430763
18533,5.781905
18534,5.692476
18535,4.843002
18536,6.955324
18537,7.694646
18538,8.460701
18539,7.844929
18540,5.19013
18541,4.698826
18542,8.113974
18543,7.497626
18544,6.005163
18545,8.222231
18546,9.401246
18547,7.99543
18548,6.820291
18549,-5.259316
18550,5.342561
18551,7.110604
18552,7.28483
18553,8.178155
18554,6.503287
18555,9.997737
18556,7.948437
18557,6.976657
18558,6.396734
18559,5.9393
18560,9.089478
18561,5.295047
18562,7.626669
18563,7.828683
18564,7.50278
18565,6.997252
18566,7.306143
18567,7.851373
18568,7.067317
18569,7.011577
18570,8.407965
18571,7.107685
18572,6.136243
18573,8.954678
18574,8.957853
18575,8.781004
18576,-4.02756
18577,9.236585
18578,8.647248
18579,7.558682
18580,5.450025
18581,6.712196
18582,3.915669
18583,6.520809
18584,6.479033
18585,6.081782
18586,8.600444
18587,7.570705
18588,7.457925
18589,7.116852
18590,6.947568
18591,4.088393
18592,7.285546
18593,6.804525
18594,8.201063
18595,6.685162
18596,4.915791
18597,9.430816
18598,4.593656
18599,9.788886
18600,8.896188
18601,7.994152
18602,8.903024
18603,4.337114
18604,4.430918
18605,7.471451
18606,6.760162
18607,6.33578
18608,7.833759
18609,8.854874
18610,9.317593
18611,6.170091
18612,8.325446
18613,7.284005
18614,8.73132
18615,6.351513
18616,6.611829
18617,5.277496
18618,7.434212
18619,-27.223826
18620,4.577825
18621,6.651398
18622,6.060835
18623,8.566313
18624,7.885191
18625,6.088949
18626,6.415855
18627,6.592448
18628,7.687204
18629,8.002928
18630,7.913747
18631,5.235892
18632,8.853216
18633,10.342745
18634,6.482525
18635,4.785338
18636,8.463007
18637,7.010643
18638,6.045786
18639,4.640779
18640,5.5598
18641,6.207728
18642,5.868468
18643,7.132702
18644,5.942538
18645,6.429035
18646,7.344323
18647,3.44528
18648,4.535942
18649,-13.640174
18650,9.260553
18651,5.599613
18652,7.289887
18653,9.456303
18654,9.328681
18655,5.830299
18656,7.135338
18657,5.780508
18658,7.943715
18659,8.094695
18660,-2.874939
18661,9.234345
18662,6.525058
18663,4.706049
18664,7.150421
18665,6.808593
18666,9.052025
18667,4.635607
18668,7.353748
18669,7.242829
18670,7.627506
18671,6.765338
18672,5.290982
18673,5.725183
18674,8.616437
18675,6.859442
18676,8.554996
18677,6.665229
18678,7.550541
18679,6.808214
18680,5.987336
18681,6.083792
18682,9.39531
18683,7.326028
18684,6.483272
18685,7.778374
18686,6.303326
18687,8.220527
18688,5.851996
18689,7.314168
18690,7.455849
18691,7.926343
18692,7.105946
18693,8.422648
18694,8.557298
18695,9.247784
18696,6.521665
18697,7.795765
18698,7.594759
18699,6.974208
18700,8.093745
18701,7.024407
18702,7.379558
18703,6.510496
18704,6.788536
18705,5.266244
18706,8.08337
18707,9.323883
18708,8.952163
18709,6.703323
18710,6.683347
18711,6.290354
18712,7.57902
18713,6.247346
18714,7.807514
18715,6.127362
18716,6.625887
18717,3.689306
18718,8.939572
18719,8.124389
18720,7.671572
18721,7.898295
18722,7.686585
18723,6.36253
18724,7.125565
18725,6.230163
18726,5.03639
18727,6.621029
18728,8.724525
18729,7.283816
18730,7.873063
18731,7.041337
18732,5.708313
18733,7.767663
18734,4.6447
18735,9.56081
18736,6.686424
18737,6.625968
18738,8.001042
18739,4.088896
18740,6.926247
18741,6.132388
18742,8.217471
18743,7.277167
18744,7.942481
18745,3.92429
18746,8.54606
18747,7.728712
18748,6.315362
18749,7.891121
18750,4.621542
18751,7.144359
18752,0.762412
18753,5.666443
18754,6.370676
18755,8.646571
18756,6.839025
18757,7.486651
18758,7.523735
18759,6.963466
18760,5.488537
18761,7.70909
18762,6.914344
18763,3.41192
18764,7.869868
18765,8.230795
18766,8.876136
18767,3.290871
18768,7.197653
18769,8.999384
18770,7.480509
18771,8.159492
18772,6.844684
18773,5.283915
18774,5.187516
18775,8.235129
18776,8.433468
18777,6.297956
18778,9.328307
18779,8.769124
18780,7.060443
18781,6.957637
18782,10.134204
18783,8.704846
18784,5.741103
18785,6.752715
18786,6.655556
18787,4.973286
18788,5.298794
18789,7.551197
18790,5.929206
18791,7.5197
18792,7.050223
18793,7.781371
18794,6.80687
18795,7.639309
18796,-1.466558
18797,4.226053
18798,6.71677
18799,3.067455
18800,8.912301
18801,7.866514
18802,6.842725
18803,6.327602
18804,7.545132
18805,5.372368
18806,6.967536
18807,7.463699
18808,8.049628
18809,5.935445
18810,7.419639
18811,-3.924142
18812,8.02337
18813,8.601308
18814,6.306736
18815,8.1136
18816,6.679019
18817,8.286718
18818,5.304238
18819,6.053083
18820,5.324195
18821,5.974717
18822,6.050744
18823,4.907421
18824,9.34503
18825,8.752353
18826,7.121601
18827,7.488017
18828,7.954772
18829,7.661597
18830,6.574454
18831,5.243979
18832,5.185839
18833,6.795027
18834,4.834158
18835,7.653998
18836,8.522331
18837,6.745475
18838,6.756376
18839,7.311071
18840,8.122872
18841,7.608684
18842,7.902352
18843,8.668002
18844,8.726263
18845,4.323096
18846,3.344915
18847,9.661326
18848,7.827209
18849,5.190698
18850,6.72987
18851,6.477714
18852,5.35535
18853,8.32113
18854,8.000803
18855,6.855226
18856,-9.275082
18857,7.167626
18858,8.145263
18859,7.936695
18860,6.85513
18861,7.564142
18862,5.267265
18863,7.693333
18864,7.044677
18865,5.600874
18866,6.57687
18867,8.816893
18868,7.170867
18869,8.558946
18870,-3.772898
18871,4.708861
18872,1.303092
18873,8.196939
18874,9.866009
18875,7.751961
18876,6.338423
18877,7.775721
18878,5.476307
18879,8.826282
18880,8.201367
18881,6.234311
18882,-3.046468
18883,6.155785
18884,8.896949
18885,6.391423
18886,7.434155
18887,7.723274
18888,5.628085
18889,7.848421
18890,8.067369
18891,7.234763
18892,7.671493
18893,7.248864
18894,8.662612
18895,8.282003
18896,7.572188
18897,8.650549
18898,8.785386
18899,8.853456
18900,6.973436
18901,6.622907
18902,9.071863
18903,6.024003
18904,6.870087
18905,7.04449
18906,6.681825
18907,6.945391
18908,5.398738
18909,6.75208
18910,7.881445
18911,6.688349
18912,6.645767
18913,8.988135
18914,6.904061
18915,7.778818
18916,6.001649
18917,7.629011
18918,6.692052
18919,4.712822
18920,5.65024
18921,5.760015
18922,8.176416
18923,4.886694
18924,7.458321
18925,0.665406
18926,9.811852
18927,7.444961
18928,5.50294
18929,9.776932
18930,8.817727
18931,9.703563
18932,5.536591
18933,7.089706
18934,7.951367
18935,8.439629
18936,6.816834
18937,7.549474
18938,5.12833
18939,8.164639
18940,5.733928
18941,6.404854
18942,9.251289
18943,6.692747
18944,7.396682
18945,6.924966
18946,4.396933
18947,7.406365
18948,8.161583
18949,7.728381
18950,4.716364
18951,4.866914
18952,9.117715
18953,6.545396
18954,7.859645
18955,7.737523
18956,8.691776
18957,8.532192
18958,9.451956
18959,5.685899
18960,7.854854
18961,7.667851
18962,4.829448
18963,7.554423
18964,7.901867
18965,10.230557
18966,8.088033
18967,8.597663
18968,7.844628
18969,6.342233
18970,8.167058
18971,7.920141
18972,8.349841
18973,8.470722
18974,5.946024
18975,3.397358
18976,6.204514
18977,5.405661
18978,3.594843
18979,6.618259
18980,5.755541
18981,6.0649
18982,10.31365
18983,8.329542
18984,4.720623
18985,5.900052
18986,8.371018
18987,6.676298
18988,9.429189
18989,7.445493
18990,6.717411
18991,4.525235
18992,6.974094
18993,5.654128
18994,6.700104
18995,-2.1884
18996,8.509582
18997,8.842013
18998,7.519754
18999,8.291694
19000,6.876033
19001,4.89077
19002,5.034538
19003,4.979626
19004,6.902332
19005,8.592053
19006,8.847856
19007,5.91576
19008,9.383544
19009,6.94446
19010,8.044278
19011,8.46153
19012,10.032051
19013,6.399306
19014,5.365975
19015,5.414092
19016,6.866107
19017,5.504114
19018,4.571894
19019,4.264665
19020,7.544198
19021,7.928524
19022,4.713353
19023,8.572189
19024,2.604047
19025,5.407856
19026,8.496297
19027,8.529723
19028,7.260656
19029,9.981582
19030,-1.149927
19031,7.635102
19032,8.023235
19033,6.812676
19034,10.767504
19035,8.800603
19036,7.383385
19037,2.815321
19038,8.304215
19039,8.446634
19040,8.003164
19041,-12.864067
19042,8.770082
19043,8.490816
19044,6.537337
19045,6.204067
19046,5.848142
19047,7.765437
19048,9.288912
19049,6.91357
19050,5.763065
19051,7.219704
19052,8.506368
19053,4.444574
19054,6.5152
19055,8.214132
19056,8.900653
19057,8.477443
19058,9.004324
19059,9.856441
19060,7.404513
19061,8.013175
19062,7.402501
19063,6.993151
19064,7.43708
19065,8.208019
19066,6.048104
19067,6.152473
19068,7.095258
19069,8.343316
19070,7.397596
19071,9.325001
19072,5.814472
19073,7.759298
19074,7.960035
19075,8.113914
19076,7.803813
19077,6.043541
19078,6.128389
19079,8.290153
19080,5.536769
19081,7.844659
19082,7.757817
19083,6.968536
19084,4.655258
19085,8.795132
19086,8.516577
19087,7.263028
19088,9.713099
19089,8.555315
19090,8.208505
19091,7.659839
19092,6.404023
19093,4.358945
19094,9.244335
19095,6.943253
19096,4.342842
19097,9.277166
19098,7.460114
19099,7.664228
19100,8.019075
19101,7.949462
19102,7.58741
19103,6.754001
19104,7.072182
19105,-13.292834
19106,9.157038
19107,6.157451
19108,8.019631
19109,5.806094
19110,4.900677
19111,7.087194
19112,7.250033
19113,8.163634
19114,8.413922
19115,6.796611
19116,7.406109
19117,5.993542
19118,7.661601
19119,7.759763
19120,10.892163
19121,6.941047
19122,7.917917
19123,8.010555
19124,4.627307
19125,5.695678
19126,7.577745
19127,5.412934
19128,6.65807
19129,7.000767
19130,6.137978
19131,1.153373
19132,8.337384
19133,5.890976
19134,5.609318
19135,6.627378
19136,6.772174
19137,7.218266
19138,2.957277
19139,7.288969
19140,7.676276
19141,-2.767045
19142,9.486743
19143,7.403377
19144,6.850124
19145,6.384975
19146,4.355808
19147,6.295822
19148,7.141673
19149,6.816005
19150,9.041594
19151,7.613122
19152,9.667588
19153,8.885312
19154,8.226971
19155,7.336822
19156,8.469187
19157,7.238764
19158,5.989866
19159,6.067672
19160,7.428429
19161,8.810922
19162,7.610109
19163,7.164337
19164,8.253413
19165,9.336163
19166,7.667818
19167,7.399965
19168,7.896223
19169,7.803055
19170,9.36876
19171,5.557492
19172,7.128126
19173,9.467291
19174,5.973629
19175,8.212928
19176,8.415244
19177,8.271691
19178,5.390957
19179,7.850178
19180,8.124977
19181,8.494505
19182,6.010809
19183,7.973388
19184,5.863572
19185,7.955683
19186,6.89298
19187,7.364156
19188,9.273169
19189,6.394496
19190,7.940734
19191,6.28777
19192,6.776336
19193,8.5131
19194,4.269349
19195,9.201123
19196,8.003026
19197,3.861011
19198,7.750111
19199,6.892939
19200,6.930246
19201,7.364671
19202,6.590364
19203,4.120363
19204,5.951143
19205,9.549914
19206,5.232458
19207,6.676761
19208,7.475341
19209,7.944751
19210,8.555659
19211,7.597951
19212,8.120061
19213,-3.083665
19214,6.250236
19215,8.163418
19216,3.354366
19217,7.497271
19218,9.116656
19219,8.042631
19220,4.590138
19221,5.066643
19222,9.493387
19223,7.451282
19224,-5.063704
19225,6.502921
19226,7.756374
19227,3.862414
19228,7.08423
19229,6.89665
19230,5.053253
19231,8.104757
19232,6.223052
19233,4.791328
19234,8.468712
19235,8.918761
19236,5.5266
19237,3.201096
19238,5.714753
19239,7.05853
19240,6.389108
19241,7.163747
19242,6.605285
19243,5.445358
19244,8.041714
19245,5.454145
19246,7.669091
19247,6.994717
19248,5.922601
19249,4.572551
19250,10.038864
19251,7.090326
19252,8.533516
19253,6.842082
19254,7.759272
19255,9.384476
19256,8.684088
19257,5.241038
19258,0.322375
19259,4.03856
19260,5.388418
19261,10.469565
19262,8.502654
19263,8.319074
19264,8.576619
19265,6.50153
19266,8.443077
19267,8.727618
19268,7.770638
19269,9.882653
19270,6.341441
19271,6.554884
19272,5.185219
19273,3.74857
19274,6.258463
19275,6.860012
19276,7.656973
19277,7.077648
19278,7.61204
19279,6.745924
19280,-4.771203
19281,7.791022
19282,7.375101
19283,8.271855
19284,6.160726
19285,8.170443
19286,7.176835
19287,6.269572
19288,6.592043
19289,7.367461
19290,6.817714
19291,7.479948
19292,7.015397
19293,8.321975
19294,6.535042
19295,4.16554
19296,8.507461
19297,8.192467
19298,9.081185
19299,7.115755
19300,7.083608
19301,2.544001
19302,6.616221
19303,4.477727
19304,7.551774
19305,7.815547
19306,7.543539
19307,5.980701
19308,9.222645
19309,4.388071
19310,9.021043
19311,7.814204
19312,-2.333647
19313,7.579793
19314,6.606216
19315,6.700024
19316,6.419506
19317,7.212412
19318,6.141471
19319,7.666822
19320,6.358269
19321,6.865331
19322,5.697638
19323,5.90081
19324,8.568369
19325,6.131158
19326,7.578452
19327,4.363013
19328,7.576878
19329,3.814572
19330,7.51334
19331,7.917316
19332,6.112952
19333,5.354819
19334,7.553791
19335,7.281576
19336,6.854001
19337,6.317245
19338,7.081898
19339,6.438564
19340,7.788933
19341,8.658297
19342,9.296506
19343,5.885862
19344,7.383403
19345,5.746184
19346,7.692517
19347,6.546216
19348,7.481047
19349,3.69203
19350,7.136914
19351,6.134531
19352,9.559809
19353,3.796072
19354,8.565975
19355,4.673179
19356,7.806531
19357,7.639527
19358,5.189063
19359,8.190806
19360,6.489408
19361,6.867374
19362,5.497502
19363,6.318523
19364,8.087908
19365,4.741433
19366,7.913904
19367,3.576175
19368,5.966007
19369,6.594811
19370,1.966482
19371,6.953576
19372,7.439409
19373,7.675892
19374,6.84305
19375,7.46331
19376,6.191583
19377,6.661129
19378,7.224201
19379,5.811272
19380,-6.761399
19381,6.477218
19382,5.308466
19383,5.625691
19384,8.349168
19385,-0.373175
19386,7.33035
19387,7.969091
19388,8.678069
19389,7.743012
19390,7.503785
19391,5.634725
19392,5.907711
19393,6.668656
19394,7.879008
19395,6.751799
19396,5.257726
19397,7.612073
19398,7.765194
19399,7.259913
19400,6.589204
19401,7.07148
19402,6.762748
19403,7.427542
19404,6.828602
19405,8.232181
19406,5.718685
19407,7.244201
19408,7.741089
19409,6.172408
19410,8.553313
19411,7.123253
19412,7.714668
19413,3.717128
19414,6.222369
19415,5.756474
19416,6.78223
19417,7.030845
19418,5.353447
19419,7.83748
19420,7.365447
19421,6.929257
19422,6.605641
19423,6.23513
19424,7.852534
19425,7.737172
19426,8.274749
19427,3.769724
19428,7.997097
19429,7.431132
19430,9.569628
19431,7.831711
19432,6.406996
19433,6.911586
19434,8.127294
19435,8.307091
19436,6.828927
19437,6.417171
19438,8.312146
19439,1.018366
19440,8.957305
19441,8.951572
19442,4.914603
19443,8.789462
19444,7.563236
19445,6.416673
19446,7.384592
19447,6.873165
19448,5.851184
19449,8.194758
19450,8.949032
19451,7.733804
19452,5.436338
19453,8.928963
19454,4.998145
19455,9.356059
19456,8.18207
19457,6.706349
19458,6.869123
19459,8.113429
19460,-5.313191
19461,5.096252
19462,5.929864
19463,6.991408
19464,6.017749
19465,9.201756
19466,7.377332
19467,6.103139
19468,8.974179
19469,7.002673
19470,2.273447
19471,6.767778
19472,7.384897
19473,8.526103
19474,5.326423
19475,6.364034
19476,6.479927
19477,7.232408
19478,4.247507
19479,7.88672
19480,7.406341
19481,8.34948
19482,5.495904
19483,6.649066
19484,7.705184
19485,3.954261
19486,-1.137186
19487,7.68005
19488,-7.548852
19489,7.632943
19490,9.299771
19491,9.346957
19492,5.365812
19493,4.691133
19494,5.821041
19495,7.512676
19496,7.469098
19497,6.77534
19498,6.799652
19499,6.293965
19500,7.568046
19501,8.155145
19502,5.790497
19503,4.951374
19504,5.868652
19505,-3.15573
19506,8.281155
19507,7.88287
19508,8.490695
19509,-10.488265
19510,8.510381
19511,3.98266
19512,4.926956
19513,7.300047
19514,6.208867
19515,5.273476
19516,6.265616
19517,7.414697
19518,7.715181
19519,8.867034
19520,7.753562
19521,8.174295
19522,2.804664
19523,7.753705
19524,8.541393
19525,9.00956
19526,4.131136
19527,6.920627
19528,7.165104
19529,7.553197
19530,6.203899
19531,6.736719
19532,7.240278
19533,6.886554
19534,5.859584
19535,6.48886
19536,6.046006
19537,6.649135
19538,6.036511
19539,9.608751
19540,6.240988
19541,8.331277
19542,8.374627
19543,7.915325
19544,4.907429
19545,8.101454
19546,7.238269
19547,5.703289
19548,7.547328
19549,7.442234
19550,9.59435
19551,8.879179
19552,7.29462
19553,6.48767
19554,5.635182
19555,4.763712
19556,7.656932
19557,6.533455
19558,6.810822
19559,8.599511
19560,3.527458
19561,7.137424
19562,6.53092
19563,7.640882
19564,8.944491
19565,5.760512
19566,8.044807
19567,8.712059
19568,7.899162
19569,6.473222
19570,5.715287
19571,-1.842734
19572,7.741562
19573,6.692369
19574,8.536195
19575,10.698795
19576,7.108482
19577,7.23122
19578,7.12134
19579,6.605655
19580,6.90851
19581,6.86649
19582,9.289994
19583,7.339343
19584,5.459194
19585,10.016905
19586,7.681996
19587,6.565525
19588,9.361891
19589,7.154777
19590,6.464134
19591,4.606837
19592,-0.601953
19593,6.752593
19594,7.259658
19595,7.308517
19596,-3.653243
19597,7.235491
19598,5.317969
19599,7.072587
19600,5.333829
19601,7.403207
19602,3.95204
19603,7.326647
19604,6.271398
19605,5.051313
19606,8.43628
19607,7.827565
19608,6.097458
19609,8.104016
19610,7.09736
19611,7.415162
19612,7.9725
19613,4.415816
19614,2.198871
19615,8.538365
19616,7.949346
19617,7.478382
19618,5.828713
19619,8.583833
19620,3.539192
19621,8.647053
19622,5.345141
19623,5.52234
19624,8.106099
19625,9.205309
19626,6.983982
19627,8.133856
19628,7.244458
19629,9.2778
19630,5.213282
19631,7.803695
19632,5.530995
19633,7.147337
19634,7.508919
19635,9.889284
19636,4.416253
19637,7.214571
19638,7.804444
19639,7.443972
19640,6.678998
19641,11.326783
19642,7.54726
19643,9.270506
19644,6.132409
19645,9.47861
19646,6.775034
19647,8.5486
19648,7.193143
19649,6.923376
19650,8.016745
19651,6.325202
19652,5.483918
19653,7.423949
19654,7.618306
19655,9.459244
19656,5.36725
19657,4.522707
19658,6.087441
19659,10.167469
19660,5.31168
19661,7.143945
19662,7.323295
19663,6.808126
19664,9.840372
19665,9.902969
19666,5.94082
19667,7.357851
19668,7.121246
19669,5.667772
19670,6.023881
19671,8.973242
19672,6.254775
19673,0.999348
19674,5.783544
19675,8.645669
19676,5.828838
19677,6.23638
19678,9.005813
19679,6.442812
19680,5.639305
19681,7.329627
19682,6.67021
19683,9.067936
19684,7.798509
19685,7.008381
19686,3.601202
19687,4.500227
19688,5.606137
19689,4.152416
19690,7.871022
19691,4.346641
19692,7.392115
19693,8.609657
19694,4.555972
19695,6.5701
19696,6.786022
19697,4.765435
19698,4.678613
19699,4.821341
19700,7.388889
19701,8.085087
19702,6.281337
19703,4.10299
19704,5.114007
19705,8.273256
19706,8.635334
19707,4.534029
19708,5.748019
19709,7.240216
19710,7.318406
19711,4.106471
19712,2.632876
19713,6.379252
19714,4.340473
19715,6.716476
19716,5.372165
19717,8.462037
19718,9.396688
19719,9.341763
19720,6.879503
19721,6.446801
19722,7.875152
19723,5.501021
19724,4.537374
19725,5.335569
19726,-11.569908
19727,8.189234
19728,8.799636
19729,7.053232
19730,6.708598
19731,9.333344
19732,8.523621
19733,9.371893
19734,5.636729
19735,8.720504
19736,6.395687
19737,5.252283
19738,8.079393
19739,8.379154
19740,6.138669
19741,7.736037
19742,8.549858
19743,8.533048
19744,7.134258
19745,3.923039
19746,7.196324
19747,8.601924
19748,9.748634
19749,4.274716
19750,-9.309824
19751,8.54533
19752,8.594262
19753,6.110484
19754,5.384742
19755,7.640643
19756,5.319981
19757,7.091644
19758,6.495229
19759,7.08496
19760,-0.60882
19761,8.803832
19762,7.276528
19763,5.585849
19764,7.626316
19765,6.665121
19766,6.433499
19767,0.581467
19768,8.862177
19769,9.165649
19770,8.48868
19771,10.21823
19772,7.284424
19773,4.909991
19774,7.544696
19775,4.3995
19776,6.579022
19777,8.945767
19778,7.828237
19779,7.091121
19780,7.097605
19781,7.542974
19782,9.466475
19783,8.140388
19784,9.967243
19785,7.185843
19786,8.788917
19787,4.244702
19788,7.758924
19789,9.278394
19790,0.383295
19791,5.226938
19792,6.681183
19793,5.827318
19794,-1.236999
19795,8.263313
19796,6.562928
19797,8.052528
19798,5.469205
19799,-3.100125
19800,6.022825
19801,6.188627
19802,7.603041
19803,7.343512
19804,8.561732
19805,8.290411
19806,5.755369
19807,6.629821
19808,8.894651
19809,6.95906
19810,5.38877
19811,9.213027
19812,7.703167
19813,6.98846
19814,7.786757
19815,7.138417
19816,7.265284
19817,6.296735
19818,7.690332
19819,6.847769
19820,9.38632
19821,6.110804
19822,7.34854
19823,8.692066
19824,8.037332
19825,7.313455
19826,8.365486
19827,6.91499
19828,8.079466
19829,8.18726
19830,7.838933
19831,6.837406
19832,7.317532
19833,7.166656
19834,8.698247
19835,7.442827
19836,5.984883
19837,6.979572
19838,7.392487
19839,9.08534
19840,8.353323
19841,7.223989
19842,3.95625
19843,7.102475
19844,7.179565
19845,5.331771
19846,10.030885
19847,0.340402
19848,6.936621
19849,6.753512
19850,7.622006
19851,6.689357
19852,7.422235
19853,8.665769
19854,10.03815
19855,6.03276
19856,8.163566
19857,6.211922
19858,6.603567
19859,9.023956
19860,7.184631
19861,-0.715158
19862,6.567086
19863,8.94275
19864,4.604704
19865,4.270471
19866,7.446892
19867,8.290555
19868,8.167382
19869,7.006275
19870,7.41547
19871,7.489687
19872,6.982974
19873,4.567554
19874,8.589486
19875,9.124533
19876,6.061752
19877,6.789243
19878,6.882174
19879,7.798587
19880,10.384617
19881,6.857322
19882,6.380513
19883,5.599631
19884,9.754158
19885,8.227306
19886,8.287069
19887,7.930465
19888,6.147294
19889,6.918599
19890,7.455453
19891,5.872066
19892,7.200262
19893,5.829881
19894,4.671355
19895,7.885017
19896,7.264731
19897,7.995034
19898,9.172429
19899,7.663265
19900,5.192824
19901,6.651989
19902,8.448205
19903,10.638711
19904,6.440838
19905,5.219479
19906,6.404796
19907,8.672962
19908,8.104586
19909,9.434649
19910,6.400268
19911,6.454431
19912,9.224203
19913,6.842758
19914,7.193251
19915,6.537841
19916,4.945427
19917,6.671733
19918,8.573716
19919,6.84857
19920,8.761012
19921,0.953467
19922,8.038716
19923,6.974888
19924,7.021706
19925,6.99473
19926,7.866747
19927,7.166959
19928,8.268603
19929,4.883477
19930,4.128071
19931,7.065571
19932,5.336376
19933,8.38374
19934,8.064951
19935,6.706227
19936,6.364753
19937,8.570486
19938,4.899302
19939,7.638827
19940,2.79839
19941,8.822691
19942,8.770911
19943,8.893472
19944,0.709479
19945,7.461917
19946,9.831405
19947,8.693877
19948,8.010432
19949,9.207962
19950,6.508325
19951,8.119181
19952,8.178359
19953,6.601436
19954,5.943709
19955,5.709868
19956,7.693416
19957,5.465674
19958,8.23148
19959,7.314452
19960,8.8672
19961,8.135946
19962,7.62782
19963,6.774747
19964,8.677183
19965,6.554137
19966,8.183703
19967,6.920279
19968,8.920426
19969,8.671093
19970,7.736597
19971,8.985248
19972,8.676445
19973,5.80837
19974,6.882817
19975,8.006962
19976,10.05068
19977,6.470374
19978,6.980601
19979,6.411383
19980,8.354221
19981,5.453932
19982,5.921872
19983,4.704531
19984,6.854536
19985,4.512613
19986,6.410269
19987,5.892445
19988,6.931221
19989,5.219169
19990,5.973245
19991,6.734346
19992,5.908089
19993,5.384617
19994,7.895893
19995,6.632312
19996,1.148302
19997,7.280192
19998,6.486431
19999,8.271962
20000,5.250092
20001,6.196727
20002,8.401926
20003,7.776543
20004,7.441685
20005,5.308135
20006,6.496512
20007,8.712043
20008,8.669874
20009,5.477908
20010,8.378268
20011,9.110115
20012,5.766094
20013,7.296989
20014,5.876431
20015,6.755752
20016,8.367745
20017,7.439384
20018,5.69059
20019,7.263795
20020,7.485596
20021,9.072084
20022,7.80362
20023,7.107948
20024,7.887797
20025,7.543153
20026,8.897974
20027,9.901251
20028,6.40806
20029,6.241035
20030,9.061166
20031,5.45489
20032,9.337032
20033,6.13679
20034,7.386435
20035,6.764892
20036,7.297825
20037,5.58589
20038,6.503309
20039,8.702975
20040,1.143447
20041,7.058125
20042,1.716987
20043,10.870948
20044,6.439046
20045,6.362266
20046,6.478377
20047,9.371008
20048,9.093475
20049,3.983825
20050,5.265435
20051,-6.888473
20052,6.965763
20053,5.15243
20054,7.952731
20055,7.363068
20056,1.798741
20057,6.505462
20058,5.506551
20059,8.105724
20060,6.881668
20061,6.473049
20062,8.220821
20063,8.50344
20064,7.229056
20065,4.246106
20066,7.677594
20067,8.646485
20068,4.259849
20069,5.803471
20070,7.357958
20071,5.836662
20072,3.34261
20073,6.638201
20074,6.010536
20075,6.503432
20076,7.742075
20077,8.645897
20078,7.534247
20079,-13.797255
20080,5.224399
20081,8.946055
20082,7.420649
20083,7.667335
20084,9.471606
20085,6.997644
20086,7.533984
20087,4.707138
20088,7.30951
20089,-0.788676
20090,5.666269
20091,8.317017
20092,8.324089
20093,-3.15868
20094,7.06435
20095,6.748561
20096,7.64663
20097,5.663678
20098,8.248943
20099,8.781648
20100,9.434927
20101,-5.527044
20102,3.691099
20103,6.770929
20104,7.532897
20105,7.674159
20106,5.328356
20107,7.243611
20108,10.543861
20109,6.288821
20110,-0.479668
20111,8.232954
20112,5.958131
20113,7.99742
20114,5.595853
20115,4.546575
20116,-0.380188
20117,6.701063
20118,7.538842
20119,8.871384
20120,5.570245
20121,8.7241
20122,9.653541
20123,3.360221
20124,7.847581
20125,6.351401
20126,6.989907
20127,8.689325
20128,6.468834
20129,7.885727
20130,6.64988
20131,9.122064
20132,4.484881
20133,6.123057
20134,4.251571
20135,6.549616
20136,7.14362
20137,5.175001
20138,5.011847
20139,10.397371
20140,9.00052
20141,5.592145
20142,10.104144
20143,6.476191
20144,7.44288
20145,7.073804
20146,8.5839
20147,8.15046
20148,6.925959
20149,8.250235
20150,6.163522
20151,6.454731
20152,7.196645
20153,9.656773
20154,7.515797
20155,7.969095
20156,9.745988
20157,9.195073
20158,8.303719
20159,8.652997
20160,6.895549
20161,7.382604
20162,4.193531
20163,6.34553
20164,7.045682
20165,6.471498
20166,7.575247
20167,8.980474
20168,7.123796
20169,6.004567
20170,7.568186
20171,7.662909
20172,7.107749
20173,7.723219
20174,6.171671
20175,5.065838
20176,6.536597
20177,7.485172
20178,5.267963
20179,5.923967
20180,5.742042
20181,8.854953
20182,5.554581
20183,10.161148
20184,7.25418
20185,8.148487
20186,8.222182
20187,6.337128
20188,7.39769
20189,7.145632
20190,8.306944
20191,7.151881
20192,7.978868
20193,7.844185
20194,6.435539
20195,3.090381
20196,8.34074
20197,8.792887
20198,5.297367
20199,7.099762
20200,5.259322
20201,5.41881
20202,6.62662
20203,5.639055
20204,8.89937
20205,5.797255
20206,6.89816
20207,7.9368
20208,8.309653
20209,8.161339
20210,7.689438
20211,7.36938
20212,5.03531
20213,8.784627
20214,7.777684
20215,8.509277
20216,8.393329
20217,7.805874
20218,7.399107
20219,6.505549
20220,5.947739
20221,6.00537
20222,5.659683
20223,6.628855
20224,5.688249
20225,6.917319
20226,0.519602
20227,8.643496
20228,5.647333
20229,7.716773
20230,7.055612
20231,5.794633
20232,8.169914
20233,6.972718
20234,6.657975
20235,6.421221
20236,7.644497
20237,1.72105
20238,7.174096
20239,3.598546
20240,7.992387
20241,8.960284
20242,9.927369
20243,3.00628
20244,7.205968
20245,7.475044
20246,8.836053
20247,-11.091953
20248,5.714468
20249,8.735212
20250,7.885313
20251,8.052739
20252,3.409893
20253,7.628295
20254,6.974477
20255,8.177207
20256,5.749998
20257,6.820284
20258,6.738987
20259,6.137213
20260,10.257979
20261,7.465431
20262,5.936036
20263,6.764689
20264,7.500908
20265,10.96215
20266,8.665568
20267,6.945653
20268,7.328441
20269,6.499612
20270,10.289996
20271,6.496786
20272,7.094091
20273,6.425172
20274,9.840806
20275,5.738015
20276,4.046229
20277,-3.364077
20278,6.705848
20279,5.421515
20280,4.338288
20281,7.203584
20282,7.417771
20283,6.962115
20284,8.059035
20285,6.638526
20286,4.187703
20287,4.916845
20288,9.043754
20289,7.7778
20290,5.466119
20291,7.341391
20292,8.302723
20293,6.869473
20294,8.412516
20295,3.482141
20296,8.483073
20297,7.557381
20298,6.424483
20299,6.425954
20300,7.158654
20301,6.837572
20302,7.028319
20303,7.453614
20304,9.166328
20305,5.523536
20306,7.271061
20307,7.800884
20308,7.008046
20309,5.952265
20310,8.651208
20311,6.902485
20312,5.560152
20313,7.592767
20314,7.312487
20315,7.007287
20316,6.973695
20317,7.4356
20318,7.15287
20319,6.903533
20320,5.439766
20321,7.237417
20322,6.155878
20323,8.457759
20324,7.463129
20325,7.279442
20326,5.656826
20327,5.42712
20328,1.448824
20329,-3.848029
20330,8.15943
20331,6.213875
20332,7.070573
20333,7.634351
20334,7.475093
20335,8.473965
20336,4.65943
20337,6.667393
20338,7.830155
20339,7.133928
20340,5.345284
20341,5.711998
20342,9.108062
20343,7.558151
20344,4.332735
20345,8.213065
20346,8.187206
20347,8.629765
20348,9.012514
20349,4.036491
20350,7.779938
20351,5.745813
20352,8.345105
20353,9.053806
20354,7.575697
20355,6.116486
20356,6.589431
20357,8.34397
20358,6.935706
20359,7.956056
20360,7.708082
20361,6.90874
20362,6.955782
20363,7.439388
20364,-0.727206
20365,5.642016
20366,6.65448
20367,7.459918
20368,8.298818
20369,7.374217
20370,6.509303
20371,7.419593
20372,7.50182
20373,9.40979
20374,-6.029948
20375,6.971745
20376,7.201303
20377,4.243599
20378,9.223921
20379,9.304058
20380,6.12853
20381,5.662885
20382,7.299123
20383,5.37934
20384,4.048322
20385,7.445149
20386,8.301713
20387,5.050239
20388,5.974624
20389,8.249113
20390,5.345864
20391,8.346396
20392,7.811505
20393,6.481714
20394,7.623359
20395,4.520741
20396,6.218967
20397,7.734597
20398,5.630238
20399,6.851467
20400,8.417632
20401,7.180824
20402,6.353304
20403,8.57948
20404,7.213613
20405,9.962325
20406,2.326644
20407,6.587488
20408,8.448363
20409,9.265016
20410,4.852363
20411,10.053001
20412,8.007369
20413,4.614947
20414,8.262658
20415,8.915143
20416,3.969965
20417,7.514344
20418,4.341801
20419,4.11798
20420,7.842835
20421,5.224815
20422,8.466725
20423,3.901109
20424,7.210151
20425,6.549359
20426,5.880325
20427,5.506327
20428,4.727583
20429,8.576646
20430,5.929042
20431,8.435778
20432,6.928754
20433,6.684331
20434,5.508503
20435,7.498119
20436,7.431681
20437,5.635046
20438,3.757498
20439,9.225749
20440,7.749237
20441,7.472149
20442,6.992337
20443,5.95403
20444,6.857826
20445,6.064974
20446,7.047646
20447,8.166284
20448,6.85022
20449,4.83371
20450,9.529117
20451,8.857218
20452,6.845168
20453,4.212388
20454,9.383779
20455,6.909465
20456,5.312126
20457,7.566491
20458,5.511899
20459,5.650493
20460,9.232973
20461,8.518268
20462,8.898356
20463,7.093435
20464,9.66003
20465,8.372362
20466,5.192344
20467,0.814546
20468,6.021448
20469,6.696123
20470,7.834164
20471,10.308004
20472,7.330928
20473,7.855203
20474,5.65333
20475,8.97727
20476,5.68842
20477,4.892719
20478,4.644441
20479,7.430765
20480,7.573724
20481,8.119827
20482,6.109309
20483,7.688501
20484,7.099521
20485,8.197982
20486,9.169175
20487,7.681746
20488,6.335383
20489,6.137033
20490,-9.572332
20491,6.395938
20492,5.819955
20493,8.375232
20494,9.272015
20495,4.002905
20496,8.517175
20497,7.000824
20498,9.024316
20499,7.638139
20500,6.791782
20501,6.975814
20502,8.601131
20503,9.144347
20504,8.535413
20505,8.439602
20506,5.970148
20507,7.865313
20508,6.01691
20509,7.835312
20510,7.105394
20511,8.649138
20512,7.130786
20513,4.091286
20514,8.855841
20515,5.771862
20516,6.156022
20517,8.003723
20518,8.415328
20519,5.745247
20520,7.530293
20521,9.179006
20522,5.888452
20523,5.639883
20524,6.979565
20525,7.144732
20526,6.469412
20527,7.245878
20528,8.270596
20529,7.300057
20530,7.005638
20531,0.501812
20532,8.045919
20533,6.663556
20534,8.28749
20535,5.758845
20536,10.458207
20537,7.863961
20538,7.408449
20539,8.616005
20540,1.154401
20541,6.263291
20542,5.81426
20543,7.620292
20544,7.541545
20545,8.056409
20546,8.141745
20547,6.93496
20548,6.57938
20549,8.735672
20550,7.469447
20551,6.681924
20552,7.048978
20553,5.495805
20554,8.571286
20555,7.90217
20556,8.155793
20557,7.691316
20558,8.300705
20559,6.41778
20560,8.027366
20561,8.020861
20562,8.036896
20563,5.521191
20564,7.682511
20565,5.100164
20566,4.822873
20567,8.682483
20568,6.917342
20569,7.535512
20570,7.984511
20571,8.031106
20572,6.235382
20573,6.494287
20574,9.82136
20575,4.728297
20576,8.673079
20577,4.635815
20578,6.917695
20579,7.328807
20580,5.568339
20581,7.20798
20582,6.875408
20583,8.937836
20584,6.5974
20585,6.987637
20586,4.991229
20587,5.405115
20588,9.730115
20589,7.841984
20590,7.056022
20591,3.800102
20592,5.371617
20593,7.006024
20594,7.075491
20595,10.386715
20596,3.882941
20597,8.437619
20598,6.597297
20599,10.329658
20600,8.539718
20601,4.576663
20602,4.104708
20603,6.530523
20604,8.677661
20605,8.854003
20606,9.079287
20607,7.620203
20608,6.014422
20609,7.11594
20610,9.576834
20611,9.13009
20612,6.894018
20613,6.122717
20614,7.322285
20615,5.911476
20616,5.652103
20617,5.542076
20618,9.065397
20619,8.716836
20620,7.482254
20621,8.407036
20622,7.802946
20623,-3.410185
20624,7.278805
20625,6.670847
20626,6.116976
20627,4.964263
20628,6.789537
20629,7.362998
20630,7.119304
20631,6.085077
20632,9.453443
20633,7.797096
20634,5.880256
20635,6.44951
20636,8.097437
20637,4.870385
20638,5.525349
20639,6.491144
20640,5.851247
20641,7.227673
20642,6.525274
20643,10.16772
20644,7.893885
20645,6.754827
20646,6.638135
20647,8.493734
20648,8.09332
20649,5.145856
20650,5.837031
20651,4.661451
20652,6.859185
20653,6.019113
20654,5.935187
20655,8.780519
20656,8.490049
20657,-0.323371
20658,9.497415
20659,8.499496
20660,5.635618
20661,7.053892
20662,9.618294
20663,7.049838
20664,6.68262
20665,7.559274
20666,-2.965431
20667,5.114387
20668,6.591965
20669,11.227559
20670,5.755768
20671,7.879203
20672,8.393662
20673,7.402351
20674,6.370366
20675,5.919168
20676,7.414634
20677,8.500195
20678,9.181445
20679,3.791286
20680,6.72936
20681,6.46003
20682,7.361954
20683,8.439285
20684,5.88322
20685,8.021035
20686,6.499478
20687,9.384799
20688,4.473743
20689,6.728658
20690,6.883653
20691,5.144408
20692,5.398232
20693,5.316628
20694,2.745727
20695,8.237243
20696,9.306333
20697,9.314323
20698,6.91025
20699,6.651754
20700,6.404521
20701,6.905948
20702,5.97986
20703,3.571063
20704,8.992121
20705,7.206552
20706,5.959052
20707,8.480071
20708,6.172281
20709,3.946425
20710,6.187471
20711,3.089932
20712,6.324434
20713,9.119575
20714,7.860088
20715,3.505
20716,7.075733
20717,9.015113
20718,6.340253
20719,4.938702
20720,8.565597
20721,6.929564
20722,9.50691
20723,7.926616
20724,5.716181
20725,7.987883
20726,5.899164
20727,8.32781
20728,5.480121
20729,7.445952
20730,6.259101
20731,7.756441
20732,6.631072
20733,5.929684
20734,5.072555
20735,6.855508
20736,7.831861
20737,6.543689
20738,9.307463
20739,6.337545
20740,7.66492
20741,7.574873
20742,7.62915
20743,5.316255
20744,8.671307
20745,8.408118
20746,0.993937
20747,7.355071
20748,8.823639
20749,7.84349
20750,8.056355
20751,6.515929
20752,7.845104
20753,6.684422
20754,7.496617
20755,9.052711
20756,2.568613
20757,6.772492
20758,7.350802
20759,3.03941
20760,8.427208
20761,-3.593496
20762,6.686939
20763,4.065498
20764,8.294318
20765,7.333627
20766,7.849565
20767,-5.350531
20768,6.936371
20769,4.547271
20770,8.061582
20771,7.38699
20772,4.268581
20773,5.85922
20774,8.457973
20775,8.880079
20776,7.678684
20777,7.131165
20778,9.804814
20779,8.032937
20780,3.969593
20781,5.11893
20782,7.631295
20783,9.399368
20784,8.52608
20785,4.706232
20786,5.616487
20787,4.090621
20788,5.791413
20789,7.922839
20790,6.27188
20791,8.327141
20792,6.862576
20793,9.672032
20794,5.050345
20795,-4.6762
20796,4.978769
20797,3.643253
20798,5.380124
20799,6.337448
20800,6.962157
20801,5.645577
20802,8.856634
20803,8.048046
20804,5.933192
20805,9.466
20806,7.936984
20807,4.133767
20808,5.724589
20809,7.905446
20810,3.961288
20811,6.630963
20812,7.445312
20813,8.27618
20814,6.504261
20815,7.569603
20816,4.580557
20817,9.192587
20818,5.190642
20819,7.392974
20820,7.640659
20821,8.32425
20822,7.205034
20823,7.17214
20824,2.431447
20825,8.461158
20826,6.385296
20827,7.286435
20828,7.129612
20829,9.033088
20830,5.680604
20831,5.380553
20832,7.753993
20833,9.386056
20834,6.680448
20835,7.248347
20836,10.052279
20837,6.210954
20838,6.587776
20839,6.939126
20840,6.530481
20841,9.113855
20842,8.069633
20843,7.743845
20844,6.611407
20845,8.122093
20846,4.542046
20847,7.030438
20848,4.94522
20849,6.912192
20850,5.253144
20851,-5.421957
20852,8.450528
20853,5.899191
20854,7.961906
20855,8.689832
20856,4.866376
20857,6.661939
20858,8.015028
20859,6.404447
20860,7.00819
20861,4.450801
20862,7.15483
20863,7.686289
20864,6.743139
20865,4.284726
20866,7.878406
20867,9.643705
20868,8.954178
20869,5.733512
20870,7.998237
20871,7.472139
20872,8.176369
20873,6.547619
20874,6.819793
20875,6.590948
20876,7.47731
20877,6.870997
20878,4.39325
20879,8.199224
20880,-4.855232
20881,7.043131
20882,4.878051
20883,4.513107
20884,6.788841
20885,9.174263
20886,7.336632
20887,8.633649
20888,7.251734
20889,8.220846
20890,5.674007
20891,8.695529
20892,8.784975
20893,5.938079
20894,8.207683
20895,10.064038
20896,8.466918
20897,7.702523
20898,9.523043
20899,7.424323
20900,7.845012
20901,6.030962
20902,6.092959
20903,6.696976
20904,9.678184
20905,6.054648
20906,5.133982
20907,5.792252
20908,8.527486
20909,8.333974
20910,7.011776
20911,8.276464
20912,7.192317
20913,8.162146
20914,5.380786
20915,5.105742
20916,8.140954
20917,8.183057
20918,7.507532
20919,8.178246
20920,4.557122
20921,5.002776
20922,7.123212
20923,-11.786883
20924,7.432434
20925,7.81206
20926,7.5014
20927,5.821412
20928,10.141761
20929,7.776105
20930,7.249455
20931,7.281301
20932,8.323994
20933,9.37558
20934,7.818713
20935,8.76132
20936,7.254072
20937,6.412313
20938,6.516874
20939,6.508715
20940,6.938878
20941,6.05221
20942,8.754885
20943,6.337122
20944,9.072206
20945,3.604333
20946,8.033491
20947,6.674801
20948,8.162533
20949,9.50144
20950,7.03008
20951,0.638454
20952,6.597702
20953,9.144628
20954,5.49141
20955,5.352028
20956,6.067606
20957,6.931899
20958,6.22214
20959,6.477877
20960,7.857516
20961,8.41542
20962,8.772441
20963,7.716892
20964,8.098494
20965,5.477168
20966,7.860784
20967,8.299922
20968,6.931579
20969,0.808168
20970,7.261951
20971,7.531812
20972,6.353807
20973,5.234397
20974,7.941167
20975,6.266551
20976,8.111673
20977,7.594845
20978,8.053964
20979,7.384722
20980,4.84639
20981,6.802393
20982,7.669503
20983,3.165763
20984,7.766666
20985,6.414962
20986,9.324226
20987,7.894733
20988,6.920892
20989,8.532667
20990,6.617854
20991,-11.285354
20992,-1.966775
20993,6.195896
20994,7.875699
20995,6.771033
20996,4.598883
20997,6.373314
20998,-12.677728
20999,6.613366
21000,9.084066
21001,7.699501
21002,6.990985
21003,4.787046
21004,8.280614
21005,7.547819
21006,7.468733
21007,8.064322
21008,7.06638
21009,6.686981
21010,9.076285
21011,6.784466
21012,6.883805
21013,5.969791
21014,9.346865
21015,7.098051
21016,9.055457
21017,6.366393
21018,5.344748
21019,8.008767
21020,6.639075
21021,8.928929
21022,7.56345
21023,8.101511
21024,5.893502
21025,6.042012
21026,8.674673
21027,4.915204
21028,6.807767
21029,8.005524
21030,6.475356
21031,6.045183
21032,5.403613
21033,6.728494
21034,7.076694
21035,5.262107
21036,9.137767
21037,5.247727
21038,9.044408
21039,7.032284
21040,8.899384
21041,4.998509
21042,8.215884
21043,6.747685
21044,5.32303
21045,7.518831
21046,7.034025
21047,6.969271
21048,6.414472
21049,4.697348
21050,10.108145
21051,6.90569
21052,7.522519
21053,7.807503
21054,6.353528
21055,6.517512
21056,6.68367
21057,8.388325
21058,7.498899
21059,4.715853
21060,8.998733
21061,5.933761
21062,6.564676
21063,6.383248
21064,8.277974
21065,8.454367
21066,10.380482
21067,5.530267
21068,8.257503
21069,8.130872
21070,8.764932
21071,7.243354
21072,5.407888
21073,6.765646
21074,6.896635
21075,6.009354
21076,7.803154
21077,9.345501
21078,7.169709
21079,6.784397
21080,4.902645
21081,9.284303
21082,6.224528
21083,5.477607
21084,6.156791
21085,5.458837
21086,6.622618
21087,8.509884
21088,6.6788
21089,5.92087
21090,8.430227
21091,9.35666
21092,5.10546
21093,7.565199
21094,6.958417
21095,7.623002
21096,8.598262
21097,-4.487592
21098,5.822221
21099,5.604829
21100,7.98083
21101,5.847594
21102,6.920336
21103,8.065629
21104,6.347055
21105,6.47333
21106,4.344766
21107,8.181426
21108,7.991634
21109,6.961208
21110,7.90689
21111,6.814758
21112,5.367254
21113,5.945684
21114,7.789608
21115,8.443502
21116,7.643714
21117,7.562582
21118,7.639684
21119,7.418762
21120,6.067336
21121,8.642795
21122,6.524121
21123,6.245338
21124,5.556919
21125,4.462881
21126,4.218773
21127,9.282516
21128,9.390162
21129,8.281454
21130,6.21216
21131,9.765373
21132,6.887679
21133,7.062326
21134,5.490731
21135,8.308563
21136,-2.524419
21137,7.233397
21138,6.970664
21139,7.658013
21140,9.392096
21141,6.42683
21142,8.915742
21143,7.045399
21144,6.009341
21145,4.923357
21146,5.498186
21147,7.544114
21148,7.986525
21149,5.464538
21150,5.808997
21151,5.215407
21152,6.948562
21153,7.239851
21154,7.395893
21155,5.963129
21156,9.222636
21157,8.375405
21158,8.414495
21159,8.499369
21160,7.031088
21161,7.649038
21162,3.442408
21163,6.812519
21164,5.770003
21165,11.03174
21166,7.681029
21167,8.113196
21168,7.140178
21169,7.978826
21170,8.027683
21171,8.671847
21172,8.967693
21173,8.408786
21174,5.274693
21175,7.462322
21176,5.724653
21177,9.659984
21178,4.441299
21179,9.130298
21180,3.700081
21181,7.205309
21182,8.395817
21183,6.845472
21184,4.230228
21185,3.552554
21186,7.808272
21187,6.974894
21188,8.062161
21189,9.357438
21190,6.877165
21191,8.055856
21192,6.292685
21193,7.596931
21194,5.872589
21195,6.815599
21196,6.94152
21197,6.317356
21198,7.288038
21199,7.024428
21200,7.290781
21201,6.825655
21202,7.678072
21203,6.92148
21204,10.381983
21205,6.695903
21206,6.253036
21207,6.716636
21208,8.375212
21209,7.351959
21210,7.018372
21211,4.749713
21212,7.833015
21213,6.94607
21214,6.484448
21215,7.312521
21216,8.988711
21217,8.465228
21218,6.710903
21219,7.78772
21220,8.366521
21221,6.143014
21222,6.022583
21223,5.883008
21224,3.00781
21225,8.469847
21226,5.875371
21227,8.204481
21228,5.262997
21229,6.885575
21230,4.499918
21231,7.542688
21232,8.069273
21233,6.724635
21234,6.278524
21235,7.646393
21236,9.090153
21237,6.359242
21238,8.198974
21239,5.66666
21240,4.629596
21241,7.538404
21242,3.991576
21243,4.45869
21244,5.870202
21245,8.114946
21246,6.588127
21247,6.151586
21248,-4.518876
21249,6.41946
21250,7.964433
21251,6.482803
21252,3.813854
21253,6.927564
21254,5.631623
21255,7.768027
21256,6.273266
21257,6.981998
21258,9.093527
21259,7.489212
21260,9.666826
21261,5.087768
21262,7.121309
21263,5.920824
21264,3.165824
21265,6.003652
21266,7.704746
21267,5.702361
21268,6.82219
21269,7.973214
21270,8.247251
21271,9.091782
21272,4.507097
21273,7.900712
21274,3.44652
21275,3.920261
21276,4.579619
21277,7.051034
21278,7.09095
21279,7.978481
21280,6.70085
21281,6.483121
21282,7.647012
21283,6.454385
21284,7.102333
21285,7.988876
21286,7.533026
21287,8.716912
21288,10.438471
21289,6.334941
21290,10.117336
21291,8.578826
21292,8.11912
21293,3.013273
21294,8.238372
21295,7.052183
21296,7.755286
21297,3.3228
21298,8.098745
21299,7.380788
21300,6.090737
21301,-3.522149
21302,6.656564
21303,7.588451
21304,7.030284
21305,6.370201
21306,8.591006
21307,7.236418
21308,7.274981
21309,9.619593
21310,8.675438
21311,8.418303
21312,6.506489
21313,7.714256
21314,5.681598
21315,6.865557
21316,8.270642
21317,6.86958
21318,6.319433
21319,5.384953
21320,5.719742
21321,7.645521
21322,8.042913
21323,6.719418
21324,8.052231
21325,9.372255
21326,8.678145
21327,6.647294
21328,6.337491
21329,6.658287
21330,6.517046
21331,7.289778
21332,7.859097
21333,8.62743
21334,7.923182
21335,5.793648
21336,8.760244
21337,5.418658
21338,6.260515
21339,8.6265
21340,8.063167
21341,8.18246
21342,7.686225
21343,8.066587
21344,7.729293
21345,8.226497
21346,6.644471
21347,6.912023
21348,6.613809
21349,6.37679
21350,-1.031035
21351,6.756047
21352,6.810772
21353,6.608667
21354,8.282423
21355,6.660561
21356,7.020219
21357,7.007641
21358,6.95176
21359,7.012991
21360,9.709512
21361,6.380784
21362,10.72133
21363,9.428337
21364,7.693376
21365,6.674703
21366,6.265002
21367,8.551733
21368,5.302508
21369,6.284467
21370,8.033706
21371,8.369771
21372,8.574706
21373,6.906129
21374,8.180371
21375,7.430205
21376,8.055969
21377,6.613468
21378,8.768346
21379,5.242277
21380,7.099934
21381,7.024661
21382,6.262117
21383,5.351715
21384,9.039
21385,7.358767
21386,6.421493
21387,6.184378
21388,6.509525
21389,8.173082
21390,8.092718
21391,5.46542
21392,9.517891
21393,7.385575
21394,2.607313
21395,8.888658
21396,8.360787
21397,6.424793
21398,5.041615
21399,8.158077
21400,7.29772
21401,8.325691
21402,6.770493
21403,7.410761
21404,2.988064
21405,5.369357
21406,4.59379
21407,8.444042
21408,3.023309
21409,7.701687
21410,7.187587
21411,8.544111
21412,4.275129
21413,6.867226
21414,4.450303
21415,4.957564
21416,7.886226
21417,8.355786
21418,7.205317
21419,7.014155
21420,9.596781
21421,7.284912
21422,7.533395
21423,6.152974
21424,6.877313
21425,7.583702
21426,5.716153
21427,7.563998
21428,7.166344
21429,7.305593
21430,7.328119
21431,-12.597488
21432,8.328234
21433,6.004214
21434,5.992059
21435,7.565412
21436,7.008076
21437,4.378057
21438,7.212569
21439,7.865669
21440,10.058924
21441,9.552175
21442,7.380963
21443,7.043007
21444,7.567504
21445,10.381943
21446,6.494804
21447,4.757956
21448,6.150633
21449,8.153626
21450,6.72546
21451,6.641948
21452,5.737165
21453,7.090812
21454,6.003938
21455,8.769607
21456,6.730222
21457,6.042544
21458,4.844572
21459,8.324271
21460,8.129479
21461,5.011919
21462,7.527082
21463,4.11458
21464,7.455791
21465,9.096995
21466,8.264979
21467,8.622096
21468,9.210973
21469,6.542498
21470,8.880613
21471,9.616128
21472,7.12499
21473,6.623641
21474,7.083636
21475,7.801517
21476,6.145035
21477,6.937931
21478,8.289823
21479,6.530479
21480,5.227345
21481,5.092645
21482,7.029992
21483,9.013305
21484,6.52762
21485,8.595715
21486,6.576393
21487,8.785439
21488,6.368054
21489,6.373637
21490,6.979798
21491,8.371142
21492,5.945385
21493,9.578826
21494,6.575131
21495,5.102943
21496,6.931984
21497,6.723056
21498,5.50158
21499,7.362731
21500,-3.63347
21501,5.831806
21502,7.64582
21503,8.30364
21504,7.6903
21505,7.196095
21506,-5.061895
21507,4.031449
21508,9.734264
21509,4.188796
21510,0.565848
21511,8.402127
21512,9.603882
21513,6.653358
21514,8.97419
21515,7.560757
21516,8.602647
21517,7.666092
21518,7.352749
21519,7.647913
21520,8.27009
21521,5.540886
21522,7.612121
21523,7.978796
21524,8.845396
21525,7.677197
21526,6.81472
21527,7.640596
21528,4.897833
21529,8.857873
21530,9.884116
21531,4.691092
21532,7.698911
21533,9.091566
21534,7.912916
21535,9.90603
21536,3.826702
21537,5.333979
21538,4.842449
21539,7.381256
21540,5.904429
21541,8.465077
21542,9.636817
21543,8.935312
21544,9.332845
21545,8.215598
21546,9.159759
21547,8.188288
21548,7.423046
21549,8.401796
21550,2.96334
21551,7.665037
21552,6.842241
21553,6.080995
21554,7.00261
21555,7.992514
21556,5.167408
21557,7.068548
21558,8.610556
21559,8.811223
21560,7.086716
21561,6.29396
21562,6.730987
21563,7.838152
21564,4.497554
21565,7.215118
21566,-0.170173
21567,6.660455
21568,4.216775
21569,6.741042
21570,8.02372
21571,6.995211
21572,7.325715
21573,7.677754
21574,5.204847
21575,3.896463
21576,8.346991
21577,7.445827
21578,7.713956
21579,8.606733
21580,4.041815
21581,7.694126
21582,8.251168
21583,5.693543
21584,7.205306
21585,7.007651
21586,3.994965
21587,5.453925
21588,9.426145
21589,7.220648
21590,9.343827
21591,9.419658
21592,7.13863
21593,7.188907
21594,5.48476
21595,4.888887
21596,8.21349
21597,5.555202
21598,9.010263
21599,6.093057
21600,9.122768
21601,4.171977
21602,6.603824
21603,6.157511
21604,8.044434
21605,9.874112
21606,5.62008
21607,5.680565
21608,9.475651
21609,8.816585
21610,8.485286
21611,5.951972
21612,8.158125
21613,7.182123
21614,6.833762
21615,2.643568
21616,7.136457
21617,7.286249
21618,6.542288
21619,7.468827
21620,6.610257
21621,4.144319
21622,7.054383
21623,5.399641
21624,8.205902
21625,8.62629
21626,4.744471
21627,4.666679
21628,-2.193319
21629,8.179064
21630,9.996465
21631,4.683651
21632,5.953494
21633,5.696548
21634,6.347792
21635,7.264385
21636,6.890592
21637,6.5884
21638,6.284678
21639,7.086727
21640,6.551054
21641,9.642779
21642,7.196991
21643,9.319453
21644,6.663963
21645,6.588095
21646,9.329389
21647,7.828612
21648,6.134753
21649,8.726912
21650,6.241302
21651,7.195893
21652,5.074134
21653,1.816796
21654,7.628527
21655,7.808176
21656,8.461842
21657,10.484308
21658,7.410877
21659,6.413923
21660,8.166809
21661,9.466132
21662,7.205143
21663,7.447001
21664,9.642501
21665,9.01823
21666,5.610907
21667,6.563052
21668,6.580597
21669,6.104783
21670,7.096406
21671,5.543367
21672,7.766429
21673,4.240134
21674,8.482269
21675,7.961176
21676,6.454651
21677,6.939181
21678,8.34927
21679,8.596859
21680,6.487392
21681,7.046046
21682,8.416951
21683,7.374177
21684,7.665483
21685,7.005974
21686,4.413164
21687,7.09359
21688,6.146118
21689,-4.386116
21690,6.323222
21691,6.066782
21692,7.584443
21693,5.805761
21694,4.297105
21695,5.271006
21696,6.78314
21697,8.380881
21698,7.047343
21699,7.404734
21700,9.394912
21701,8.909084
21702,6.212571
21703,5.362418
21704,3.913247
21705,9.014865
21706,6.959105
21707,8.716968
21708,9.08554
21709,6.908578
21710,8.03018
21711,4.500384
21712,9.642461
21713,8.968671
21714,-2.879429
21715,8.672041
21716,9.770612
21717,7.374969
21718,8.390049
21719,2.872516
21720,-1.322074
21721,4.699057
21722,8.547378
21723,7.92985
21724,7.478435
21725,7.089614
21726,6.102361
21727,6.863798
21728,5.664381
21729,8.060732
21730,9.267091
21731,4.549972
21732,9.435805
21733,7.669683
21734,9.06604
21735,4.635923
21736,5.918899
21737,-2.925773
21738,6.220744
21739,5.518436
21740,6.43219
21741,5.756896
21742,7.008355
21743,7.444684
21744,6.876357
21745,8.312374
21746,6.062375
21747,6.804806
21748,5.927615
21749,5.483044
21750,8.169727
21751,5.985473
21752,9.08933
21753,3.940898
21754,7.382741
21755,7.262801
21756,6.067539
21757,5.040798
21758,6.509894
21759,5.48408
21760,8.651777
21761,7.986451
21762,7.698096
21763,7.567353
21764,4.659696
21765,7.12367
21766,7.304888
21767,4.394042
21768,8.13705
21769,8.197163
21770,6.442533
21771,6.590801
21772,9.004099
21773,9.683033
21774,6.766093
21775,5.753772
21776,6.983215
21777,7.08907
21778,7.83146
21779,6.557722
21780,6.248358
21781,6.275106
21782,8.039803
21783,7.615222
21784,-0.913786
21785,-5.656445
21786,7.404028
21787,3.47349
21788,7.084914
21789,6.571332
21790,8.25767
21791,5.123719
21792,5.522593
21793,6.0644
21794,7.499381
21795,7.926295
21796,6.369102
21797,6.823507
21798,7.300556
21799,5.351145
21800,9.285891
21801,8.107059
21802,8.679536
21803,9.897241
21804,8.517336
21805,3.698882
21806,6.558105
21807,6.537245
21808,7.166585
21809,6.989984
21810,6.125897
21811,7.322964
21812,8.104802
21813,8.183752
21814,7.941963
21815,4.124494
21816,8.138157
21817,6.76397
21818,8.611858
21819,5.832056
21820,6.705755
21821,7.310363
21822,7.596433
21823,3.863308
21824,7.950917
21825,7.908058
21826,8.890673
21827,6.297327
21828,8.610679
21829,8.224478
21830,-4.416488
21831,6.774811
21832,6.656095
21833,6.148549
21834,9.544574
21835,9.319152
21836,6.76571
21837,7.125415
21838,6.048045
21839,8.434486
21840,7.708466
21841,7.176068
21842,3.628413
21843,4.096104
21844,9.708873
21845,8.832067
21846,6.236486
21847,8.735949
21848,7.992852
21849,7.526148
21850,-5.50732
21851,6.475832
21852,5.643163
21853,5.603519
21854,7.354567
21855,8.730308
21856,8.045171
21857,6.327838
21858,7.945556
21859,4.990283
21860,7.216746
21861,7.730918
21862,9.928566
21863,8.44753
21864,7.607514
21865,3.052563
21866,7.451742
21867,7.172598
21868,4.430957
21869,6.202031
21870,9.081459
21871,-2.210555
21872,3.211982
21873,7.962248
21874,8.013734
21875,7.625227
21876,6.035225
21877,4.879892
21878,6.710445
21879,9.03874
21880,6.881506
21881,6.571907
21882,7.203606
21883,9.498636
21884,9.126924
21885,7.218956
21886,7.773207
21887,8.795664
21888,4.692426
21889,8.552822
21890,5.830429
21891,-3.796266
21892,9.725958
21893,3.814526
21894,8.079792
21895,4.819388
21896,6.672856
21897,6.74338
21898,3.250668
21899,7.31451
21900,6.730406
21901,8.791296
21902,6.204851
21903,7.076441
21904,7.328005
21905,5.391786
21906,6.050197
21907,6.298828
21908,6.96919
21909,8.460781
21910,7.118882
21911,6.548634
21912,8.084809
21913,5.415259
21914,7.322382
21915,6.311315
21916,8.191165
21917,9.312964
21918,7.323137
21919,8.591284
21920,8.200429
21921,5.594654
21922,10.070278
21923,7.493251
21924,8.581636
21925,7.62665
21926,6.628989
21927,6.860662
21928,3.750305
21929,8.022249
21930,6.611541
21931,6.241373
21932,9.405452
21933,7.242997
21934,5.117173
21935,6.905927
21936,-0.734311
21937,8.741777
21938,6.676636
21939,7.37157
21940,5.727848
21941,6.67409
21942,8.814668
21943,8.309142
21944,0.164176
21945,7.567663
21946,7.655575
21947,8.273189
21948,7.876822
21949,8.464015
21950,8.557542
21951,8.340825
21952,5.551414
21953,4.616556
21954,5.32327
21955,6.332052
21956,4.7957
21957,4.040923
21958,8.469591
21959,9.343178
21960,7.594343
21961,8.686061
21962,8.270354
21963,8.214909
21964,6.578805
21965,7.00369
21966,7.123677
21967,7.291799
21968,7.037252
21969,7.162762
21970,8.820013
21971,4.905728
21972,4.276371
21973,8.416268
21974,6.790652
21975,6.197077
21976,3.666528
21977,10.909072
21978,8.713817
21979,6.998999
21980,6.593788
21981,7.434732
21982,8.678446
21983,7.373847
21984,6.976131
21985,5.784115
21986,8.944047
21987,6.436367
21988,7.272214
21989,8.054877
21990,7.497704
21991,7.836702
21992,7.942622
21993,8.502667
21994,7.367777
21995,6.853195
21996,6.657932
21997,6.732052
21998,7.880452
21999,9.765771
22000,7.800021
22001,7.070025
22002,7.127354
22003,6.232658
22004,7.078228
22005,8.65388
22006,6.300889
22007,7.246365
22008,8.410958
22009,5.45413
22010,8.581587
22011,6.200713
22012,6.333364
22013,7.704669
22014,8.515068
22015,8.317313
22016,5.504766
22017,7.394402
22018,8.589879
22019,7.257794
22020,-3.992666
22021,8.543372
22022,9.432622
22023,8.091803
22024,9.384579
22025,5.027346
22026,5.182693
22027,8.926298
22028,7.810629
22029,6.894577
22030,7.438065
22031,6.876056
22032,6.117726
22033,-3.512509
22034,3.863222
22035,8.099305
22036,5.391906
22037,7.966537
22038,8.951447
22039,5.419998
22040,7.524607
22041,6.975861
22042,4.867022
22043,5.942522
22044,7.016117
22045,5.412749
22046,2.870779
22047,8.748
22048,7.179357
22049,5.510678
22050,7.934673
22051,6.316991
22052,5.65121
22053,7.109618
22054,3.671931
22055,9.152
22056,8.840126
22057,4.534439
22058,8.837221
22059,6.129821
22060,8.101608
22061,5.010843
22062,6.807961
22063,4.157529
22064,7.204671
22065,7.82895
22066,7.71347
22067,8.404897
22068,1.96614
22069,6.753643
22070,8.365711
22071,7.722322
22072,8.936498
22073,7.467691
22074,7.546157
22075,6.310521
22076,-4.296707
22077,7.467887
22078,8.675569
22079,7.32609
22080,3.993556
22081,8.063638
22082,7.772271
22083,5.723966
22084,8.440722
22085,8.19845
22086,9.800616
22087,6.210398
22088,6.115839
22089,6.8259
22090,9.300494
22091,5.13191
22092,7.286708
22093,7.335902
22094,4.202002
22095,3.785275
22096,8.05132
22097,6.959635
22098,4.754306
22099,5.419488
22100,7.435397
22101,6.513271
22102,7.494548
22103,6.615717
22104,7.726703
22105,8.024335
22106,7.004283
22107,7.970264
22108,7.782524
22109,6.373168
22110,6.655757
22111,5.648442
22112,8.398853
22113,7.24482
22114,5.855012
22115,7.963915
22116,6.365484
22117,6.91424
22118,8.907452
22119,8.436218
22120,4.70674
22121,3.278198
22122,7.931959
22123,7.834221
22124,7.791538
22125,7.174828
22126,6.171888
22127,7.808704
22128,9.590661
22129,5.701038
22130,8.383232
22131,6.839968
22132,8.103926
22133,10.663407
22134,3.656461
22135,6.59112
22136,6.351714
22137,6.477906
22138,5.657502
22139,8.398926
22140,8.040152
22141,7.989572
22142,8.058766
22143,5.711118
22144,7.028085
22145,8.492917
22146,6.782924
22147,6.288905
22148,9.240375
22149,6.7084
22150,5.655206
22151,6.267788
22152,5.5037
22153,7.584585
22154,-0.287279
22155,6.48307
22156,5.001931
22157,5.521475
22158,1.990322
22159,5.875654
22160,7.377392
22161,8.458716
22162,8.951427
22163,4.513147
22164,5.457238
22165,7.596331
22166,7.755585
22167,7.943165
22168,6.299991
22169,7.248452
22170,10.02366
22171,7.052945
22172,-4.32707
22173,4.330962
22174,9.283044
22175,7.33524
22176,6.242592
22177,4.695979
22178,7.763319
22179,9.428777
22180,7.358339
22181,10.623459
22182,6.883591
22183,7.509591
22184,5.63617
22185,9.642046
22186,7.392698
22187,6.97102
22188,7.832362
22189,9.926249
22190,6.788891
22191,2.918181
22192,6.781407
22193,3.111408
22194,2.424611
22195,7.694323
22196,6.55713
22197,7.031598
22198,3.581201
22199,5.934902
22200,7.962688
22201,8.687219
22202,7.798196
22203,6.027582
22204,8.063792
22205,8.298029
22206,8.529463
22207,6.373063
22208,8.762459
22209,6.791173
22210,5.852966
22211,6.870052
22212,6.969982
22213,5.85607
22214,6.506381
22215,4.486826
22216,3.932482
22217,7.226089
22218,8.286356
22219,4.997889
22220,6.951261
22221,7.89777
22222,6.442303
22223,7.664102
22224,7.629746
22225,8.507123
22226,6.157681
22227,3.131802
22228,7.684623
22229,8.096112
22230,6.860735
22231,7.676848
22232,4.486398
22233,9.393568
22234,8.313152
22235,8.679768
22236,6.209011
22237,6.835612
22238,7.011165
22239,8.858822
22240,5.873572
22241,10.563928
22242,7.802467
22243,7.24983
22244,6.411176
22245,5.132425
22246,5.430704
22247,4.913594
22248,9.237166
22249,7.804424
22250,5.705184
22251,8.35803
22252,8.92869
22253,8.117443
22254,7.103817
22255,7.625346
22256,6.827179
22257,5.222571
22258,7.154744
22259,6.680757
22260,9.119835
22261,6.794968
22262,7.425358
22263,5.553509
22264,10.665762
22265,9.775544
22266,8.305043
22267,6.093386
22268,6.02274
22269,8.287187
22270,6.184862
22271,7.150755
22272,8.494355
22273,8.336545
22274,7.413773
22275,-1.185154
22276,3.433397
22277,7.327033
22278,5.946479
22279,9.498864
22280,6.164636
22281,-3.002183
22282,7.998604
22283,6.253952
22284,8.221266
22285,7.143421
22286,10.224967
22287,9.635044
22288,9.080063
22289,5.9592
22290,7.089594
22291,8.044058
22292,6.138623
22293,9.63429
22294,9.342662
22295,7.574729
22296,9.535495
22297,0.322175
22298,3.636993
22299,5.448613
22300,8.488448
22301,7.133964
22302,5.816589
22303,8.761085
22304,7.699582
22305,7.732766
22306,8.795276
22307,9.071427
22308,7.08775
22309,7.676352
22310,6.65885
22311,2.519448
22312,-2.382379
22313,5.782669
22314,7.678832
22315,8.335543
22316,7.682702
22317,7.846861
22318,7.029903
22319,5.122175
22320,7.517048
22321,5.471379
22322,6.551139
22323,10.349261
22324,8.003357
22325,10.041643
22326,4.386145
22327,5.191407
22328,7.253606
22329,8.152144
22330,6.546975
22331,7.877588
22332,6.773065
22333,5.809406
22334,6.564034
22335,8.740545
22336,6.121566
22337,5.22397
22338,4.81156
22339,7.544667
22340,9.863363
22341,6.119001
22342,7.549595
22343,7.411785
22344,7.493267
22345,7.49728
22346,6.966255
22347,8.304848
22348,8.788928
22349,6.240123
22350,6.991356
22351,8.066308
22352,7.984618
22353,10.920827
22354,6.236273
22355,6.307238
22356,7.943406
22357,3.93117
22358,-1.377053
22359,8.416525
22360,7.591798
22361,5.2319
22362,7.168666
22363,8.165703
22364,5.004661
22365,7.197824
22366,4.018094
22367,7.745557
22368,8.262849
22369,6.778044
22370,7.071688
22371,7.944396
22372,5.632685
22373,3.114685
22374,8.295038
22375,7.143714
22376,-6.562952
22377,7.826317
22378,7.514435
22379,6.76594
22380,6.183058
22381,6.860283
22382,8.114413
22383,9.790423
22384,7.940497
22385,7.592938
22386,7.607142
22387,8.571902
22388,4.738233
22389,6.622712
22390,5.607514
22391,7.649236
22392,6.422985
22393,4.153385
22394,7.523169
22395,8.190521
22396,6.351403
22397,8.67295
22398,6.635198
22399,4.812982
22400,5.780197
22401,6.451202
22402,7.029631
22403,6.844213
22404,5.278763
22405,7.92061
22406,4.593347
22407,8.088444
22408,7.306734
22409,5.407204
22410,8.626242
22411,7.960107
22412,6.100157
22413,8.865316
22414,6.842802
22415,7.678228
22416,7.111398
22417,8.973134
22418,7.805132
22419,8.39046
22420,8.259921
22421,8.085074
22422,7.138098
22423,6.802629
22424,6.873049
22425,4.792901
22426,-6.840408
22427,6.780256
22428,8.137907
22429,5.176981
22430,8.028642
22431,4.257544
22432,5.128143
22433,5.91144
22434,6.463795
22435,7.24339
22436,6.475988
22437,9.599085
22438,7.790336
22439,7.297787
22440,5.924331
22441,7.433968
22442,6.85298
22443,6.998664
22444,6.579298
22445,9.031174
22446,6.174561
22447,4.773244
22448,5.342845
22449,4.817176
22450,7.92204
22451,7.27572
22452,4.94059
22453,0.252028
22454,9.369163
22455,9.19858
22456,6.733139
22457,9.797311
22458,3.28379
22459,8.667133
22460,8.80464
22461,4.979088
22462,6.251907
22463,7.294513
22464,9.17113
22465,6.818623
22466,5.996122
22467,7.620139
22468,6.582419
22469,7.527995
22470,8.537396
22471,7.269927
22472,7.605755
22473,7.22908
22474,-0.155129
22475,6.23943
22476,8.388098
22477,5.503359
22478,8.204617
22479,5.953284
22480,4.701127
22481,8.133388
22482,6.137017
22483,7.576447
22484,6.12336
22485,2.399474
22486,9.744883
22487,7.794575
22488,6.091368
22489,9.344159
22490,7.626614
22491,5.627648
22492,8.095604
22493,8.360604
22494,8.950943
22495,7.845188
22496,7.177628
22497,9.091686
22498,8.299987
22499,4.562142
22500,8.471266
22501,7.114283
22502,3.351433
22503,0.89243
22504,8.699141
22505,7.760862
22506,7.604999
22507,6.164677
22508,6.469081
22509,6.472368
22510,4.610797
22511,6.391832
22512,8.596843
22513,7.363535
22514,7.349126
22515,9.060369
22516,6.565601
22517,4.157872
22518,7.841993
22519,9.399073
22520,6.548795
22521,7.307036
22522,9.579075
22523,5.22322
22524,7.123162
22525,8.313617
22526,6.567679
22527,7.413267
22528,7.078322
22529,4.716166
22530,9.369289
22531,6.7381
22532,8.08039
22533,5.381743
22534,8.366641
22535,7.111042
22536,7.826718
22537,5.278337
22538,8.031483
22539,9.38901
22540,6.592456
22541,6.591188
22542,4.320755
22543,9.341965
22544,8.59175
22545,6.960354
22546,8.635763
22547,3.494831
22548,7.517892
22549,7.157413
22550,9.285858
22551,8.903203
22552,7.284587
22553,6.818616
22554,9.215773
22555,6.977644
22556,6.094599
22557,8.807127
22558,4.268495
22559,8.36712
22560,6.711431
22561,5.886727
22562,5.77753
22563,5.036862
22564,7.468814
22565,6.922353
22566,-5.348542
22567,-0.531358
22568,7.947713
22569,7.485257
22570,6.169458
22571,6.403271
22572,10.498823
22573,8.540674
22574,8.621569
22575,7.178664
22576,5.981018
22577,11.973163
22578,7.648508
22579,6.878017
22580,6.890953
22581,9.802946
22582,7.607789
22583,8.081861
22584,4.977383
22585,6.1915
22586,5.602329
22587,7.381629
22588,9.319931
22589,6.349166
22590,6.663038
22591,8.333771
22592,6.056144
22593,6.803338
22594,8.932119
22595,7.020039
22596,6.901332
22597,1.073035
22598,9.81233
22599,4.92689
22600,7.132919
22601,7.037665
22602,6.540555
22603,5.687755
22604,7.299221
22605,6.32694
22606,8.824795
22607,-0.754877
22608,6.260088
22609,8.620618
22610,7.172439
22611,6.269598
22612,6.142138
22613,6.599925
22614,6.283538
22615,2.324696
22616,5.571828
22617,9.189734
22618,7.610738
22619,6.727147
22620,7.733764
22621,6.689654
22622,6.172554
22623,7.891354
22624,6.107219
22625,8.407293
22626,8.202004
22627,3.537735
22628,5.17592
22629,7.244275
22630,7.859238
22631,8.362474
22632,6.052878
22633,7.025009
22634,9.044242
22635,5.736688
22636,6.055673
22637,7.1561
22638,5.978914
22639,6.292759
22640,6.362203
22641,6.247546
22642,5.525155
22643,7.739579
22644,7.312592
22645,6.602361
22646,3.848232
22647,6.405445
22648,8.261279
22649,6.962667
22650,8.622749
22651,6.03903
22652,8.731733
22653,6.486881
22654,6.379813
22655,5.149752
22656,8.903143
22657,5.559108
22658,8.708174
22659,9.544476
22660,7.647262
22661,-0.762788
22662,9.579832
22663,6.693261
22664,7.585939
22665,-0.036958
22666,8.146631
22667,2.787233
22668,8.351935
22669,8.463357
22670,7.775505
22671,7.373821
22672,5.305026
22673,6.676842
22674,5.570758
22675,8.394666
22676,8.622336
22677,10.141733
22678,4.981555
22679,6.075756
22680,8.50071
22681,5.444051
22682,9.49239
22683,8.243735
22684,7.962897
22685,5.007398
22686,7.179994
22687,7.987203
22688,6.859846
22689,7.09864
22690,7.602661
22691,5.360703
22692,5.821089
22693,5.66993
22694,5.012126
22695,3.095215
22696,6.316504
22697,8.059503
22698,8.817046
22699,5.986744
22700,3.405624
22701,8.170984
22702,8.924913
22703,6.404359
22704,4.74453
22705,6.264471
22706,4.613907
22707,7.042042
22708,7.330299
22709,9.42363
22710,5.953334
22711,6.730215
22712,6.242307
22713,8.718195
22714,8.53534
22715,4.747731
22716,6.437405
22717,5.442852
22718,6.056028
22719,7.523324
22720,5.408886
22721,7.047642
22722,10.340885
22723,8.85072
22724,7.356177
22725,8.124366
22726,6.603863
22727,5.170447
22728,8.059726
22729,10.212476
22730,8.280251
22731,5.245242
22732,9.997124
22733,8.472863
22734,6.77298
22735,7.103357
22736,7.021857
22737,-0.738471
22738,8.184613
22739,6.348808
22740,3.677962
22741,9.133194
22742,8.855043
22743,6.468817
22744,6.499754
22745,6.103241
22746,6.976539
22747,6.475862
22748,3.954267
22749,7.741119
22750,7.380415
22751,9.575134
22752,5.927059
22753,5.789583
22754,8.174151
22755,8.748434
22756,7.884203
22757,-0.295033
22758,8.171941
22759,6.335105
22760,7.961514
22761,5.122964
22762,7.538863
22763,8.250338
22764,6.54439
22765,6.759398
22766,7.45652
22767,3.584404
22768,6.744846
22769,6.413473
22770,8.012549
22771,3.134286
22772,5.602245
22773,4.383471
22774,6.142045
22775,7.689155
22776,6.540022
22777,4.595485
22778,7.455445
22779,3.945403
22780,7.27058
22781,4.558328
22782,5.717262
22783,5.914504
22784,8.391758
22785,7.060467
22786,10.643392
22787,7.925245
22788,7.281349
22789,4.727262
22790,9.019712
22791,7.231894
22792,5.960851
22793,4.094336
22794,7.427708
22795,5.021431
22796,6.703539
22797,-1.024202
22798,5.176451
22799,8.721603
22800,5.173961
22801,8.190601
22802,9.82088
22803,8.969381
22804,4.047712
22805,7.177972
22806,5.50933
22807,7.515553
22808,8.008881
22809,4.751979
22810,8.312628
22811,9.259064
22812,4.814263
22813,7.394527
22814,10.61836
22815,7.408508
22816,7.430804
22817,7.076885
22818,4.927615
22819,6.655453
22820,-12.120083
22821,8.023997
22822,9.27348
22823,9.453797
22824,5.905346
22825,8.653483
22826,7.632439
22827,5.706019
22828,6.106854
22829,6.812697
22830,7.117823
22831,6.236041
22832,8.375796
22833,5.772541
22834,11.132203
22835,6.447776
22836,4.514698
22837,6.269038
22838,0.090455
22839,8.95318
22840,8.789911
22841,3.388504
22842,4.549822
22843,6.950806
22844,8.142701
22845,7.470678
22846,5.932999
22847,8.528086
22848,7.45865
22849,7.576424
22850,6.07896
22851,9.544073
22852,8.872834
22853,6.18514
22854,6.42474
22855,6.553677
22856,5.882225
22857,5.054369
22858,6.459857
22859,7.726964
22860,7.470761
22861,7.118571
22862,7.34479
22863,9.717618
22864,6.405829
22865,8.536424
22866,7.181581
22867,6.332177
22868,3.422066
22869,6.255952
22870,6.219064
22871,8.526734
22872,9.167423
22873,6.768904
22874,6.337969
22875,7.809476
22876,6.766159
22877,7.486343
22878,4.960202
22879,7.214177
22880,7.157447
22881,7.558592
22882,7.969434
22883,8.10099
22884,6.876563
22885,8.439031
22886,6.093245
22887,4.933501
22888,9.485638
22889,6.003138
22890,9.610095
22891,7.643702
22892,6.657564
22893,7.659296
22894,7.677762
22895,7.509988
22896,7.093881
22897,5.736596
22898,4.834667
22899,6.11178
22900,5.403023
22901,5.506365
22902,8.345346
22903,6.884578
22904,6.906294
22905,7.132631
22906,9.269376
22907,5.706811
22908,5.901693
22909,8.037549
22910,8.124805
22911,8.327668
22912,7.446751
22913,7.806162
22914,6.135602
22915,8.567224
22916,6.298003
22917,9.470615
22918,7.494348
22919,4.812812
22920,5.867079
22921,9.602874
22922,6.753233
22923,8.933057
22924,4.770387
22925,6.44906
22926,5.047019
22927,4.576014
22928,7.208822
22929,6.534199
22930,7.921834
22931,6.319263
22932,8.020383
22933,8.398172
22934,7.051151
22935,6.911009
22936,4.941842
22937,7.465926
22938,6.582309
22939,5.100376
22940,5.794672
22941,8.727063
22942,6.27359
22943,8.129338
22944,6.780741
22945,6.922889
22946,5.929546
22947,7.914604
22948,8.957631
22949,6.581208
22950,7.278635
22951,6.83906
22952,8.106463
22953,6.268346
22954,6.46861
22955,6.732232
22956,8.480668
22957,8.167464
22958,9.590932
22959,6.718461
22960,7.400084
22961,8.316801
22962,6.927306
22963,2.202865
22964,6.369216
22965,5.671824
22966,7.47758
22967,6.710059
22968,6.797975
22969,4.582919
22970,6.242293
22971,4.80449
22972,6.015933
22973,5.220686
22974,7.005657
22975,6.143518
22976,8.121516
22977,7.651794
22978,8.84393
22979,8.168422
22980,6.08235
22981,9.33779
22982,6.309002
22983,7.681027
22984,5.13554
22985,6.319435
22986,6.095043
22987,6.69535
22988,4.093233
22989,6.37179
22990,5.368042
22991,8.261862
22992,5.084282
22993,7.685645
22994,8.90275
22995,10.181655
22996,9.714589
22997,7.225677
22998,8.900054
22999,5.13433
23000,6.057673
23001,7.330247
23002,7.843371
23003,5.102963
23004,7.661991
23005,8.911719
23006,9.921327
23007,4.660358
23008,9.849685
23009,4.995089
23010,9.062382
23011,8.376991
23012,8.927504
23013,6.81533
23014,7.799509
23015,7.556098
23016,-4.845834
23017,6.311393
23018,8.095125
23019,7.083545
23020,6.062765
23021,6.56795
23022,5.842212
23023,9.835353
23024,7.763094
23025,7.169684
23026,8.052861
23027,7.552584
23028,6.323108
23029,6.567446
23030,6.753239
23031,6.835982
23032,9.117956
23033,8.040649
23034,-5.585778
23035,7.200111
23036,11.21347
23037,7.330283
23038,7.149988
23039,6.977865
23040,3.347351
23041,7.998021
23042,6.699049
23043,7.212778
23044,9.453791
23045,7.849283
23046,6.124654
23047,5.685729
23048,6.677813
23049,8.491715
23050,5.699377
23051,7.192189
23052,9.366569
23053,8.235278
23054,6.34237
23055,8.249056
23056,7.577203
23057,5.626763
23058,9.187656
23059,6.10965
23060,8.234551
23061,8.27263
23062,-5.042014
23063,7.025327
23064,5.461927
23065,6.770491
23066,5.231927
23067,4.833207
23068,8.15379
23069,6.043671
23070,3.351017
23071,4.485585
23072,3.397582
23073,5.647501
23074,7.357154
23075,6.584885
23076,7.376079
23077,9.314737
23078,8.745825
23079,8.814411
23080,5.419304
23081,7.587568
23082,6.877972
23083,6.666834
23084,6.24834
23085,7.222088
23086,9.553184
23087,6.85597
23088,7.32573
23089,6.58918
23090,6.965125
23091,7.65477
23092,6.878381
23093,-11.670403
23094,9.092315
23095,7.634235
23096,7.224021
23097,6.828845
23098,8.881678
23099,8.342471
23100,6.057591
23101,9.155982
23102,8.119578
23103,6.68566
23104,6.857407
23105,5.600193
23106,7.000556
23107,6.479118
23108,6.199641
23109,9.153419
23110,8.305385
23111,7.45233
23112,8.20761
23113,7.529424
23114,7.359598
23115,6.283762
23116,-3.790331
23117,8.784829
23118,7.46716
23119,8.970287
23120,6.551896
23121,6.626155
23122,6.149125
23123,7.381538
23124,5.123414
23125,9.359675
23126,6.960966
23127,8.605385
23128,8.957777
23129,7.96204
23130,8.419808
23131,7.617971
23132,7.5457
23133,-8.906195
23134,8.62923
23135,9.331673
23136,6.900285
23137,9.877457
23138,8.071951
23139,7.111737
23140,4.678507
23141,5.587254
23142,6.935753
23143,-1.909504
23144,5.634011
23145,5.127331
23146,8.369447
23147,9.260287
23148,5.76262
23149,5.951953
23150,6.636449
23151,9.742192
23152,6.397792
23153,6.807469
23154,8.539598
23155,9.329181
23156,4.735636
23157,5.180107
23158,8.64749
23159,9.40098
23160,9.066309
23161,7.261572
23162,4.552987
23163,8.14574
23164,8.385213
23165,8.617669
23166,7.530288
23167,7.228093
23168,6.834966
23169,8.22603
23170,6.002487
23171,5.067803
23172,6.55651
23173,4.848033
23174,4.00631
23175,9.311609
23176,6.070331
23177,6.065907
23178,5.718741
23179,7.716524
23180,2.669442
23181,6.895706
23182,5.77915
23183,5.320687
23184,6.316388
23185,6.286577
23186,5.925105
23187,7.091223
23188,7.166224
23189,7.948018
23190,8.194885
23191,5.643253
23192,8.050336
23193,9.469796
23194,5.370243
23195,8.448111
23196,6.648939
23197,5.519559
23198,9.717695
23199,6.159877
23200,-6.254646
23201,4.716266
23202,5.673158
23203,7.791956
23204,8.694851
23205,5.585522
23206,6.84582
23207,8.26573
23208,5.451439
23209,9.053105
23210,4.897128
23211,3.401508
23212,7.357518
23213,10.259679
23214,7.625229
23215,6.673671
23216,6.637863
23217,7.227647
23218,7.121789
23219,5.771573
23220,7.802948
23221,8.713106
23222,9.208376
23223,5.641968
23224,6.436036
23225,-6.63828
23226,4.775483
23227,8.043591
23228,7.255014
23229,8.022692
23230,9.762239
23231,7.456207
23232,7.468849
23233,8.421812
23234,6.731924
23235,7.985279
23236,6.30425
23237,7.994686
23238,5.651136
23239,6.784286
23240,4.293043
23241,6.632045
23242,8.442932
23243,6.044573
23244,6.981441
23245,5.146371
23246,9.348145
23247,8.178875
23248,7.068261
23249,6.130511
23250,6.70441
23251,6.756808
23252,8.490875
23253,7.391654
23254,7.129968
23255,6.093662
23256,3.127737
23257,9.226746
23258,4.668199
23259,7.355485
23260,8.116465
23261,6.589712
23262,4.054001
23263,8.899691
23264,4.800479
23265,9.595067
23266,8.219129
23267,4.731994
23268,7.591398
23269,6.088393
23270,9.109242
23271,6.701184
23272,6.886479
23273,4.552469
23274,5.765308
23275,6.99754
23276,8.402642
23277,7.624263
23278,7.963956
23279,7.161394
23280,7.350937
23281,6.931809
23282,7.343108
23283,7.047987
23284,6.721156
23285,7.57016
23286,6.51862
23287,8.475456
23288,6.911514
23289,5.830956
23290,7.517724
23291,7.738024
23292,5.934842
23293,5.934999
23294,6.454072
23295,7.533814
23296,5.915222
23297,5.623521
23298,9.644361
23299,6.746837
23300,6.495632
23301,7.008861
23302,7.145179
23303,3.041739
23304,8.777547
23305,7.458275
23306,3.895705
23307,6.968892
23308,6.527383
23309,7.210002
23310,3.945036
23311,6.147066
23312,1.421047
23313,6.94856
23314,7.959831
23315,4.539354
23316,4.288731
23317,7.241751
23318,7.085
23319,6.140282
23320,7.825488
23321,6.284566
23322,7.141022
23323,6.157537
23324,8.251975
23325,8.095127
23326,7.148393
23327,6.237023
23328,5.932107
23329,6.1879
23330,8.318419
23331,6.446475
23332,6.726156
23333,8.348294
23334,8.482309
23335,6.292506
23336,8.960726
23337,7.41082
23338,5.666795
23339,7.56319
23340,6.086135
23341,9.602662
23342,6.652822
23343,9.182773
23344,5.316812
23345,7.414705
23346,9.03591
23347,8.019619
23348,9.010049
23349,7.135868
23350,5.772563
23351,4.625341
23352,5.009053
23353,5.749046
23354,7.086599
23355,5.960578
23356,4.160667
23357,8.125019
23358,7.928521
23359,9.892975
23360,9.216649
23361,7.702432
23362,7.805229
23363,5.896344
23364,7.374649
23365,7.347202
23366,6.110597
23367,7.232906
23368,8.558679
23369,4.050018
23370,9.068551
23371,9.681249
23372,-2.085784
23373,8.048225
23374,6.561382
23375,8.666068
23376,8.510982
23377,5.932003
23378,7.692854
23379,6.47639
23380,4.604023
23381,3.482861
23382,8.667611
23383,7.908755
23384,8.619599
23385,6.366918
23386,5.227613
23387,7.146642
23388,7.177988
23389,7.381648
23390,7.272351
23391,5.180423
23392,6.564437
23393,4.19152
23394,9.326844
23395,6.604633
23396,7.073995
23397,4.247725
23398,5.831618
23399,7.974233
23400,5.955759
23401,6.362303
23402,7.911349
23403,4.774935
23404,7.762751
23405,6.351279
23406,2.45896
23407,8.961621
23408,6.707846
23409,4.971743
23410,5.510314
23411,7.445757
23412,7.953889
23413,9.447988
23414,5.253921
23415,8.171873
23416,6.093235
23417,3.827919
23418,8.074916
23419,6.440395
23420,7.041003
23421,7.702807
23422,7.308632
23423,6.897261
23424,5.020586
23425,7.381813
23426,7.372515
23427,6.972089
23428,6.59088
23429,5.562934
23430,7.075
23431,5.513829
23432,10.34968
23433,9.276379
23434,6.15095
23435,8.077279
23436,5.678718
23437,7.269674
23438,6.741719
23439,7.934833
23440,5.97717
23441,6.036149
23442,5.977814
23443,5.355648
23444,8.223184
23445,6.782237
23446,5.11316
23447,8.293651
23448,6.481252
23449,7.519186
23450,7.277688
23451,8.169169
23452,7.319266
23453,9.196051
23454,5.742147
23455,4.954929
23456,-4.432121
23457,7.846925
23458,4.764657
23459,5.442019
23460,7.700878
23461,6.319276
23462,5.977862
23463,7.226431
23464,7.514781
23465,6.608946
23466,6.637518
23467,6.49215
23468,4.245766
23469,6.079179
23470,6.194408
23471,5.522825
23472,5.757116
23473,9.009826
23474,6.782879
23475,7.91722
23476,8.636987
23477,6.694446
23478,6.173147
23479,9.674395
23480,7.16248
23481,6.797011
23482,8.312045
23483,5.211385
23484,4.482547
23485,4.769292
23486,8.041177
23487,8.205033
23488,7.983899
23489,8.758601
23490,6.16736
23491,8.944291
23492,9.76011
23493,7.385214
23494,9.168826
23495,8.120019
23496,6.253048
23497,6.331337
23498,7.007134
23499,7.692895
23500,6.922727
23501,2.859604
23502,6.10527
23503,7.873376
23504,5.926359
23505,5.920321
23506,8.274588
23507,6.316314
23508,5.021022
23509,5.140919
23510,2.767487
23511,7.313933
23512,6.738892
23513,7.940264
23514,7.782129
23515,5.068303
23516,6.162534
23517,8.36369
23518,7.847062
23519,-5.058117
23520,2.607524
23521,4.177436
23522,8.208219
23523,3.933513
23524,7.651655
23525,1.800287
23526,7.680954
23527,8.992246
23528,8.202545
23529,5.19894
23530,7.589474
23531,6.768449
23532,6.39273
23533,5.185918
23534,7.306503
23535,8.521949
23536,5.966929
23537,7.646758
23538,7.768181
23539,5.316811
23540,8.79488
23541,5.625339
23542,7.134925
23543,7.649321
23544,7.5278
23545,6.323031
23546,5.704838
23547,7.57907
23548,7.357295
23549,7.618396
23550,6.717644
23551,4.172212
23552,5.25463
23553,6.482938
23554,8.119659
23555,8.957386
23556,6.685571
23557,7.548271
23558,9.250325
23559,8.842543
23560,6.209913
23561,9.500683
23562,7.222851
23563,6.681655
23564,6.780553
23565,4.838922
23566,6.965568
23567,8.355507
23568,5.781617
23569,7.224351
23570,9.143234
23571,4.951972
23572,7.991087
23573,5.418601
23574,5.88225
23575,5.894924
23576,6.390442
23577,7.610507
23578,7.713402
23579,8.367681
23580,6.80372
23581,-9.639009
23582,7.03769
23583,7.976287
23584,7.202313
23585,8.019374
23586,7.827787
23587,9.368415
23588,4.422951
23589,10.95114
23590,7.435464
23591,6.936449
23592,8.270789
23593,6.563339
23594,7.890225
23595,8.159883
23596,6.139883
23597,5.411518
23598,8.946878
23599,-1.659579
23600,8.341601
23601,8.602656
23602,5.886363
23603,7.384144
23604,7.66635
23605,6.795626
23606,9.525999
23607,6.513919
23608,4.838474
23609,5.90546
23610,2.937454
23611,9.192321
23612,-1.839904
23613,8.797843
23614,9.116877
23615,7.124981
23616,9.228582
23617,0.436228
23618,-4.400268
23619,5.545992
23620,-4.178306
23621,6.034738
23622,6.733857
23623,6.278884
23624,8.321911
23625,7.650906
23626,7.595404
23627,8.379982
23628,4.476852
23629,8.201409
23630,8.314801
23631,4.456212
23632,6.931259
23633,9.404374
23634,7.271977
23635,9.047005
23636,-8.578289
23637,3.948162
23638,5.369612
23639,8.51828
23640,8.499558
23641,7.40281
23642,6.925006
23643,8.662648
23644,7.959235
23645,6.315652
23646,4.103339
23647,4.667784
23648,6.037836
23649,7.578857
23650,5.925544
23651,-9.700242
23652,8.064822
23653,6.581464
23654,5.133156
23655,8.213948
23656,3.177742
23657,5.890671
23658,8.243569
23659,5.742475
23660,7.539994
23661,3.261023
23662,5.763732
23663,8.899785
23664,7.978155
23665,8.125253
23666,6.926215
23667,8.070578
23668,8.876161
23669,-1.948621
23670,5.446937
23671,6.936086
23672,6.216756
23673,6.943625
23674,8.397399
23675,6.680283
23676,7.590836
23677,4.436735
23678,6.161713
23679,6.174726
23680,9.75622
23681,8.672144
23682,5.172961
23683,7.478674
23684,8.576901
23685,6.8183
23686,6.618639
23687,7.00638
23688,5.865251
23689,5.38196
23690,8.393515
23691,5.570387
23692,7.164754
23693,4.790727
23694,6.175228
23695,7.590721
23696,5.318291
23697,5.614572
23698,4.053113
23699,5.431673
23700,6.287963
23701,8.807915
23702,8.632645
23703,7.105241
23704,6.746918
23705,7.050638
23706,6.391126
23707,7.947181
23708,5.699549
23709,8.452671
23710,-9.561038
23711,7.273008
23712,6.487456
23713,7.505496
23714,7.340222
23715,7.116381
23716,8.638178
23717,5.510935
23718,6.109718
23719,-10.39028
23720,7.88828
23721,7.926837
23722,7.932739
23723,9.335597
23724,8.861236
23725,7.667929
23726,6.808958
23727,6.416994
23728,2.977854
23729,6.961548
23730,6.728365
23731,5.867118
23732,6.067007
23733,3.959433
23734,4.593233
23735,8.633384
23736,9.028283
23737,7.945226
23738,6.368951
23739,8.290179
23740,8.131057
23741,5.349174
23742,7.527134
23743,5.533862
23744,8.156544
23745,7.891253
23746,6.364337
23747,6.361707
23748,7.457056
23749,6.60613
23750,6.675569
23751,9.429042
23752,4.897065
23753,4.490893
23754,6.316383
23755,7.732933
23756,5.351875
23757,5.258631
23758,9.987758
23759,8.479524
23760,8.126704
23761,5.545557
23762,6.91736
23763,6.901927
23764,7.640684
23765,6.172411
23766,6.836645
23767,10.256473
23768,7.112251
23769,5.531069
23770,8.399471
23771,1.978113
23772,6.945326
23773,5.016909
23774,7.716293
23775,3.818215
23776,5.137962
23777,4.923925
23778,9.672404
23779,5.71177
23780,9.733107
23781,7.531764
23782,8.238245
23783,9.646261
23784,8.736834
23785,8.681254
23786,7.016255
23787,8.628416
23788,5.660819
23789,7.520588
23790,7.58258
23791,5.025918
23792,6.278097
23793,7.691882
23794,5.894336
23795,6.613019
23796,5.246325
23797,7.724508
23798,3.939066
23799,8.094386
23800,5.969575
23801,7.769637
23802,7.881463
23803,8.800004
23804,4.997404
23805,6.949258
23806,5.394491
23807,7.111027
23808,6.727463
23809,6.252879
23810,8.197688
23811,8.475216
23812,4.809598
23813,7.248034
23814,7.887864
23815,4.704158
23816,7.382605
23817,5.742201
23818,7.43842
23819,2.139131
23820,4.302522
23821,8.073423
23822,5.687509
23823,7.246098
23824,7.924327
23825,-4.759938
23826,9.588493
23827,8.355764
23828,-3.136732
23829,8.402269
23830,8.121908
23831,6.627283
23832,1.935984
23833,8.119552
23834,6.573346
23835,4.369958
23836,2.498335
23837,6.984959
23838,4.593714
23839,7.018851
23840,7.100079
23841,5.442821
23842,5.24984
23843,9.899368
23844,6.295054
23845,5.862528
23846,7.001718
23847,5.131807
23848,8.117472
23849,7.839996
23850,8.073117
23851,6.79431
23852,6.680746
23853,9.516986
23854,8.393022
23855,7.208216
23856,7.315016
23857,5.23392
23858,8.180406
23859,-5.77084
23860,5.579002
23861,6.869524
23862,5.790071
23863,10.370743
23864,7.687291
23865,6.088921
23866,8.000122
23867,6.465127
23868,9.295234
23869,7.635123
23870,7.228336
23871,-13.774835
23872,4.873509
23873,7.59514
23874,6.659629
23875,8.800863
23876,8.427909
23877,9.872886
23878,7.307865
23879,8.190766
23880,9.436887
23881,5.535705
23882,7.031253
23883,7.347431
23884,5.467543
23885,6.533143
23886,5.980567
23887,8.015403
23888,8.101661
23889,8.19185
23890,7.540486
23891,7.529283
23892,7.728765
23893,5.455303
23894,6.325948
23895,7.639552
23896,-1.008474
23897,6.574085
23898,7.658458
23899,8.603909
23900,7.1457
23901,4.800228
23902,5.526193
23903,8.861062
23904,6.059579
23905,6.545286
23906,6.045089
23907,4.38635
23908,9.36636
23909,7.187076
23910,5.283915
23911,6.23309
23912,4.841699
23913,6.890981
23914,2.399892
23915,6.063666
23916,5.236869
23917,7.704942
23918,7.833606
23919,7.031872
23920,4.643168
23921,5.797081
23922,3.312166
23923,7.365321
23924,7.557747
23925,5.832398
23926,6.745493
23927,7.773498
23928,6.746278
23929,-0.833248
23930,5.733968
23931,8.424569
23932,5.921727
23933,9.422452
23934,7.482379
23935,7.061825
23936,6.480302
23937,5.710883
23938,5.873507
23939,6.556595
23940,7.214116
23941,7.568798
23942,8.31522
23943,5.895974
23944,7.258423
23945,7.833572
23946,6.570004
23947,5.310886
23948,6.56185
23949,8.868227
23950,9.238227
23951,3.67845
23952,6.020728
23953,6.589476
23954,9.336286
23955,7.042203
23956,7.614004
23957,6.902371
23958,8.735037
23959,9.869353
23960,7.109935
23961,-6.190071
23962,5.235722
23963,5.361978
23964,7.149841
23965,6.149204
23966,7.084716
23967,8.762604
23968,8.17767
23969,5.733712
23970,9.465269
23971,7.177652
23972,-5.626196
23973,6.136846
23974,8.551247
23975,6.345627
23976,7.885363
23977,9.392514
23978,6.356526
23979,6.017597
23980,5.710171
23981,2.487041
23982,5.979953
23983,7.719583
23984,6.254352
23985,5.312187
23986,5.752034
23987,4.933644
23988,5.468873
23989,4.191704
23990,6.18649
23991,6.557879
23992,7.036563
23993,6.205378
23994,6.928495
23995,7.490401
23996,6.875867
23997,7.307312
23998,8.197607
23999,3.595754
24000,7.562245
24001,9.036799
24002,7.265601
24003,8.06603
24004,5.088325
24005,8.069358
24006,8.973882
24007,6.8421
24008,7.267579
24009,6.982322
24010,6.572564
24011,7.107748
24012,5.990733
24013,5.692402
24014,7.438102
24015,7.387484
24016,4.610191
24017,6.984513
24018,7.254482
24019,5.257727
24020,7.273095
24021,2.902213
24022,7.964091
24023,5.723201
24024,-2.665291
24025,8.301172
24026,8.40124
24027,8.501404
24028,7.762251
24029,7.175327
24030,8.14665
24031,8.957098
24032,4.951416
24033,8.488786
24034,3.30769
24035,10.206275
24036,8.789784
24037,4.071144
24038,7.415921
24039,6.820852
24040,5.466211
24041,5.753604
24042,3.233014
24043,6.286039
24044,3.613969
24045,-3.807633
24046,6.5535
24047,5.888358
24048,8.021421
24049,8.151724
24050,8.451625
24051,6.095157
24052,8.522042
24053,7.403997
24054,4.099855
24055,6.800788
24056,8.884664
24057,8.280404
24058,8.119641
24059,-18.557042
24060,2.161622
24061,7.062711
24062,8.429823
24063,4.289478
24064,5.88151
24065,5.728215
24066,7.296486
24067,6.354622
24068,9.62684
24069,6.693819
24070,4.602634
24071,9.581336
24072,6.653713
24073,9.38635
24074,7.792272
24075,6.694005
24076,6.528427
24077,6.315347
24078,7.771768
24079,5.917269
24080,7.279776
24081,7.823708
24082,7.694178
24083,10.015865
24084,6.558654
24085,6.147223
24086,3.733484
24087,6.415853
24088,9.434358
24089,6.804886
24090,5.787478
24091,7.243461
24092,5.459689
24093,7.999577
24094,9.955223
24095,7.032644
24096,7.596681
24097,4.817695
24098,3.876355
24099,6.185473
24100,5.172
24101,7.104488
24102,7.448562
24103,3.885745
24104,6.605979
24105,7.746694
24106,7.392554
24107,7.74302
24108,9.926633
24109,8.10765
24110,9.108102
24111,7.269647
24112,7.130246
24113,5.204073
24114,5.164635
24115,8.558554
24116,6.342316
24117,9.438793
24118,7.933549
24119,6.298082
24120,7.148819
24121,7.973483
24122,6.183268
24123,4.297051
24124,9.089345
24125,7.915749
24126,8.285936
24127,8.905461
24128,9.944779
24129,7.276932
24130,7.957386
24131,7.280657
24132,7.994381
24133,7.059036
24134,8.330348
24135,9.016918
24136,5.601243
24137,7.919205
24138,6.810104
24139,6.982882
24140,7.384995
24141,7.148494
24142,3.280431
24143,6.287472
24144,8.579785
24145,7.181058
24146,8.172673
24147,5.024657
24148,6.141936
24149,6.597655
24150,7.644593
24151,4.275717
24152,5.940537
24153,8.514942
24154,8.697293
24155,7.983394
24156,7.29087
24157,5.464392
24158,7.051278
24159,8.071744
24160,8.628284
24161,7.202973
24162,4.586612
24163,4.268267
24164,7.664705
24165,-11.340357
24166,5.202697
24167,4.912393
24168,7.014661
24169,6.719636
24170,4.945408
24171,9.495139
24172,8.686414
24173,6.476866
24174,9.617227
24175,5.950245
24176,6.802443
24177,6.560097
24178,6.350461
24179,5.568767
24180,7.533231
24181,7.780692
24182,7.772036
24183,8.996826
24184,6.42709
24185,8.003518
24186,5.407516
24187,8.104464
24188,6.274924
24189,9.455053
24190,8.144902
24191,7.277873
24192,7.923385
24193,7.964815
24194,6.826246
24195,5.570079
24196,4.884669
24197,9.209048
24198,5.174481
24199,6.248725
24200,9.183397
24201,9.196196
24202,8.575952
24203,5.745312
24204,8.361409
24205,5.107116
24206,8.589323
24207,5.106894
24208,7.682415
24209,9.11488
24210,8.262339
24211,8.178142
24212,7.180378
24213,7.442213
24214,8.163429
24215,9.318556
24216,4.418624
24217,5.568578
24218,5.738772
24219,6.785457
24220,5.937331
24221,7.821058
24222,7.118218
24223,5.963362
24224,7.31826
24225,5.682943
24226,9.880841
24227,10.01774
24228,8.259802
24229,7.532425
24230,7.094038
24231,9.086492
24232,7.11091
24233,9.284607
24234,8.111451
24235,6.620093
24236,7.656165
24237,4.156741
24238,5.410636
24239,4.690394
24240,6.732946
24241,6.579139
24242,6.231481
24243,6.482767
24244,7.562501
24245,8.269597
24246,7.804677
24247,8.839814
24248,6.046544
24249,6.886555
24250,7.159557
24251,7.778556
24252,8.782267
24253,9.070992
24254,7.101874
24255,7.537267
24256,9.150214
24257,7.059378
24258,6.97903
24259,9.226036
24260,8.648438
24261,4.789356
24262,7.609162
24263,7.206504
24264,6.982937
24265,7.761969
24266,5.908514
24267,9.183252
24268,5.024758
24269,5.524592
24270,7.994077
24271,3.924898
24272,9.126649
24273,7.781032
24274,9.766863
24275,6.682441
24276,7.561938
24277,6.323621
24278,4.708118
24279,9.931472
24280,6.23847
24281,6.06578
24282,6.858787
24283,7.448869
24284,7.270295
24285,7.996041
24286,6.618139
24287,7.763354
24288,9.0389
24289,6.099267
24290,8.536795
24291,7.103586
24292,6.132389
24293,6.256945
24294,6.714736
24295,6.567069
24296,7.881207
24297,3.330311
24298,8.154892
24299,7.07832
24300,7.736697
24301,8.012063
24302,5.852289
24303,8.935386
24304,7.487182
24305,6.957772
24306,7.43346
24307,1.985693
24308,7.837233
24309,6.957125
24310,8.409551
24311,7.589364
24312,-3.286557
24313,7.679836
24314,8.230364
24315,-2.326581
24316,6.368771
24317,7.757328
24318,5.645543
24319,6.406196
24320,8.461371
24321,8.471736
24322,6.052019
24323,6.359229
24324,8.700473
24325,5.029096
24326,6.44035
24327,6.755782
24328,8.530421
24329,7.022824
24330,7.818898
24331,7.714561
24332,5.064617
24333,8.136682
24334,4.084016
24335,6.268144
24336,5.810918
24337,8.547968
24338,9.032635
24339,7.270926
24340,6.211317
24341,5.574504
24342,8.192943
24343,4.561141
24344,-2.569324
24345,7.431207
24346,5.117315
24347,7.523579
24348,9.286433
24349,7.012437
24350,6.837697
24351,7.43705
24352,-3.018093
24353,7.25159
24354,5.503408
24355,8.586926
24356,9.366204
24357,10.526692
24358,6.276773
24359,8.482554
24360,8.050654
24361,6.541307
24362,6.254945
24363,6.091599
24364,3.514443
24365,9.565014
24366,9.187745
24367,7.293951
24368,6.723292
24369,7.066545
24370,5.564618
24371,5.981069
24372,-4.520367
24373,7.109244
24374,7.71549
24375,6.223047
24376,6.424913
24377,8.860485
24378,8.735128
24379,8.394069
24380,7.824354
24381,6.457612
24382,8.192365
24383,7.578019
24384,5.348687
24385,8.587972
24386,5.903418
24387,8.589429
24388,7.710669
24389,4.800351
24390,6.646658
24391,7.873352
24392,6.426561
24393,4.06755
24394,5.648164
24395,5.095899
24396,5.560501
24397,8.519767
24398,7.247791
24399,8.302779
24400,-2.622111
24401,9.45825
24402,6.96217
24403,2.748416
24404,8.278741
24405,5.04617
24406,-11.457572
24407,8.129754
24408,8.194031
24409,8.748943
24410,6.795469
24411,-13.779902
24412,7.655472
24413,7.789038
24414,5.384665
24415,-0.724335
24416,8.042147
24417,8.941176
24418,8.755334
24419,7.060032
24420,7.767912
24421,5.809749
24422,5.060235
24423,5.969348
24424,7.559903
24425,7.849531
24426,7.994672
24427,8.656972
24428,6.413364
24429,6.635216
24430,8.727424
24431,8.241162
24432,6.755948
24433,8.231255
24434,-9.460266
24435,6.804748
24436,7.02899
24437,4.91187
24438,5.207009
24439,7.128657
24440,7.827821
24441,6.255503
24442,7.559135
24443,7.284025
24444,7.730515
24445,7.360197
24446,6.55512
24447,9.378495
24448,6.161628
24449,8.841349
24450,6.879925
24451,5.841068
24452,9.256095
24453,9.604198
24454,-5.165363
24455,7.267534
24456,7.191187
24457,3.44247
24458,6.707488
24459,7.765055
24460,-0.361479
24461,7.087595
24462,6.685304
24463,4.809158
24464,7.103996
24465,8.645145
24466,5.568678
24467,-8.112418
24468,9.019375
24469,5.355456
24470,5.86808
24471,8.972362
24472,9.052484
24473,7.752925
24474,7.405311
24475,8.091362
24476,6.491601
24477,4.977668
24478,5.054275
24479,6.795692
24480,3.860167
24481,5.669285
24482,8.861958
24483,6.893748
24484,8.456577
24485,8.118107
24486,8.3116
24487,-6.151907
24488,7.025261
24489,8.897355
24490,8.1838
24491,7.883808
24492,5.736278
24493,7.551171
24494,6.725309
24495,6.399185
24496,5.03985
24497,6.966848
24498,6.329457
24499,5.674273
24500,8.034148
24501,8.095173
24502,7.004209
24503,7.725966
24504,8.458934
24505,7.543
24506,5.645984
24507,5.90001
24508,8.218429
24509,6.320849
24510,8.484603
24511,6.765884
24512,7.112073
24513,5.809478
24514,7.110959
24515,7.00878
24516,8.72064
24517,8.709112
24518,7.459015
24519,-11.430572
24520,4.719666
24521,8.770537
24522,5.822251
24523,5.125016
24524,6.846393
24525,5.96072
24526,5.404165
24527,5.461964
24528,7.019728
24529,8.639211
24530,7.933517
24531,3.798011
24532,7.408329
24533,7.42448
24534,9.418288
24535,5.612988
24536,7.693009
24537,8.807088
24538,7.902457
24539,7.74269
24540,8.365682
24541,7.877824
24542,8.810925
24543,8.740405
24544,6.342492
24545,5.790496
24546,7.276069
24547,6.871498
24548,7.093113
24549,8.275852
24550,7.349321
24551,5.565335
24552,6.728904
24553,7.476235
24554,7.790808
24555,3.985253
24556,9.188112
24557,7.402273
24558,4.226197
24559,6.602777
24560,5.744602
24561,9.23356
24562,5.812142
24563,6.751903
24564,6.74328
24565,6.49211
24566,1.506866
24567,5.57178
24568,7.020859
24569,8.188672
24570,4.64238
24571,6.921405
24572,7.042077
24573,7.51514
24574,7.830447
24575,6.79631
24576,-3.356276
24577,6.498027
24578,4.862885
24579,-2.924772
24580,6.396905
24581,7.263855
24582,6.412575
24583,6.183615
24584,7.933514
24585,9.302359
24586,7.601593
24587,8.667988
24588,9.399535
24589,4.592789
24590,6.214913
24591,5.407438
24592,6.703485
24593,8.000749
24594,7.611628
24595,5.610082
24596,3.620606
24597,8.084748
24598,6.891809
24599,6.637419
24600,10.253323
24601,7.559812
24602,5.959044
24603,10.519608
24604,6.886089
24605,9.302463
24606,9.305306
24607,7.278781
24608,6.387893
24609,7.247443
24610,8.005804
24611,6.895972
24612,6.468696
24613,6.16076
24614,4.385991
24615,5.987506
24616,4.477768
24617,8.427602
24618,6.890823
24619,7.838536
24620,9.574535
24621,5.992328
24622,6.101204
24623,-4.07906
24624,7.216587
24625,7.915033
24626,4.774646
24627,6.775232
24628,7.421557
24629,7.716335
24630,5.657474
24631,8.97936
24632,7.362038
24633,8.234323
24634,8.261515
24635,7.201904
24636,6.162474
24637,7.21011
24638,9.625168
24639,7.348011
24640,7.214545
24641,6.481105
24642,8.326705
24643,8.923354
24644,7.023744
24645,5.759071
24646,8.400202
24647,4.500203
24648,9.726294
24649,5.950449
24650,6.620396
24651,4.968282
24652,5.446159
24653,9.294588
24654,7.424029
24655,6.423866
24656,9.213635
24657,3.329119
24658,6.382435
24659,9.658449
24660,8.405412
24661,7.698325
24662,5.80381
24663,7.671373
24664,8.489019
24665,6.064121
24666,5.973537
24667,6.732876
24668,8.798824
24669,6.403948
24670,6.238817
24671,6.763452
24672,6.388865
24673,8.871135
24674,6.3666
24675,6.36167
24676,8.232573
24677,5.746624
24678,4.598529
24679,7.799595
24680,8.497411
24681,7.65451
24682,7.026081
24683,6.943726
24684,8.345413
24685,5.82356
24686,6.224033
24687,8.801374
24688,-2.980662
24689,6.148644
24690,6.650596
24691,9.121227
24692,4.693361
24693,7.783593
24694,7.157158
24695,7.647178
24696,6.58646
24697,6.999049
24698,8.161521
24699,7.024251
24700,5.659223
24701,8.07504
24702,3.414594
24703,4.330046
24704,6.991166
24705,4.856944
24706,10.016483
24707,8.6055
24708,8.936638
24709,8.933819
24710,5.521833
24711,7.850922
24712,9.88927
24713,3.759206
24714,7.507869
24715,5.100678
24716,11.241265
24717,6.178514
24718,5.941668
24719,4.674562
24720,7.396504
24721,4.907544
24722,5.831241
24723,8.047619
24724,9.080106
24725,6.464653
24726,9.048228
24727,5.41974
24728,4.628832
24729,7.840054
24730,7.835083
24731,4.243554
24732,7.909999
24733,7.242657
24734,8.686255
24735,-10.429618
24736,6.918365
24737,8.401791
24738,7.033523
24739,5.833895
24740,7.652012
24741,7.807012
24742,11.286682
24743,8.240902
24744,8.060904
24745,7.629405
24746,6.855128
24747,7.002157
24748,8.626673
24749,4.471049
24750,6.168524
24751,5.55699
24752,6.341826
24753,9.026875
24754,7.56898
24755,5.54803
24756,8.105265
24757,6.852377
24758,6.244103
24759,7.997936
24760,7.98662
24761,8.602682
24762,6.107099
24763,7.654258
24764,5.100657
24765,5.340497
24766,8.440172
24767,5.02486
24768,4.870533
24769,8.256059
24770,5.977599
24771,5.172917
24772,7.254121
24773,9.11571
24774,-4.499677
24775,8.922756
24776,8.422288
24777,5.957364
24778,8.761522
24779,4.76629
24780,8.683736
24781,5.798274
24782,6.098932
24783,5.384401
24784,5.433735
24785,7.169965
24786,5.213118
24787,4.414917
24788,7.029632
24789,8.011042
24790,6.981792
24791,4.757445
24792,7.912047
24793,8.479183
24794,6.353337
24795,8.656185
24796,3.6938
24797,7.331604
24798,6.663318
24799,9.053641
24800,5.901457
24801,7.713089
24802,7.826314
24803,5.633692
24804,5.146792
24805,6.421333
24806,6.102093
24807,7.550319
24808,7.790473
24809,6.820691
24810,6.388206
24811,5.202849
24812,8.160538
24813,8.036059
24814,6.872902
24815,7.597728
24816,5.497086
24817,6.587464
24818,6.938846
24819,6.765473
24820,5.305055
24821,6.913436
24822,7.650008
24823,6.307015
24824,5.070139
24825,8.589305
24826,6.584863
24827,7.007304
24828,7.845076
24829,7.453724
24830,5.898749
24831,9.271606
24832,5.477472
24833,8.86513
24834,7.948211
24835,4.598375
24836,5.308622
24837,9.35041
24838,6.014555
24839,7.144152
24840,7.690986
24841,6.75916
24842,5.797858
24843,7.967079
24844,6.431875
24845,7.864574
24846,8.771707
24847,7.951284
24848,6.956659
24849,6.952212
24850,5.369379
24851,8.66083
24852,6.606756
24853,8.51764
24854,9.141449
24855,7.039339
24856,5.079568
24857,6.015445
24858,8.76405
24859,7.279202
24860,7.290619
24861,8.783039
24862,5.739058
24863,5.500261
24864,8.943503
24865,7.94128
24866,5.558737
24867,7.092444
24868,8.632055
24869,10.015045
24870,7.716945
24871,6.13471
24872,8.190074
24873,3.683261
24874,7.048375
24875,4.821722
24876,7.298115
24877,7.426795
24878,9.023211
24879,5.49137
24880,7.565753
24881,7.283153
24882,9.779769
24883,5.395308
24884,6.562159
24885,7.704253
24886,8.323495
24887,6.586246
24888,9.649507
24889,4.598092
24890,9.186928
24891,7.740805
24892,4.451096
24893,8.1492
24894,7.414735
24895,8.479219
24896,9.00632
24897,7.682065
24898,5.443141
24899,5.663395
24900,7.558286
24901,6.866735
24902,3.088637
24903,5.83736
24904,7.794755
24905,4.623851
24906,8.80393
24907,5.871725
24908,6.990911
24909,9.272767
24910,8.23087
24911,8.790176
24912,7.037467
24913,4.840269
24914,9.099643
24915,5.803363
24916,8.099997
24917,5.707666
24918,8.92417
24919,7.674749
24920,6.355259
24921,4.223798
24922,6.492662
24923,6.742619
24924,6.601849
24925,7.923096
24926,5.895399
24927,6.718253
24928,7.426148
24929,8.938722
24930,8.6288
24931,9.112523
24932,9.823002
24933,7.349007
24934,6.421434
24935,7.39625
24936,7.525822
24937,7.067088
24938,8.717826
24939,5.147709
24940,8.649124
24941,-5.001307
24942,9.751493
24943,7.703377
24944,8.806891
24945,5.252259
24946,5.905034
24947,7.452252
24948,5.683017
24949,4.726345
24950,5.965549
24951,6.72902
24952,6.965349
24953,7.619244
24954,5.002069
24955,4.722071
24956,7.000293
24957,6.816793
24958,8.651951
24959,6.920435
24960,8.849698
24961,5.495642
24962,8.904735
24963,7.247325
24964,8.371945
24965,9.506874
24966,8.335452
24967,6.722821
24968,7.323663
24969,8.489651
24970,5.12776
24971,6.732337
24972,5.497198
24973,7.358081
24974,8.416733
24975,8.457812
24976,8.730247
24977,5.893981
24978,6.753317
24979,8.14787
24980,5.777926
24981,8.251747
24982,6.830392
24983,7.992793
24984,1.754805
24985,6.250712
24986,9.168575
24987,9.386863
24988,6.84478
24989,4.723741
24990,5.348653
24991,7.364673
24992,8.096534
24993,7.836326
24994,5.413232
24995,7.517896
24996,5.364388
24997,6.257807
24998,8.994963
24999,5.858515
25000,5.631706
25001,4.665046
25002,6.577162
25003,6.135454
25004,7.757507
25005,8.572291
25006,6.653318
25007,8.179171
25008,8.005492
25009,7.100843
25010,7.468624
25011,6.69639
25012,7.507891
25013,6.276933
25014,8.201119
25015,2.237074
25016,5.676127
25017,9.188573
25018,6.098717
25019,7.741063
25020,7.926834
25021,8.140699
25022,7.548847
25023,-2.667593
25024,5.855259
25025,6.318987
25026,6.319475
25027,5.499613
25028,7.259349
25029,8.380898
25030,8.099722
25031,8.194403
25032,7.35374
25033,7.885978
25034,3.167774
25035,4.086722
25036,6.336367
25037,7.590692
25038,7.638694
25039,9.122047
25040,8.024955
25041,6.12551
25042,7.340504
25043,7.4099
25044,7.434333
25045,7.535839
25046,6.61979
25047,7.07416
25048,5.80214
25049,8.732143
25050,9.464085
25051,6.199217
25052,7.819703
25053,8.370887
25054,8.052309
25055,5.700408
25056,6.868541
25057,7.101629
25058,7.722497
25059,8.484493
25060,6.690648
25061,5.201588
25062,5.933152
25063,7.526475
25064,8.069179
25065,3.116606
25066,-4.278491
25067,8.965625
25068,6.150161
25069,6.709519
25070,7.220738
25071,5.642006
25072,7.599709
25073,8.108895
25074,7.506135
25075,7.11732
25076,6.495413
25077,-2.569414
25078,7.651762
25079,8.241042
25080,9.214235
25081,-6.981633
25082,10.023402
25083,11.08408
25084,6.281413
25085,4.14549
25086,7.371742
25087,8.002152
25088,4.913933
25089,4.631849
25090,10.477202
25091,8.13167
25092,8.919426
25093,7.563219
25094,3.600817
25095,-14.949892
25096,8.167139
25097,6.242178
25098,3.592669
25099,7.870704
25100,8.077534
25101,7.742881
25102,7.00561
25103,6.974325
25104,5.356732
25105,1.690778
25106,8.703157
25107,7.522661
25108,6.889244
25109,8.851322
25110,6.443277
25111,6.876018
25112,7.624286
25113,8.171101
25114,5.813528
25115,7.922855
25116,3.525417
25117,5.99522
25118,8.579099
25119,9.105885
25120,6.428619
25121,8.522601
25122,7.083551
25123,9.2012
25124,7.791746
25125,4.187017
25126,6.88507
25127,5.437145
25128,6.567379
25129,7.053206
25130,7.708656
25131,5.83373
25132,4.274417
25133,3.962875
25134,2.8609
25135,6.593023
25136,7.891908
25137,6.386976
25138,3.518721
25139,7.141086
25140,9.890596
25141,7.580486
25142,-0.494899
25143,5.560291
25144,7.487092
25145,8.798113
25146,-11.357719
25147,7.208626
25148,9.485601
25149,9.681285
25150,4.722769
25151,8.395378
25152,8.013134
25153,7.958343
25154,6.295594
25155,8.742333
25156,7.750501
25157,8.059985
25158,9.780718
25159,9.620843
25160,6.07514
25161,6.601906
25162,8.441174
25163,6.109386
25164,6.363383
25165,-2.489947
25166,8.653929
25167,6.790273
25168,7.171697
25169,8.625052
25170,8.744489
25171,9.12317
25172,5.795535
25173,5.083362
25174,8.943767
25175,9.94141
25176,5.474432
25177,6.292019
25178,9.090337
25179,6.313412
25180,4.113009
25181,3.748477
25182,7.41175
25183,6.262154
25184,8.744233
25185,8.707879
25186,9.450403
25187,5.255916
25188,5.155552
25189,4.490426
25190,5.312142
25191,5.62793
25192,5.358189
25193,7.225784
25194,6.068172
25195,5.239684
25196,5.526831
25197,5.143676
25198,8.294426
25199,6.198967
25200,6.285133
25201,7.717544
25202,6.967485
25203,7.828651
25204,7.129783
25205,-4.632189
25206,7.722732
25207,6.110056
25208,5.411054
25209,7.760235
25210,6.181154
25211,7.893588
25212,6.449838
25213,7.484569
25214,5.274808
25215,6.381943
25216,7.512122
25217,-3.563956
25218,8.036813
25219,7.222538
25220,6.814515
25221,-5.12751
25222,6.431894
25223,8.321882
25224,8.200378
25225,8.757968
25226,9.339426
25227,7.26282
25228,10.916165
25229,6.967754
25230,7.593312
25231,6.047759
25232,6.208133
25233,7.409784
25234,8.259254
25235,5.255744
25236,6.215694
25237,6.634355
25238,5.140327
25239,10.047905
25240,7.993644
25241,-3.207994
25242,6.926806
25243,6.095895
25244,8.145049
25245,3.075308
25246,4.962396
25247,8.532811
25248,9.167025
25249,8.212832
25250,4.287197
25251,6.022606
25252,6.750384
25253,9.325137
25254,7.674764
25255,7.243137
25256,7.895777
25257,8.732244
25258,7.229336
25259,9.22822
25260,6.265393
25261,5.954574
25262,4.679017
25263,5.554545
25264,-4.344539
25265,3.178226
25266,3.942464
25267,7.80799
25268,9.184627
25269,6.960883
25270,3.923121
25271,8.142005
25272,5.813314
25273,7.625883
25274,8.051065
25275,5.781049
25276,6.627901
25277,4.654529
25278,7.352465
25279,4.332302
25280,6.411793
25281,9.657861
25282,8.910641
25283,6.942834
25284,4.218788
25285,7.246896
25286,8.288338
25287,8.308993
25288,8.713485
25289,4.880268
25290,5.053763
25291,4.486634
25292,4.022468
25293,4.670907
25294,7.379692
25295,6.593981
25296,6.855278
25297,7.841106
25298,5.903358
25299,5.44363
25300,9.575888
25301,8.220714
25302,7.631023
25303,8.053171
25304,7.850122
25305,7.105573
25306,5.616231
25307,5.71573
25308,6.537475
25309,9.129421
25310,6.931569
25311,6.08293
25312,7.919979
25313,6.763126
25314,5.500747
25315,5.909183
25316,7.226263
25317,5.992633
25318,8.802705
25319,6.175054
25320,6.348049
25321,5.175649
25322,8.086267
25323,8.855224
25324,7.248133
25325,4.492165
25326,7.92678
25327,8.072644
25328,8.780556
25329,6.311169
25330,8.059841
25331,4.727078
25332,7.418189
25333,10.341398
25334,8.38012
25335,8.860671
25336,6.029364
25337,7.977413
25338,7.220651
25339,8.419432
25340,4.674546
25341,8.839245
25342,6.562129
25343,9.227922
25344,1.885741
25345,6.013109
25346,7.734333
25347,7.174763
25348,5.976768
25349,7.662997
25350,5.462305
25351,6.882155
25352,6.152287
25353,6.253504
25354,8.000539
25355,6.336219
25356,5.460911
25357,3.635779
25358,7.702394
25359,6.979268
25360,6.598251
25361,6.850904
25362,-15.067621
25363,7.897347
25364,9.043273
25365,6.746861
25366,5.707428
25367,5.109009
25368,4.816561
25369,7.18368
25370,6.120707
25371,6.027736
25372,4.77206
25373,8.878733
25374,-4.131569
25375,7.636659
25376,7.222276
25377,5.009468
25378,4.307029
25379,7.607739
25380,7.722376
25381,6.462973
25382,5.802279
25383,9.300383
25384,7.085863
25385,9.170137
25386,9.827454
25387,9.734113
25388,7.53486
25389,8.20871
25390,9.734971
25391,5.292465
25392,5.070776
25393,5.323601
25394,4.489249
25395,6.973447
25396,5.491491
25397,4.294833
25398,8.465414
25399,9.022836
25400,7.032341
25401,6.395922
25402,6.958598
25403,8.253965
25404,6.05931
25405,8.054795
25406,9.324748
25407,6.13742
25408,6.609499
25409,8.526155
25410,6.54321
25411,9.520263
25412,7.667535
25413,7.813053
25414,8.549684
25415,6.907289
25416,8.103334
25417,9.957546
25418,7.006634
25419,5.491472
25420,8.061999
25421,8.148504
25422,6.787895
25423,6.107496
25424,7.886744
25425,6.944387
25426,6.024705
25427,8.312691
25428,6.70204
25429,7.816438
25430,9.507626
25431,9.236823
25432,5.887727
25433,5.255843
25434,8.700336
25435,4.723176
25436,6.893105
25437,5.508526
25438,6.301112
25439,7.606906
25440,7.993154
25441,7.898811
25442,5.708994
25443,5.215896
25444,7.57744
25445,7.914556
25446,7.241648
25447,7.877412
25448,7.90609
25449,8.301324
25450,6.557657
25451,5.731033
25452,-12.843614
25453,6.68852
25454,7.907684
25455,6.01777
25456,8.872908
25457,8.302029
25458,5.08355
25459,5.815124
25460,7.497125
25461,6.471382
25462,8.192675
25463,4.693121
25464,7.937372
25465,9.10629
25466,6.994458
25467,6.774401
25468,7.189399
25469,7.214858
25470,7.585731
25471,3.882502
25472,7.415326
25473,6.530599
25474,7.915404
25475,8.684674
25476,9.092469
25477,8.826263
25478,6.377226
25479,8.040403
25480,7.003041
25481,6.144985
25482,7.666225
25483,7.094201
25484,4.297444
25485,6.281716
25486,8.787305
25487,7.580971
25488,8.758679
25489,7.555098
25490,8.831696
25491,7.447516
25492,6.822235
25493,5.2037
25494,6.322175
25495,5.345665
25496,9.411303
25497,8.845458
25498,8.434219
25499,6.4763
25500,8.447039
25501,8.888067
25502,5.720598
25503,5.838782
25504,6.941629
25505,7.449212
25506,5.594809
25507,6.07472
25508,7.900596
25509,-6.290038
25510,6.81838
25511,4.997665
25512,2.900276
25513,8.084449
25514,9.070375
25515,5.185746
25516,5.760802
25517,7.192275
25518,6.728224
25519,7.498331
25520,3.42417
25521,5.291455
25522,4.47938
25523,6.8733
25524,8.522869
25525,6.200623
25526,6.972602
25527,8.4
25528,6.177922
25529,6.775559
25530,8.421011
25531,6.267075
25532,7.105189
25533,6.062446
25534,6.87012
25535,8.218262
25536,5.302724
25537,10.511415
25538,6.815815
25539,7.117496
25540,10.480887
25541,5.545067
25542,7.853416
25543,8.004418
25544,9.071598
25545,5.225778
25546,5.341901
25547,9.144373
25548,8.35292
25549,5.070302
25550,7.052165
25551,6.237321
25552,7.706617
25553,7.085469
25554,5.968659
25555,5.451262
25556,7.992565
25557,7.690172
25558,6.976028
25559,6.744819
25560,5.936349
25561,-5.084422
25562,8.730055
25563,5.421723
25564,8.418433
25565,8.138194
25566,5.907591
25567,8.333046
25568,7.216463
25569,9.49941
25570,8.182135
25571,10.460659
25572,8.716809
25573,5.452567
25574,5.501389
25575,10.688299
25576,4.744377
25577,5.598093
25578,4.350172
25579,7.963107
25580,9.217415
25581,9.161841
25582,10.128139
25583,6.830061
25584,6.432422
25585,5.635893
25586,7.341112
25587,6.089363
25588,9.563346
25589,8.793458
25590,9.417006
25591,8.476921
25592,4.285039
25593,6.376716
25594,8.774042
25595,-3.320843
25596,5.073529
25597,9.895581
25598,4.355257
25599,6.322308
25600,5.710419
25601,8.752488
25602,7.363215
25603,5.140221
25604,5.297647
25605,3.090844
25606,8.74544
25607,-11.863317
25608,6.134377
25609,8.089973
25610,8.55345
25611,7.571094
25612,2.133849
25613,5.782116
25614,7.890112
25615,6.149536
25616,7.125789
25617,7.723414
25618,5.063106
25619,6.689847
25620,7.133387
25621,6.534086
25622,6.26139
25623,6.358202
25624,8.184664
25625,6.93181
25626,4.206942
25627,6.505661
25628,7.373339
25629,8.602727
25630,5.799483
25631,6.091142
25632,4.603845
25633,6.261193
25634,4.842924
25635,7.039195
25636,5.550426
25637,8.011177
25638,6.678538
25639,0.16872
25640,4.796102
25641,6.425179
25642,7.394729
25643,6.783174
25644,7.542155
25645,7.141357
25646,6.038222
25647,5.744006
25648,5.475328
25649,6.737901
25650,6.745628
25651,6.784069
25652,-4.65921
25653,8.724468
25654,6.95326
25655,6.434782
25656,6.376726
25657,6.067193
25658,6.003776
25659,0.371252
25660,5.24933
25661,7.014096
25662,7.537147
25663,7.181772
25664,7.051451
25665,7.248308
25666,7.298112
25667,6.821483
25668,7.157489
25669,4.237207
25670,8.628867
25671,8.228149
25672,4.281098
25673,3.939917
25674,8.075315
25675,9.737397
25676,9.270761
25677,7.357233
25678,7.104327
25679,6.471299
25680,7.642141
25681,5.731708
25682,5.970525
25683,4.719532
25684,8.310612
25685,7.368177
25686,6.580781
25687,7.633552
25688,6.891602
25689,7.047489
25690,7.269276
25691,4.495978
25692,6.891893
25693,7.169512
25694,8.323747
25695,9.889481
25696,5.914515
25697,8.192582
25698,6.627844
25699,6.880786
25700,5.891674
25701,4.544028
25702,9.285951
25703,8.458436
25704,5.795846
25705,7.473067
25706,7.724871
25707,8.222591
25708,-19.129943
25709,7.951372
25710,6.964341
25711,7.427821
25712,5.616173
25713,8.235224
25714,4.76119
25715,7.816396
25716,7.388494
25717,10.218236
25718,4.953098
25719,7.167282
25720,6.898382
25721,8.245876
25722,6.793688
25723,5.067422
25724,7.695059
25725,8.934914
25726,7.29825
25727,7.677283
25728,5.264236
25729,7.822091
25730,6.954473
25731,7.633963
25732,7.217226
25733,6.868633
25734,7.58096
25735,6.600075
25736,6.300078
25737,6.992318
25738,4.625697
25739,7.173269
25740,6.296547
25741,7.138155
25742,6.201568
25743,6.015266
25744,5.859308
25745,7.891917
25746,7.238025
25747,-3.119211
25748,5.638546
25749,5.668667
25750,8.156541
25751,6.539083
25752,7.830547
25753,5.443405
25754,7.384283
25755,6.575937
25756,5.491016
25757,7.391375
25758,8.150398
25759,6.420197
25760,8.11338
25761,6.865591
25762,8.340637
25763,7.840935
25764,7.189581
25765,4.990369
25766,8.383731
25767,8.832977
25768,8.994255
25769,8.833379
25770,6.962884
25771,5.107236
25772,5.787999
25773,7.998468
25774,7.06572
25775,7.965625
25776,5.854424
25777,8.637446
25778,9.555211
25779,9.542418
25780,8.068076
25781,6.886817
25782,6.59447
25783,9.225533
25784,7.095251
25785,6.782803
25786,5.853183
25787,8.160464
25788,6.772391
25789,3.26054
25790,6.105414
25791,7.187074
25792,7.908883
25793,9.47587
25794,8.610886
25795,8.661336
25796,9.6943
25797,7.24639
25798,6.661959
25799,5.972941
25800,7.951838
25801,9.513415
25802,6.331412
25803,7.78866
25804,9.184763
25805,6.691348
25806,8.28952
25807,6.93841
25808,7.195033
25809,5.025175
25810,7.730151
25811,8.34177
25812,4.802012
25813,-5.014651
25814,7.680128
25815,9.065803
25816,3.982989
25817,8.865126
25818,9.451827
25819,6.757641
25820,9.189818
25821,8.427532
25822,10.897027
25823,8.119258
25824,3.964777
25825,8.031799
25826,6.813583
25827,7.929521
25828,4.600239
25829,8.116578
25830,10.249025
25831,7.222605
25832,7.793558
25833,7.395842
25834,9.061217
25835,6.232063
25836,7.409346
25837,6.549141
25838,6.888251
25839,9.192754
25840,6.774242
25841,7.592905
25842,8.196561
25843,8.182695
25844,7.135565
25845,5.949229
25846,8.350659
25847,8.202021
25848,7.002812
25849,9.837183
25850,8.014969
25851,8.926896
25852,7.343112
25853,7.565783
25854,6.216327
25855,-5.764963
25856,8.516037
25857,5.945302
25858,8.389694
25859,7.41192
25860,6.293986
25861,7.378331
25862,8.969642
25863,6.616123
25864,8.448791
25865,9.535679
25866,2.124975
25867,3.191029
25868,6.343864
25869,6.124493
25870,6.824864
25871,8.048413
25872,5.306692
25873,8.755011
25874,8.654006
25875,6.81415
25876,7.288356
25877,6.785468
25878,6.303623
25879,5.450437
25880,-1.085272
25881,7.471208
25882,8.935928
25883,7.338118
25884,8.546585
25885,8.273689
25886,5.755601
25887,8.457729
25888,8.667903
25889,8.788412
25890,5.850474
25891,6.792371
25892,7.851794
25893,7.316116
25894,6.05453
25895,8.210786
25896,-3.129741
25897,8.089076
25898,6.617873
25899,5.868509
25900,4.755972
25901,7.91129
25902,7.653962
25903,8.102802
25904,8.334249
25905,7.57099
25906,8.734607
25907,7.249109
25908,6.2596
25909,5.838865
25910,6.500496
25911,6.142473
25912,9.261788
25913,5.12252
25914,8.137901
25915,5.549585
25916,6.631417
25917,6.973704
25918,7.083107
25919,5.453921
25920,7.300631
25921,8.470643
25922,8.855194
25923,7.270967
25924,7.114648
25925,9.717221
25926,7.452046
25927,6.358213
25928,8.822442
25929,9.308787
25930,8.351416
25931,7.021105
25932,6.17413
25933,4.611526
25934,9.96624
25935,6.056169
25936,5.570612
25937,7.22455
25938,7.77187
25939,6.317478
25940,7.007994
25941,6.795636
25942,7.915181
25943,6.902111
25944,6.834076
25945,6.461303
25946,5.633305
25947,6.856879
25948,7.65248
25949,7.230026
25950,8.109944
25951,7.673847
25952,8.005603
25953,7.219804
25954,6.649965
25955,9.630109
25956,7.382608
25957,6.52106
25958,7.495716
25959,6.64248
25960,6.389764
25961,8.618069
25962,5.910332
25963,8.892262
25964,9.334642
25965,8.999567
25966,7.458861
25967,6.411346
25968,6.911572
25969,-2.491552
25970,8.734906
25971,5.082966
25972,5.668818
25973,5.24391
25974,7.026885
25975,-3.08132
25976,6.28047
25977,6.421343
25978,8.339708
25979,5.394021
25980,7.822414
25981,9.179214
25982,7.928588
25983,5.911397
25984,6.605381
25985,6.574694
25986,8.031421
25987,8.506027
25988,8.35981
25989,6.77451
25990,8.907262
25991,8.70642
25992,7.548365
25993,4.25532
25994,6.173754
25995,6.221491
25996,6.567179
25997,7.42779
25998,5.695522
25999,8.688353
26000,5.921796
26001,7.558593
26002,10.037384
26003,3.221903
26004,3.617913
26005,8.821607
26006,6.895625
26007,6.22623
26008,7.92457
26009,9.520081
26010,8.826342
26011,6.93946
26012,7.15239
26013,7.723619
26014,7.001142
26015,6.931724
26016,5.630581
26017,8.745622
26018,7.404358
26019,8.966254
26020,8.300493
26021,8.409121
26022,6.348635
26023,6.529748
26024,4.361882
26025,5.804417
26026,7.279336
26027,1.714225
26028,8.377173
26029,6.460603
26030,7.267956
26031,6.836201
26032,5.520443
26033,5.441192
26034,8.93535
26035,9.113831
26036,8.969779
26037,8.043463
26038,3.49456
26039,7.918585
26040,7.341093
26041,6.254675
26042,5.400024
26043,5.160842
26044,6.214911
26045,8.241127
26046,7.350374
26047,7.459263
26048,6.434461
26049,7.384153
26050,7.572403
26051,8.211698
26052,6.207731
26053,7.363005
26054,5.650686
26055,7.277274
26056,5.914919
26057,6.326032
26058,7.709766
26059,9.460854
26060,6.475279
26061,8.890444
26062,6.383308
26063,5.753686
26064,8.310471
26065,1.905503
26066,7.131802
26067,5.012007
26068,8.877208
26069,6.430017
26070,8.236005
26071,8.998139
26072,5.875575
26073,7.172615
26074,6.206222
26075,8.138401
26076,8.052324
26077,5.584863
26078,8.005238
26079,8.519051
26080,3.825263
26081,7.372573
26082,4.366181
26083,3.869573
26084,6.590862
26085,5.47428
26086,4.686021
26087,6.542683
26088,5.158034
26089,5.489457
26090,8.111091
26091,7.908408
26092,7.880885
26093,8.206598
26094,6.088842
26095,7.818661
26096,6.494036
26097,5.425637
26098,3.783652
26099,6.039819
26100,7.439556
26101,6.630009
26102,7.266896
26103,4.378306
26104,6.803528
26105,-8.764535
26106,7.355436
26107,6.820596
26108,9.113794
26109,6.784843
26110,-5.956112
26111,8.282183
26112,5.194269
26113,7.631069
26114,6.590142
26115,7.024677
26116,8.53356
26117,9.343252
26118,6.327738
26119,8.48874
26120,8.268948
26121,-12.708084
26122,6.117287
26123,7.248668
26124,6.757941
26125,6.86319
26126,8.120579
26127,-3.274274
26128,6.537834
26129,6.434567
26130,8.727911
26131,6.027577
26132,3.240964
26133,6.499229
26134,6.014399
26135,7.374204
26136,6.243039
26137,7.928262
26138,7.317442
26139,8.472898
26140,5.066004
26141,3.904194
26142,8.420835
26143,8.636843
26144,8.416237
26145,7.679315
26146,6.855846
26147,7.218439
26148,5.509255
26149,3.300596
26150,3.159494
26151,7.626745
26152,9.115822
26153,7.784054
26154,6.929842
26155,9.759598
26156,8.793505
26157,8.162866
26158,6.831395
26159,7.398242
26160,0.450949
26161,5.606509
26162,6.938918
26163,5.371184
26164,7.272791
26165,6.056524
26166,7.582164
26167,7.815069
26168,3.716933
26169,6.85748
26170,7.443821
26171,6.499044
26172,7.517598
26173,5.908034
26174,6.836504
26175,7.583043
26176,9.210902
26177,9.05572
26178,7.517347
26179,7.507594
26180,9.396692
26181,6.397963
26182,8.415471
26183,7.097452
26184,7.695027
26185,6.475883
26186,7.284342
26187,9.346546
26188,6.507864
26189,9.99423
26190,7.825013
26191,7.274049
26192,8.573963
26193,5.980908
26194,8.511856
26195,8.901389
26196,9.339563
26197,7.750813
26198,6.565216
26199,10.140149
26200,8.252146
26201,9.003016
26202,7.969759
26203,5.252532
26204,7.723979
26205,7.750524
26206,8.622251
26207,6.862742
26208,4.456017
26209,6.284616
26210,6.532183
26211,5.688283
26212,8.070055
26213,8.358121
26214,9.617324
26215,8.092847
26216,6.770851
26217,6.91105
26218,4.910963
26219,8.438008
26220,6.448832
26221,6.530892
26222,8.990338
26223,7.842936
26224,5.543585
26225,8.552387
26226,6.947045
26227,9.051115
26228,8.738361
26229,10.403844
26230,5.488923
26231,8.579042
26232,6.8162
26233,4.112905
26234,9.268137
26235,8.758023
26236,4.188978
26237,9.345835
26238,6.401002
26239,6.560198
26240,5.903292
26241,6.713238
26242,7.422909
26243,6.293343
26244,5.966685
26245,9.297567
26246,7.83792
26247,9.089526
26248,6.45669
26249,7.252088
26250,6.876744
26251,5.115413
26252,7.408451
26253,5.791772
26254,7.279848
26255,6.639247
26256,7.751204
26257,6.277942
26258,7.264808
26259,7.321153
26260,6.76172
26261,6.997939
26262,6.841474
26263,6.861714
26264,9.644557
26265,4.928434
26266,6.182529
26267,5.280812
26268,7.703211
26269,4.624415
26270,8.151849
26271,8.564319
26272,4.892731
26273,5.131375
26274,9.602614
26275,7.599725
26276,7.433326
26277,6.736732
26278,5.445114
26279,4.920198
26280,6.531436
26281,9.286973
26282,7.478638
26283,7.946842
26284,7.485332
26285,6.49761
26286,7.244851
26287,8.12672
26288,8.896535
26289,6.660612
26290,8.367521
26291,6.380905
26292,4.993183
26293,5.943609
26294,4.933005
26295,7.600916
26296,7.777895
26297,6.484007
26298,6.682012
26299,6.809498
26300,7.614227
26301,6.363102
26302,6.637043
26303,6.211775
26304,9.377154
26305,2.91237
26306,8.278216
26307,8.747404
26308,8.122045
26309,8.094076
26310,8.78554
26311,3.533815
26312,6.473348
26313,8.230653
26314,5.819703
26315,3.656685
26316,8.468843
26317,6.380242
26318,5.207288
26319,5.771044
26320,6.344951
26321,4.484442
26322,5.568581
26323,6.036725
26324,3.045287
26325,7.850639
26326,6.141065
26327,11.410202
26328,6.648818
26329,7.476732
26330,3.876756
26331,5.084083
26332,8.305577
26333,5.744597
26334,6.110466
26335,8.051843
26336,7.886347
26337,8.656686
26338,8.148215
26339,6.496044
26340,6.63771
26341,8.69837
26342,6.737347
26343,8.150169
26344,6.77485
26345,8.473529
26346,-4.038142
26347,6.942665
26348,3.583077
26349,8.71134
26350,7.581019
26351,2.476399
26352,6.055079
26353,4.986963
26354,7.734741
26355,6.535664
26356,8.675334
26357,6.209514
26358,7.386691
26359,9.421065
26360,9.463578
26361,8.745551
26362,7.842014
26363,8.337245
26364,5.149019
26365,8.41602
26366,7.402002
26367,9.065645
26368,6.237871
26369,8.23009
26370,7.588984
26371,10.414719
26372,6.557706
26373,8.302427
26374,6.355281
26375,8.271322
26376,6.697487
26377,10.08431
26378,6.870239
26379,9.218921
26380,8.152456
26381,5.107633
26382,7.742799
26383,7.557496
26384,5.642462
26385,6.072897
26386,3.737029
26387,8.500501
26388,4.603451
26389,8.003119
26390,7.104507
26391,5.071338
26392,5.646163
26393,8.870676
26394,7.245541
26395,7.173881
26396,4.231801
26397,5.911247
26398,5.887409
26399,6.077772
26400,9.082649
26401,5.453843
26402,8.149113
26403,4.255
26404,6.251546
26405,6.672174
26406,6.815899
26407,7.72028
26408,9.851644
26409,8.280119
26410,6.889942
26411,8.715065
26412,8.336223
26413,7.962795
26414,5.250374
26415,4.806904
26416,4.554542
26417,6.546409
26418,8.306666
26419,7.729535
26420,8.586684
26421,8.612136
26422,5.817347
26423,7.859431
26424,-2.026662
26425,8.139247
26426,6.616424
26427,7.799607
26428,6.731364
26429,9.705846
26430,5.907649
26431,6.773763
26432,7.069914
26433,9.937254
26434,7.282005
26435,9.922867
26436,7.051518
26437,8.782343
26438,7.115731
26439,6.246953
26440,5.533938
26441,7.689904
26442,8.814352
26443,7.008809
26444,7.016101
26445,5.0172
26446,8.402084
26447,4.813025
26448,7.537987
26449,5.969865
26450,8.761306
26451,7.164952
26452,8.330309
26453,4.223202
26454,4.206365
26455,7.778128
26456,5.249063
26457,-4.084554
26458,4.855337
26459,3.472446
26460,7.369211
26461,7.526715
26462,8.480401
26463,6.518508
26464,4.419061
26465,-3.509988
26466,8.968663
26467,8.567174
26468,8.31462
26469,4.825622
26470,7.774214
26471,4.641436
26472,8.31945
26473,8.569703
26474,6.893239
26475,5.099479
26476,8.310325
26477,5.745931
26478,6.808121
26479,5.966872
26480,7.391617
26481,5.817504
26482,8.148886
26483,7.042539
26484,8.610708
26485,6.60558
26486,8.266111
26487,2.242447
26488,7.549113
26489,-0.65501
26490,3.838424
26491,6.337762
26492,4.656004
26493,9.023255
26494,5.749294
26495,8.40446
26496,9.877388
26497,7.698142
26498,6.207767
26499,5.609527
26500,6.798544
26501,4.864666
26502,8.512524
26503,6.939008
26504,6.727943
26505,8.253194
26506,4.374583
26507,5.403836
26508,-4.594205
26509,8.76118
26510,5.531653
26511,6.816304
26512,6.738111
26513,6.388515
26514,5.663765
26515,7.051227
26516,8.064192
26517,6.260154
26518,7.57398
26519,8.393747
26520,8.971874
26521,9.269122
26522,6.59287
26523,7.073013
26524,6.682185
26525,8.135416
26526,8.363956
26527,9.91972
26528,4.788079
26529,8.879019
26530,7.255193
26531,5.799535
26532,5.986804
26533,8.066455
26534,5.716005
26535,6.545296
26536,7.28091
26537,9.154998
26538,5.316716
26539,5.290923
26540,7.672133
26541,5.415541
26542,5.776826
26543,6.586226
26544,7.726893
26545,6.62454
26546,7.147337
26547,7.239044
26548,8.702457
26549,6.190043
26550,5.807159
26551,7.890305
26552,7.535538
26553,10.570047
26554,5.575069
26555,8.206855
26556,7.764452
26557,6.496409
26558,1.556484
26559,7.196226
26560,3.465355
26561,7.251103
26562,8.210543
26563,7.82689
26564,8.481553
26565,8.277638
26566,6.599109
26567,6.661469
26568,5.651755
26569,8.185648
26570,7.043279
26571,5.474008
26572,1.797355
26573,6.310215
26574,0.382866
26575,7.678424
26576,6.421878
26577,6.454298
26578,5.465805
26579,8.960712
26580,6.329509
26581,6.984584
26582,8.809175
26583,6.662503
26584,4.705594
26585,6.035517
26586,4.893045
26587,5.529947
26588,7.012384
26589,7.832353
26590,6.014545
26591,6.279428
26592,8.863176
26593,7.277602
26594,7.305049
26595,2.127114
26596,2.079055
26597,5.57967
26598,6.810257
26599,5.843738
26600,5.900743
26601,7.069473
26602,9.068551
26603,8.46199
26604,7.585371
26605,8.418722
26606,5.281473
26607,8.16756
26608,5.894316
26609,8.69567
26610,6.967609
26611,9.862645
26612,7.932122
26613,6.93273
26614,6.305562
26615,7.948123
26616,7.509408
26617,7.706452
26618,8.350425
26619,8.012954
26620,6.943986
26621,7.892908
26622,4.616293
26623,8.10981
26624,6.364931
26625,9.18711
26626,7.317736
26627,6.736032
26628,8.596129
26629,7.513
26630,5.502735
26631,7.223791
26632,7.236577
26633,4.573482
26634,8.372447
26635,-4.630746
26636,5.697282
26637,5.817796
26638,5.538426
26639,6.164697
26640,7.652296
26641,5.304548
26642,2.996945
26643,8.749405
26644,7.104866
26645,5.304474
26646,5.356792
26647,6.6086
26648,7.660665
26649,9.659976
26650,5.174447
26651,7.375048
26652,8.409567
26653,6.610168
26654,7.876624
26655,6.375511
26656,6.790466
26657,6.995515
26658,4.688379
26659,8.161562
26660,9.512523
26661,7.98735
26662,5.982708
26663,6.823894
26664,7.527098
26665,6.729963
26666,6.505266
26667,5.148871
26668,7.000727
26669,7.456105
26670,8.429781
26671,6.495135
26672,4.99815
26673,8.605709
26674,8.45171
26675,9.315766
26676,8.15732
26677,8.448088
26678,8.270012
26679,9.405415
26680,8.601186
26681,7.736727
26682,4.068477
26683,8.130936
26684,7.349143
26685,9.399994
26686,7.479113
26687,7.778731
26688,7.080079
26689,8.285384
26690,6.933875
26691,7.822691
26692,6.105121
26693,8.465318
26694,5.152801
26695,8.261166
26696,5.571446
26697,6.881397
26698,9.002614
26699,6.862482
26700,-2.676148
26701,7.155929
26702,6.66197
26703,8.077092
26704,8.606748
26705,7.484382
26706,6.850909
26707,7.699834
26708,8.044746
26709,8.563051
26710,8.098717
26711,8.581118
26712,5.379653
26713,9.243692
26714,6.619776
26715,5.834952
26716,7.244853
26717,5.031368
26718,6.589201
26719,6.501863
26720,8.734104
26721,3.944832
26722,1.989708
26723,4.908986
26724,6.554938
26725,10.700771
26726,5.356359
26727,9.688256
26728,0.046573
26729,7.036909
26730,7.070385
26731,9.610319
26732,6.316156
26733,6.197566
26734,8.130338
26735,2.268221
26736,5.816771
26737,7.963016
26738,8.035866
26739,6.255114
26740,7.026664
26741,8.388778
26742,10.131154
26743,8.662294
26744,5.37013
26745,6.917428
26746,5.501291
26747,8.074707
26748,7.645242
26749,5.705562
26750,6.501333
26751,8.817332
26752,-4.338504
26753,9.289497
26754,6.114635
26755,4.838678
26756,6.037435
26757,8.363217
26758,9.03778
26759,8.852302
26760,4.57044
26761,7.38435
26762,8.663865
26763,4.318591
26764,7.949236
26765,6.704345
26766,6.314049
26767,6.895578
26768,5.502337
26769,7.738297
26770,3.764834
26771,5.022364
26772,9.318948
26773,7.23704
26774,5.659948
26775,9.30441
26776,6.250057
26777,8.622105
26778,8.408427
26779,6.757892
26780,6.059353
26781,7.240309
26782,7.89189
26783,9.482089
26784,7.000968
26785,8.954127
26786,5.591868
26787,5.740867
26788,6.887573
26789,6.751714
26790,5.891078
26791,-3.534833
26792,9.694622
26793,8.778281
26794,6.551085
26795,4.919731
26796,5.506197
26797,9.261042
26798,10.488289
26799,6.198064
26800,5.179665
26801,9.292363
26802,5.24182
26803,7.935092
26804,7.62739
26805,6.834732
26806,7.908501
26807,4.783768
26808,4.855709
26809,8.75876
26810,4.954828
26811,5.806328
26812,6.4317
26813,6.791181
26814,6.693159
26815,9.79384
26816,7.812742
26817,8.989539
26818,9.017824
26819,8.789394
26820,7.849599
26821,8.699248
26822,7.00793
26823,4.965104
26824,8.000099
26825,8.270905
26826,-2.675814
26827,7.550146
26828,8.544883
26829,7.793668
26830,4.157992
26831,5.182104
26832,7.778157
26833,6.74001
26834,6.461966
26835,7.936289
26836,8.34416
26837,7.144063
26838,4.492239
26839,8.39496
26840,7.101967
26841,8.151033
26842,7.366705
26843,8.379196
26844,8.319218
26845,7.118958
26846,6.864857
26847,6.106362
26848,6.752346
26849,9.455324
26850,7.622778
26851,9.536313
26852,4.361339
26853,9.854665
26854,5.088286
26855,8.851602
26856,5.648188
26857,8.981725
26858,7.327936
26859,8.806081
26860,6.463445
26861,6.951556
26862,5.007414
26863,3.94384
26864,-12.015068
26865,6.248318
26866,6.813542
26867,7.163442
26868,8.084238
26869,6.921013
26870,9.68122
26871,6.881893
26872,8.250253
26873,8.920681
26874,9.271619
26875,6.926439
26876,9.057784
26877,5.921574
26878,6.715175
26879,7.721068
26880,6.501478
26881,7.892026
26882,7.614364
26883,6.687273
26884,5.511925
26885,8.594039
26886,7.980157
26887,10.369777
26888,9.115534
26889,7.834076
26890,6.62394
26891,6.124844
26892,6.894467
26893,7.553717
26894,6.320509
26895,7.478827
26896,9.563011
26897,8.908531
26898,9.397301
26899,6.306676
26900,7.715741
26901,6.534159
26902,7.22551
26903,7.381458
26904,9.10922
26905,6.666172
26906,5.570518
26907,5.350642
26908,9.023221
26909,8.914956
26910,8.877206
26911,7.31596
26912,4.41399
26913,5.828335
26914,5.535841
26915,7.405625
26916,6.800005
26917,9.560799
26918,8.13522
26919,9.035672
26920,5.49919
26921,9.141265
26922,7.874309
26923,7.019751
26924,6.494884
26925,-2.405021
26926,3.814977
26927,7.333451
26928,3.880561
26929,9.254381
26930,2.862099
26931,7.379453
26932,9.916351
26933,7.132474
26934,7.184956
26935,9.729023
26936,7.860331
26937,8.239682
26938,6.837412
26939,6.171236
26940,8.668356
26941,5.266264
26942,7.102331
26943,9.417722
26944,5.806207
26945,8.141085
26946,6.097855
26947,7.367335
26948,6.071879
26949,7.314312
26950,6.477472
26951,9.787849
26952,8.56874
26953,4.778036
26954,9.685936
26955,6.882447
26956,7.831311
26957,8.527716
26958,7.953019
26959,8.403831
26960,7.48729
26961,5.08125
26962,9.376352
26963,8.370182
26964,7.162699
26965,6.242697
26966,3.754474
26967,5.574816
26968,6.13026
26969,4.63411
26970,7.13021
26971,5.957623
26972,-2.786653
26973,4.769643
26974,8.071517
26975,6.090022
26976,7.877916
26977,6.424176
26978,5.717672
26979,6.996719
26980,8.763277
26981,8.234248
26982,4.208242
26983,2.35516
26984,7.489149
26985,9.094531
26986,-1.577629
26987,5.580674
26988,6.814935
26989,6.985688
26990,8.359419
26991,6.063196
26992,7.098228
26993,4.186795
26994,6.498204
26995,7.191324
26996,6.019043
26997,8.638887
26998,8.921104
26999,6.520251
27000,5.782766
27001,6.978702
27002,6.235163
27003,7.626466
27004,7.683476
27005,6.344241
27006,7.106378
27007,9.236346
27008,9.069096
27009,5.753975
27010,4.548368
27011,8.351649
27012,-4.588065
27013,6.08015
27014,6.633104
27015,6.067452
27016,5.307117
27017,5.802933
27018,6.649087
27019,7.679318
27020,7.681301
27021,9.409658
27022,9.24697
27023,8.626975
27024,7.099064
27025,8.816814
27026,9.464011
27027,3.095534
27028,7.573561
27029,7.256652
27030,5.348379
27031,6.137705
27032,5.569733
27033,6.63652
27034,7.562495
27035,8.257289
27036,8.259818
27037,1.3149
27038,6.462872
27039,9.322803
27040,6.259233
27041,7.519687
27042,7.05835
27043,9.297543
27044,5.507745
27045,5.166764
27046,7.033539
27047,7.351657
27048,7.327735
27049,9.517644
27050,7.501167
27051,8.771216
27052,5.35367
27053,8.267015
27054,6.981864
27055,8.433663
27056,8.103855
27057,6.719775
27058,7.547609
27059,6.677526
27060,7.214913
27061,8.090539
27062,6.73478
27063,1.152567
27064,5.964001
27065,6.328159
27066,8.01674
27067,5.771696
27068,9.06776
27069,6.931926
27070,8.406896
27071,6.818033
27072,5.22742
27073,5.446651
27074,5.756499
27075,8.521597
27076,9.037353
27077,6.572084
27078,8.746769
27079,6.178683
27080,9.381394
27081,8.91049
27082,7.061627
27083,6.29848
27084,4.484968
27085,7.786479
27086,9.179574
27087,8.896246
27088,6.985547
27089,5.612871
27090,8.569416
27091,5.063644
27092,5.208145
27093,7.285172
27094,6.902948
27095,7.859365
27096,6.217621
27097,6.07425
27098,4.154277
27099,7.512363
27100,3.900641
27101,6.608847
27102,9.228495
27103,8.021998
27104,6.856256
27105,8.907346
27106,7.68248
27107,6.128376
27108,7.287138
27109,8.031939
27110,5.022144
27111,8.544347
27112,9.19078
27113,-3.536434
27114,7.865638
27115,7.928382
27116,7.626289
27117,8.66274
27118,7.384661
27119,6.401896
27120,7.27878
27121,7.07708
27122,9.695894
27123,6.442458
27124,3.346624
27125,10.318663
27126,7.653891
27127,7.168936
27128,6.988571
27129,8.558661
27130,8.778889
27131,6.808202
27132,4.338561
27133,6.62539
27134,5.764962
27135,8.776048
27136,7.263132
27137,6.284144
27138,4.264432
27139,7.455365
27140,9.166914
27141,5.332106
27142,4.761145
27143,6.84384
27144,8.2027
27145,8.124779
27146,7.631477
27147,6.485646
27148,8.347195
27149,8.790074
27150,4.773954
27151,8.137994
27152,8.898414
27153,8.202861
27154,8.238372
27155,5.185967
27156,4.754283
27157,8.070394
27158,9.151814
27159,5.658229
27160,8.057039
27161,6.603446
27162,6.339754
27163,6.196578
27164,4.148978
27165,11.025147
27166,6.496967
27167,7.781746
27168,8.249438
27169,8.055058
27170,6.843549
27171,7.699268
27172,4.581747
27173,7.415207
27174,4.692722
27175,5.336239
27176,6.09452
27177,6.972954
27178,8.773234
27179,6.95476
27180,8.411814
27181,6.516173
27182,7.379768
27183,4.142076
27184,5.786844
27185,8.250454
27186,8.641462
27187,4.067845
27188,5.250576
27189,5.78743
27190,7.634067
27191,7.902143
27192,5.921707
27193,9.100128
27194,10.020476
27195,3.97666
27196,6.975101
27197,4.202666
27198,10.919096
27199,2.649065
27200,8.19965
27201,5.945624
27202,8.191492
27203,4.06406
27204,6.737878
27205,6.988635
27206,7.985832
27207,9.428842
27208,8.564046
27209,6.340118
27210,7.42303
27211,9.643356
27212,6.829755
27213,6.922037
27214,5.881594
27215,5.158149
27216,9.99793
27217,8.835587
27218,7.555834
27219,7.249772
27220,6.380479
27221,8.52457
27222,7.73673
27223,6.953943
27224,7.820741
27225,8.37804
27226,5.675733
27227,7.00139
27228,5.656644
27229,6.515253
27230,6.85402
27231,6.616379
27232,6.678438
27233,7.060685
27234,7.56352
27235,7.17494
27236,5.799334
27237,2.436486
27238,6.52963
27239,9.030298
27240,5.457717
27241,8.800856
27242,8.234187
27243,4.91128
27244,8.269821
27245,8.953354
27246,6.017704
27247,5.148602
27248,6.265372
27249,7.382278
27250,4.00387
27251,7.375892
27252,9.616842
27253,6.442884
27254,9.538769
27255,6.00607
27256,7.070821
27257,6.858405
27258,3.103678
27259,6.32685
27260,5.887416
27261,8.463853
27262,4.950573
27263,8.250209
27264,7.859501
27265,6.309399
27266,6.873905
27267,7.120821
27268,6.315007
27269,6.228132
27270,6.532996
27271,3.298627
27272,6.599439
27273,7.203313
27274,6.141934
27275,7.668809
27276,9.042742
27277,3.6386
27278,7.726313
27279,8.157336
27280,7.466414
27281,6.143438
27282,9.8068
27283,7.731334
27284,4.15958
27285,6.47676
27286,8.077904
27287,8.130553
27288,5.504929
27289,3.629286
27290,4.098721
27291,5.757142
27292,5.894749
27293,8.81855
27294,7.140384
27295,7.122739
27296,7.142169
27297,6.958694
27298,7.310708
27299,9.752116
27300,6.904189
27301,7.914024
27302,9.239177
27303,6.014832
27304,4.367125
27305,9.137767
27306,4.557377
27307,6.262133
27308,7.185329
27309,7.201602
27310,7.051818
27311,7.648421
27312,7.596267
27313,8.282149
27314,7.034168
27315,-4.025212
27316,7.171925
27317,5.866944
27318,6.282633
27319,8.305751
27320,8.045135
27321,5.296222
27322,6.295683
27323,6.120082
27324,5.774834
27325,3.82794
27326,8.215807
27327,10.437218
27328,6.012961
27329,5.432486
27330,7.328267
27331,8.222582
27332,8.287887
27333,4.931162
27334,6.888002
27335,6.757687
27336,8.301634
27337,2.661816
27338,8.398621
27339,-5.437624
27340,6.700395
27341,6.146629
27342,7.499791
27343,11.022841
27344,7.025064
27345,4.289787
27346,7.875449
27347,7.217927
27348,8.5625
27349,5.544044
27350,6.138552
27351,6.866669
27352,7.538507
27353,9.228863
27354,8.966744
27355,7.99209
27356,7.12699
27357,6.721749
27358,8.156815
27359,-7.143785
27360,6.754813
27361,7.15814
27362,8.985148
27363,5.670483
27364,3.399954
27365,7.37353
27366,7.216473
27367,6.39437
27368,8.164542
27369,8.895201
27370,4.893195
27371,6.154169
27372,7.693781
27373,7.678495
27374,7.020367
27375,5.563596
27376,8.762004
27377,7.657986
27378,4.785182
27379,7.096638
27380,5.66293
27381,7.747973
27382,7.156895
27383,4.33201
27384,6.093036
27385,8.33948
27386,6.93607
27387,7.682723
27388,6.928752
27389,5.718934
27390,7.129754
27391,8.080566
27392,5.711193
27393,3.55941
27394,6.886968
27395,5.777163
27396,8.161986
27397,9.243534
27398,7.665611
27399,5.915677
27400,4.190284
27401,5.306175
27402,8.922774
27403,7.295179
27404,7.930934
27405,9.797727
27406,5.824595
27407,5.932429
27408,8.358393
27409,7.206512
27410,6.87645
27411,4.953348
27412,8.438355
27413,7.303013
27414,6.667013
27415,6.50739
27416,6.846996
27417,7.053017
27418,8.305904
27419,8.113461
27420,9.651415
27421,9.897159
27422,7.371216
27423,0.921335
27424,7.080106
27425,6.344416
27426,5.674525
27427,5.953425
27428,8.81197
27429,6.716683
27430,7.573964
27431,8.760747
27432,7.897334
27433,8.070783
27434,9.711349
27435,6.168723
27436,5.930691
27437,-0.159133
27438,-3.815147
27439,6.478595
27440,4.850106
27441,6.958174
27442,6.9089
27443,7.222487
27444,4.712938
27445,7.515617
27446,4.324371
27447,7.679227
27448,4.328252
27449,6.307263
27450,6.644761
27451,7.367578
27452,5.685334
27453,6.337745
27454,6.406211
27455,3.032888
27456,4.384588
27457,8.162963
27458,8.609904
27459,8.260914
27460,8.098351
27461,6.884955
27462,-7.582364
27463,4.935889
27464,6.975303
27465,6.749567
27466,7.855908
27467,7.250102
27468,7.836033
27469,8.425346
27470,8.969836
27471,6.511366
27472,5.963476
27473,7.581816
27474,5.066978
27475,6.061725
27476,6.742254
27477,6.558569
27478,7.499876
27479,5.056459
27480,6.867216
27481,8.43709
27482,3.943689
27483,3.667252
27484,8.156073
27485,8.711273
27486,7.432478
27487,7.579802
27488,7.43142
27489,8.309607
27490,7.457335
27491,7.123935
27492,6.978084
27493,5.748011
27494,6.034637
27495,6.873396
27496,9.398709
27497,5.408206
27498,-1.605686
27499,5.813616
27500,8.713825
27501,6.291859
27502,7.874603
27503,5.671366
27504,5.496816
27505,7.973496
27506,9.122649
27507,7.090422
27508,6.588575
27509,9.03866
27510,5.544472
27511,5.317316
27512,7.043692
27513,7.453854
27514,8.033854
27515,7.154155
27516,7.573531
27517,7.466605
27518,7.7537
27519,5.960268
27520,5.715276
27521,7.02299
27522,6.772853
27523,7.673567
27524,6.925379
27525,7.743637
27526,7.045404
27527,7.024726
27528,8.575922
27529,10.457552
27530,5.729505
27531,4.700023
27532,8.799628
27533,8.126717
27534,5.839323
27535,5.947031
27536,10.465144
27537,4.163484
27538,7.269816
27539,8.043643
27540,5.696755
27541,5.792931
27542,6.268853
27543,4.578931
27544,7.836104
27545,7.138641
27546,6.20909
27547,8.007032
27548,8.967807
27549,-11.580048
27550,8.462062
27551,6.109415
27552,4.880963
27553,4.539328
27554,6.361212
27555,6.589243
27556,6.14973
27557,7.743105
27558,0.451529
27559,4.887912
27560,7.766422
27561,8.427152
27562,3.285807
27563,5.658759
27564,7.68792
27565,5.322855
27566,6.936645
27567,6.228438
27568,6.586056
27569,7.815338
27570,6.687735
27571,9.625091
27572,4.557403
27573,6.650462
27574,7.605496
27575,4.363084
27576,6.84545
27577,7.643161
27578,3.626689
27579,9.222527
27580,5.394897
27581,7.70876
27582,6.668066
27583,6.971743
27584,6.961599
27585,8.91808
27586,8.49537
27587,7.481899
27588,6.574075
27589,7.385655
27590,6.381079
27591,4.795216
27592,5.447612
27593,4.273887
27594,7.412154
27595,3.327637
27596,5.540953
27597,7.240222
27598,6.408282
27599,7.15191
27600,6.863231
27601,8.110506
27602,4.711757
27603,6.994163
27604,6.870117
27605,4.554937
27606,7.281651
27607,7.415179
27608,7.375007
27609,7.438858
27610,7.359829
27611,8.456466
27612,5.122267
27613,6.947412
27614,7.115123
27615,6.877115
27616,8.408235
27617,7.433451
27618,8.959279
27619,7.112614
27620,4.620905
27621,7.916933
27622,6.881839
27623,9.259206
27624,7.041178
27625,6.03441
27626,7.892105
27627,6.915041
27628,5.939453
27629,5.935201
27630,8.220772
27631,7.145839
27632,5.008331
27633,8.934908
27634,-12.576823
27635,7.988256
27636,7.255512
27637,8.913331
27638,8.262403
27639,5.940106
27640,4.707169
27641,8.702744
27642,6.798636
27643,6.690919
27644,7.727097
27645,7.42832
27646,7.254417
27647,6.349117
27648,9.715579
27649,7.048461
27650,6.253581
27651,7.427255
27652,7.460191
27653,9.384758
27654,4.505275
27655,6.9791
27656,3.493013
27657,7.249286
27658,8.666319
27659,8.393722
27660,6.409314
27661,3.973246
27662,6.043568
27663,4.904023
27664,8.915417
27665,7.101953
27666,2.827045
27667,6.602064
27668,5.938359
27669,8.384899
27670,7.927095
27671,6.958872
27672,4.761812
27673,5.846364
27674,6.207643
27675,8.220864
27676,7.931082
27677,6.518245
27678,6.567224
27679,8.6722
27680,7.749876
27681,5.899967
27682,7.939634
27683,6.988788
27684,5.15222
27685,8.466657
27686,7.096181
27687,6.122758
27688,7.050614
27689,8.011318
27690,4.42934
27691,6.627778
27692,6.137709
27693,7.862296
27694,8.713252
27695,8.639274
27696,5.868551
27697,6.096428
27698,7.454316
27699,5.681697
27700,6.73903
27701,8.206967
27702,4.380556
27703,6.151455
27704,4.987532
27705,6.919594
27706,6.847032
27707,7.756702
27708,4.667774
27709,6.142561
27710,9.620837
27711,5.436903
27712,7.875646
27713,9.039999
27714,6.650502
27715,8.057082
27716,8.193922
27717,7.742323
27718,8.705712
27719,8.934432
27720,7.71594
27721,7.909118
27722,6.577818
27723,6.318001
27724,5.60517
27725,8.259541
27726,5.977599
27727,8.411014
27728,8.433228
27729,9.332395
27730,3.949413
27731,7.145642
27732,5.442559
27733,7.324032
27734,8.590986
27735,5.582631
27736,3.665491
27737,8.78796
27738,6.728942
27739,6.821403
27740,6.943375
27741,7.233069
27742,9.501142
27743,7.620116
27744,3.503711
27745,5.367641
27746,6.943249
27747,6.60013
27748,7.61467
27749,6.464257
27750,4.834204
27751,-3.399051
27752,8.164952
27753,6.878978
27754,9.133524
27755,7.29269
27756,7.284113
27757,9.478479
27758,5.201872
27759,7.058142
27760,7.564754
27761,2.147534
27762,8.187305
27763,9.034887
27764,8.57599
27765,7.610681
27766,8.36195
27767,6.677665
27768,9.387072
27769,8.89437
27770,6.259179
27771,4.115945
27772,7.583931
27773,6.950769
27774,8.638428
27775,8.824437
27776,7.311558
27777,8.286057
27778,8.323282
27779,7.220359
27780,7.125435
27781,7.392973
27782,5.57758
27783,7.537721
27784,4.094456
27785,9.656213
27786,7.820619
27787,8.623136
27788,7.630463
27789,3.484038
27790,-2.809636
27791,7.625798
27792,6.838008
27793,5.485984
27794,5.186865
27795,4.644964
27796,5.880316
27797,6.663928
27798,6.351881
27799,8.368889
27800,-13.57338
27801,5.926487
27802,6.536893
27803,6.572597
27804,6.554619
27805,3.060939
27806,5.777744
27807,8.90833
27808,7.285523
27809,9.222847
27810,7.428946
27811,7.226624
27812,7.724078
27813,8.479747
27814,6.735519
27815,5.491472
27816,8.328882
27817,5.684016
27818,7.21099
27819,6.144747
27820,8.483232
27821,7.392777
27822,7.0776
27823,6.993923
27824,9.619419
27825,6.232616
27826,7.412164
27827,7.755108
27828,3.461041
27829,6.684929
27830,9.245694
27831,6.777168
27832,5.478633
27833,7.465921
27834,6.738264
27835,4.619008
27836,7.847482
27837,7.00972
27838,6.656103
27839,7.645537
27840,8.971268
27841,6.210492
27842,7.068811
27843,6.92693
27844,8.701662
27845,8.128015
27846,7.222984
27847,6.766278
27848,6.118515
27849,5.117091
27850,7.898992
27851,7.681859
27852,4.863025
27853,8.960511
27854,6.900526
27855,5.286856
27856,8.652183
27857,6.169668
27858,6.248731
27859,6.798797
27860,7.194137
27861,8.03842
27862,7.11053
27863,6.639547
27864,7.53496
27865,8.218161
27866,7.845535
27867,7.039
27868,7.83277
27869,9.49443
27870,8.757401
27871,8.330909
27872,7.602618
27873,6.341186
27874,7.209424
27875,7.992168
27876,6.81647
27877,5.332743
27878,8.625891
27879,4.296661
27880,7.764427
27881,8.160392
27882,4.242625
27883,8.63211
27884,6.260722
27885,6.087262
27886,6.619951
27887,-0.79156
27888,7.377218
27889,6.510708
27890,6.310756
27891,8.815938
27892,5.647495
27893,6.313776
27894,5.341978
27895,7.27457
27896,7.444903
27897,2.698528
27898,5.490906
27899,8.39978
27900,7.306529
27901,8.477036
27902,6.715721
27903,8.116246
27904,9.661156
27905,7.623884
27906,5.354327
27907,3.376265
27908,7.602567
27909,5.567042
27910,5.660072
27911,6.087693
27912,7.923673
27913,6.36152
27914,7.286406
27915,4.80472
27916,5.162182
27917,8.498265
27918,8.16871
27919,6.994019
27920,7.766771
27921,9.034366
27922,7.125654
27923,8.006675
27924,6.565463
27925,5.64327
27926,7.927916
27927,5.800029
27928,6.437759
27929,7.453448
27930,8.74195
27931,2.621308
27932,6.434156
27933,8.411326
27934,10.130238
27935,7.618251
27936,8.942181
27937,8.701058
27938,5.55783
27939,7.135508
27940,7.572753
27941,6.322575
27942,8.930897
27943,7.177576
27944,6.967459
27945,9.256863
27946,7.605577
27947,7.282497
27948,7.044405
27949,5.877397
27950,7.671902
27951,5.472194
27952,8.587307
27953,8.405266
27954,8.71833
27955,8.334803
27956,7.914859
27957,4.728059
27958,6.512134
27959,7.422137
27960,6.999631
27961,7.889515
27962,5.840253
27963,8.355832
27964,6.683974
27965,9.859413
27966,7.929879
27967,6.573337
27968,5.974996
27969,7.958913
27970,6.161042
27971,8.805935
27972,9.009921
27973,7.411379
27974,3.907963
27975,7.592738
27976,6.988096
27977,8.384711
27978,9.421155
27979,5.802015
27980,9.838764
27981,5.273206
27982,5.931132
27983,6.942399
27984,9.591151
27985,7.030919
27986,-5.803199
27987,10.726795
27988,7.488615
27989,8.534307
27990,8.478945
27991,7.530092
27992,9.001348
27993,6.102805
27994,8.422475
27995,6.353984
27996,4.113054
27997,7.130974
27998,9.017238
27999,7.043708
28000,-3.339185
28001,-1.749833
28002,8.928694
28003,7.351194
28004,8.261781
28005,6.221543
28006,7.157028
28007,7.981026
28008,5.486759
28009,5.138295
28010,6.03903
28011,7.171689
28012,-0.391148
28013,5.640879
28014,6.895404
28015,4.931296
28016,6.218224
28017,4.770774
28018,6.754942
28019,9.831166
28020,3.133656
28021,0.011046
28022,6.409607
28023,8.24338
28024,5.496939
28025,6.525299
28026,6.760893
28027,7.873014
28028,7.764479
28029,5.386784
28030,9.683441
28031,7.994581
28032,9.872792
28033,5.654594
28034,9.141846
28035,8.158674
28036,5.493014
28037,8.225426
28038,6.939259
28039,9.191846
28040,8.668098
28041,7.785415
28042,7.139851
28043,9.289477
28044,5.058065
28045,7.971442
28046,7.718155
28047,8.426524
28048,8.911689
28049,4.839637
28050,8.056632
28051,6.420785
28052,6.148447
28053,8.169257
28054,7.001365
28055,6.424996
28056,8.194613
28057,7.593218
28058,8.026929
28059,5.801553
28060,6.203198
28061,8.18011
28062,5.51753
28063,9.107269
28064,5.540318
28065,8.60783
28066,7.97982
28067,5.114978
28068,8.9042
28069,7.118891
28070,7.076247
28071,3.498408
28072,8.782024
28073,9.447776
28074,5.012156
28075,7.830374
28076,7.453986
28077,8.113936
28078,8.139008
28079,2.781362
28080,5.64295
28081,8.785337
28082,8.387785
28083,7.212144
28084,7.68549
28085,6.310001
28086,7.713826
28087,-0.418998
28088,8.0763
28089,8.490298
28090,8.453698
28091,6.440323
28092,6.993938
28093,3.049862
28094,4.820828
28095,4.176547
28096,6.259963
28097,4.632282
28098,6.090212
28099,3.383776
28100,5.105648
28101,9.259598
28102,4.29709
28103,5.115527
28104,8.354298
28105,8.098638
28106,5.5502
28107,5.819908
28108,6.059111
28109,6.074182
28110,5.657326
28111,8.815076
28112,7.335675
28113,6.360596
28114,7.713253
28115,9.027847
28116,6.924916
28117,5.647893
28118,6.47917
28119,7.250048
28120,5.78637
28121,4.421836
28122,6.921368
28123,6.382264
28124,6.2975
28125,7.340304
28126,8.32136
28127,8.052854
28128,7.530042
28129,8.232135
28130,4.905881
28131,9.412665
28132,6.327399
28133,6.837044
28134,5.623855
28135,8.137727
28136,6.599402
28137,9.683399
28138,8.464678
28139,7.43092
28140,4.978371
28141,9.050311
28142,3.913847
28143,7.10812
28144,8.056421
28145,7.398645
28146,9.27105
28147,7.613949
28148,8.513999
28149,7.229213
28150,7.71621
28151,7.696474
28152,7.032906
28153,4.905935
28154,4.672015
28155,5.471536
28156,3.951931
28157,8.0885
28158,8.407064
28159,5.807444
28160,6.847622
28161,6.723532
28162,4.309693
28163,10.022047
28164,7.187413
28165,6.589168
28166,6.830787
28167,7.635405
28168,8.116275
28169,7.97143
28170,7.409989
28171,1.742512
28172,6.784773
28173,9.982637
28174,7.280568
28175,8.556621
28176,6.192975
28177,6.954528
28178,5.786452
28179,8.553641
28180,6.636509
28181,6.763085
28182,5.367879
28183,6.574739
28184,6.708208
28185,9.270347
28186,7.589598
28187,8.930265
28188,8.063535
28189,6.567541
28190,6.708759
28191,5.696915
28192,8.267709
28193,7.752723
28194,8.13011
28195,8.536899
28196,10.069185
28197,6.417341
28198,6.379143
28199,8.321811
28200,5.217681
28201,9.173713
28202,2.030009
28203,6.264133
28204,5.410597
28205,6.50993
28206,7.394113
28207,6.952599
28208,6.336847
28209,7.454705
28210,8.785248
28211,6.860558
28212,8.314079
28213,7.697324
28214,7.156935
28215,5.030344
28216,6.343107
28217,8.53235
28218,9.131586
28219,8.093484
28220,5.859889
28221,7.945871
28222,5.874377
28223,4.519976
28224,6.94444
28225,7.308886
28226,6.993397
28227,9.330048
28228,5.265977
28229,8.150616
28230,4.110246
28231,8.528538
28232,5.624485
28233,6.104055
28234,7.28297
28235,7.432381
28236,4.118106
28237,10.114964
28238,8.077683
28239,7.496567
28240,8.951771
28241,7.175066
28242,7.737252
28243,8.639601
28244,7.347111
28245,6.074589
28246,6.763121
28247,8.373441
28248,8.933398
28249,9.891759
28250,6.168037
28251,8.10937
28252,6.399314
28253,-14.40302
28254,7.459414
28255,6.350531
28256,5.873045
28257,7.827083
28258,6.942411
28259,6.624263
28260,9.876322
28261,8.495324
28262,6.11194
28263,7.266029
28264,10.10416
28265,6.805333
28266,6.451681
28267,5.752413
28268,9.85609
28269,9.124799
28270,5.196707
28271,7.193436
28272,7.495918
28273,7.168221
28274,9.434216
28275,5.875468
28276,7.024591
28277,8.288417
28278,4.945613
28279,6.072639
28280,6.793676
28281,6.277146
28282,9.985892
28283,6.480381
28284,7.545779
28285,7.344236
28286,5.775758
28287,8.505922
28288,8.637116
28289,5.66576
28290,8.500575
28291,7.560175
28292,7.754531
28293,9.262573
28294,6.592118
28295,9.695202
28296,8.513802
28297,9.055291
28298,6.103321
28299,8.132991
28300,7.431114
28301,1.106796
28302,6.676044
28303,9.051409
28304,7.195298
28305,7.288974
28306,6.479467
28307,7.425676
28308,7.720297
28309,6.376044
28310,8.729212
28311,8.564824
28312,8.415944
28313,9.485713
28314,1.952141
28315,6.788584
28316,7.557722
28317,4.619571
28318,7.587984
28319,6.078983
28320,9.173996
28321,7.013954
28322,8.115839
28323,6.879289
28324,9.39608
28325,7.073171
28326,7.445566
28327,7.444704
28328,6.37244
28329,4.79719
28330,7.805451
28331,8.858676
28332,8.680283
28333,8.123729
28334,8.471643
28335,6.983838
28336,8.157909
28337,7.105621
28338,7.334491
28339,7.569888
28340,8.65343
28341,7.385613
28342,9.695106
28343,8.07624
28344,7.611595
28345,8.50593
28346,7.787356
28347,6.366153
28348,6.777359
28349,6.049414
28350,7.389393
28351,8.103097
28352,7.287345
28353,10.182992
28354,8.708223
28355,7.954228
28356,7.225087
28357,7.014454
28358,5.786782
28359,4.352263
28360,6.505739
28361,4.931865
28362,9.040032
28363,5.621142
28364,7.998552
28365,7.488351
28366,5.562081
28367,5.84526
28368,7.987169
28369,6.40354
28370,-1.847245
28371,6.371214
28372,6.261621
28373,4.992591
28374,6.722109
28375,5.998426
28376,5.541412
28377,7.218947
28378,4.246513
28379,8.175623
28380,8.984625
28381,6.011728
28382,6.119773
28383,8.426364
28384,4.935532
28385,7.865949
28386,4.369636
28387,8.362854
28388,8.582694
28389,5.007255
28390,9.972348
28391,6.752614
28392,5.241195
28393,6.637921
28394,7.626818
28395,9.647843
28396,7.503256
28397,9.622602
28398,7.253167
28399,5.891982
28400,5.975786
28401,5.445414
28402,4.899476
28403,7.973536
28404,7.564654
28405,6.440161
28406,8.365119
28407,4.385863
28408,3.999331
28409,7.504472
28410,6.561558
28411,6.557093
28412,7.798384
28413,4.827276
28414,5.789812
28415,8.854749
28416,6.87956
28417,7.229041
28418,5.623834
28419,7.703088
28420,7.904529
28421,6.162314
28422,8.290677
28423,6.83043
28424,6.326862
28425,6.613656
28426,8.24218
28427,8.585915
28428,6.641347
28429,6.739765
28430,7.627089
28431,8.159941
28432,6.541776
28433,3.926237
28434,7.859409
28435,9.443561
28436,9.052854
28437,6.38894
28438,5.162813
28439,9.976743
28440,8.369861
28441,7.502258
28442,6.221144
28443,6.521285
28444,9.199034
28445,-5.917841
28446,7.079736
28447,6.258803
28448,8.547793
28449,6.939512
28450,8.505843
28451,7.588159
28452,6.660701
28453,6.081284
28454,-1.082279
28455,8.424306
28456,5.474348
28457,6.249062
28458,6.983275
28459,8.333068
28460,7.599031
28461,6.409222
28462,6.588173
28463,11.052145
28464,5.005149
28465,4.491127
28466,4.119284
28467,5.366548
28468,6.183224
28469,6.997595
28470,5.52803
28471,8.807678
28472,6.968556
28473,9.272661
28474,4.739632
28475,8.045133
28476,8.166001
28477,4.187072
28478,6.058084
28479,8.332332
28480,9.201634
28481,7.113273
28482,9.351038
28483,7.995582
28484,7.191588
28485,7.741811
28486,6.894009
28487,4.516979
28488,5.853819
28489,7.758893
28490,5.537859
28491,7.48841
28492,9.110851
28493,9.196584
28494,7.915312
28495,8.614535
28496,7.577992
28497,3.962747
28498,8.411683
28499,8.392192
28500,6.61662
28501,6.528615
28502,6.845702
28503,7.233713
28504,3.717685
28505,6.87049
28506,7.078434
28507,9.697972
28508,5.664114
28509,5.877269
28510,7.320079
28511,7.491749
28512,8.581306
28513,6.801049
28514,-4.268042
28515,9.624617
28516,10.050178
28517,7.057779
28518,6.902852
28519,4.965194
28520,8.687069
28521,7.772411
28522,9.195651
28523,6.217829
28524,8.674061
28525,8.234547
28526,7.086005
28527,4.649996
28528,9.15003
28529,9.153822
28530,8.16597
28531,6.469301
28532,5.219393
28533,7.431722
28534,7.105597
28535,9.675553
28536,8.151391
28537,7.200086
28538,3.587513
28539,10.067767
28540,8.535063
28541,7.70989
28542,6.888984
28543,4.632606
28544,6.334484
28545,5.376529
28546,10.3779
28547,8.352076
28548,7.359584
28549,5.858744
28550,8.779582
28551,7.020852
28552,7.593027
28553,9.70773
28554,5.949788
28555,7.719725
28556,8.519044
28557,6.087864
28558,7.636269
28559,6.76437
28560,7.776434
28561,8.862878
28562,7.718464
28563,-4.160276
28564,9.204093
28565,9.194812
28566,3.569472
28567,6.182198
28568,9.627272
28569,8.576133
28570,2.70589
28571,6.896501
28572,9.086052
28573,7.081396
28574,4.093889
28575,6.968128
28576,5.352914
28577,9.079843
28578,8.182981
28579,5.764845
28580,5.03659
28581,7.470244
28582,8.090127
28583,4.350262
28584,5.390697
28585,8.554673
28586,6.703673
28587,9.634335
28588,4.146839
28589,8.980179
28590,8.001475
28591,2.884522
28592,6.393894
28593,3.714979
28594,5.956365
28595,7.299628
28596,8.580666
28597,7.782701
28598,5.714821
28599,6.775165
28600,8.754733
28601,8.523625
28602,3.811037
28603,6.95018
28604,3.765862
28605,6.915974
28606,6.028519
28607,1.150222
28608,7.854575
28609,7.547302
28610,8.305423
28611,8.333443
28612,7.321474
28613,6.878349
28614,6.713744
28615,7.752598
28616,7.659341
28617,6.759794
28618,5.852259
28619,4.8433
28620,8.657843
28621,7.176968
28622,7.639692
28623,6.045245
28624,6.448895
28625,7.539734
28626,8.701007
28627,4.18792
28628,4.964313
28629,-10.813039
28630,7.430536
28631,5.700612
28632,9.100833
28633,6.394986
28634,6.732894
28635,4.259437
28636,8.03827
28637,6.186488
28638,6.963266
28639,8.96817
28640,4.614637
28641,6.381952
28642,4.256084
28643,8.188116
28644,7.732026
28645,6.912689
28646,7.464411
28647,7.657236
28648,9.272761
28649,6.249606
28650,7.217927
28651,6.267597
28652,7.058101
28653,5.733461
28654,4.813917
28655,4.642709
28656,7.671032
28657,7.602423
28658,7.100213
28659,6.519655
28660,7.393231
28661,5.009301
28662,5.600969
28663,6.182946
28664,8.49782
28665,-0.266498
28666,10.199384
28667,9.211489
28668,4.501249
28669,6.139777
28670,6.818348
28671,3.875174
28672,9.084668
28673,6.150618
28674,8.370015
28675,8.677103
28676,7.638085
28677,6.307234
28678,6.595284
28679,7.04974
28680,4.770197
28681,7.249458
28682,7.428532
28683,8.552913
28684,6.341903
28685,5.964604
28686,6.123284
28687,5.746941
28688,7.925755
28689,6.235365
28690,5.736462
28691,8.811831
28692,7.65992
28693,8.156485
28694,4.828303
28695,7.256858
28696,9.993678
28697,5.049465
28698,5.463293
28699,2.969342
28700,6.402457
28701,7.430515
28702,7.224509
28703,5.626651
28704,7.963906
28705,9.118588
28706,7.167081
28707,6.561223
28708,9.455617
28709,7.540622
28710,8.131198
28711,7.563592
28712,6.519423
28713,5.139727
28714,7.928477
28715,8.418184
28716,5.07985
28717,8.709195
28718,7.359183
28719,6.028736
28720,6.88856
28721,7.821665
28722,5.719706
28723,6.605169
28724,7.588207
28725,7.828459
28726,7.459283
28727,6.778478
28728,9.591919
28729,7.198516
28730,5.400911
28731,8.845497
28732,5.261658
28733,6.46228
28734,9.94267
28735,5.295372
28736,7.55559
28737,7.693461
28738,7.569855
28739,8.651541
28740,6.788105
28741,6.370296
28742,8.50185
28743,6.022882
28744,8.617374
28745,8.069034
28746,7.169373
28747,8.260968
28748,6.44059
28749,6.344123
28750,6.663544
28751,9.475991
28752,5.711177
28753,7.35114
28754,6.724761
28755,7.605102
28756,8.952411
28757,6.183357
28758,-5.622914
28759,6.86234
28760,7.733636
28761,7.619992
28762,8.408943
28763,10.061742
28764,4.70848
28765,9.560337
28766,9.925023
28767,8.822381
28768,5.149134
28769,6.437562
28770,9.076829
28771,6.28592
28772,7.83371
28773,7.262023
28774,8.205988
28775,5.429344
28776,5.047949
28777,0.408434
28778,8.104014
28779,8.530839
28780,-3.682761
28781,-2.972915
28782,7.918347
28783,8.800479
28784,8.578096
28785,8.063356
28786,9.416459
28787,8.78988
28788,7.812875
28789,7.415722
28790,4.478326
28791,6.696268
28792,8.516345
28793,6.205119
28794,8.902707
28795,3.556855
28796,7.172581
28797,5.137027
28798,6.627151
28799,4.57462
28800,7.331203
28801,8.079455
28802,1.671043
28803,9.417668
28804,8.697357
28805,7.927262
28806,8.778924
28807,5.756603
28808,6.513257
28809,7.023354
28810,4.618608
28811,6.997684
28812,5.620432
28813,6.708773
28814,6.538966
28815,7.613865
28816,6.068476
28817,6.529923
28818,6.106869
28819,3.279221
28820,7.736825
28821,7.009368
28822,7.983749
28823,6.026261
28824,8.841518
28825,5.561393
28826,4.918836
28827,8.442674
28828,7.748158
28829,2.813121
28830,7.634386
28831,7.335051
28832,5.714941
28833,4.810856
28834,-4.191268
28835,8.832003
28836,7.733586
28837,8.09373
28838,8.704531
28839,7.306567
28840,9.182008
28841,7.185556
28842,8.748474
28843,5.947824
28844,8.286578
28845,7.793589
28846,8.906995
28847,8.854129
28848,7.955905
28849,6.010375
28850,4.053578
28851,7.305269
28852,8.704649
28853,6.703425
28854,5.268381
28855,5.958826
28856,7.621045
28857,8.674907
28858,5.954387
28859,6.846396
28860,6.103294
28861,8.182891
28862,6.170531
28863,6.903308
28864,7.282141
28865,7.907975
28866,5.659995
28867,6.794792
28868,5.55838
28869,6.345394
28870,8.93095
28871,2.997715
28872,7.901725
28873,10.602181
28874,6.537124
28875,8.060037
28876,7.725101
28877,7.184048
28878,1.090496
28879,7.255362
28880,8.178062
28881,5.105098
28882,6.082001
28883,8.506633
28884,4.523653
28885,7.507628
28886,7.671782
28887,7.60526
28888,6.992318
28889,7.058818
28890,4.989313
28891,8.157313
28892,4.932296
28893,5.776221
28894,5.486055
28895,3.097648
28896,6.552391
28897,8.917919
28898,6.81177
28899,6.920316
28900,4.068759
28901,7.214906
28902,9.221376
28903,7.8055
28904,6.667837
28905,7.597599
28906,4.03214
28907,6.545111
28908,4.918916
28909,7.222915
28910,7.655327
28911,4.135003
28912,6.279063
28913,6.785247
28914,8.385489
28915,7.639315
28916,4.625455
28917,3.64683
28918,5.986555
28919,7.510469
28920,10.134216
28921,6.394747
28922,6.365496
28923,9.055653
28924,7.633535
28925,9.239444
28926,7.730376
28927,0.342216
28928,6.551259
28929,-1.091073
28930,6.408554
28931,5.832334
28932,7.180369
28933,5.103107
28934,6.645036
28935,-4.712605
28936,8.260571
28937,7.031586
28938,8.003966
28939,8.343012
28940,4.14406
28941,7.462569
28942,8.067886
28943,7.168603
28944,6.685936
28945,6.788611
28946,5.904771
28947,9.37188
28948,5.635405
28949,6.964761
28950,10.54021
28951,10.410547
28952,7.075367
28953,9.31507
28954,5.969686
28955,7.309449
28956,7.42129
28957,7.737721
28958,7.454637
28959,2.802011
28960,7.498015
28961,5.044907
28962,6.419236
28963,7.063267
28964,6.307049
28965,7.339203
28966,5.408279
28967,7.465126
28968,5.248963
28969,6.302206
28970,7.183513
28971,6.439549
28972,7.478154
28973,5.634488
28974,8.663173
28975,6.517175
28976,8.310347
28977,4.998967
28978,6.742222
28979,5.466314
28980,5.427793
28981,5.779951
28982,6.851702
28983,5.683852
28984,5.529749
28985,6.389872
28986,5.755879
28987,8.59715
28988,6.984018
28989,5.703819
28990,6.739477
28991,5.916671
28992,7.045875
28993,7.606754
28994,5.877627
28995,4.92358
28996,4.827388
28997,7.214898
28998,4.280469
28999,8.689692
29000,9.399993
29001,4.494606
29002,6.854777
29003,5.949341
29004,-8.014545
29005,7.722977
29006,4.825919
29007,9.84614
29008,8.712759
29009,9.966684
29010,5.370487
29011,9.178544
29012,8.391173
29013,5.862675
29014,7.093984
29015,6.127444
29016,7.179561
29017,4.53561
29018,4.437609
29019,7.723008
29020,7.834198
29021,8.237194
29022,5.994104
29023,-12.569169
29024,9.329887
29025,6.886018
29026,7.934366
29027,7.068096
29028,7.62578
29029,7.407058
29030,9.788541
29031,11.018831
29032,8.510882
29033,7.62085
29034,4.28977
29035,6.284744
29036,6.668791
29037,5.136243
29038,7.627776
29039,7.69915
29040,6.24951
29041,7.734978
29042,6.192899
29043,4.877462
29044,6.385509
29045,5.141546
29046,6.330738
29047,6.257096
29048,5.408203
29049,7.000708
29050,6.238118
29051,7.135728
29052,7.37057
29053,7.520601
29054,8.861094
29055,7.16674
29056,7.682706
29057,5.809411
29058,8.127455
29059,6.830672
29060,6.731371
29061,5.151306
29062,5.093667
29063,5.108063
29064,5.808014
29065,5.423259
29066,8.151582
29067,3.686434
29068,5.710509
29069,8.860415
29070,7.954443
29071,8.123077
29072,7.203223
29073,6.317134
29074,8.214629
29075,6.923504
29076,8.705712
29077,6.679733
29078,6.202613
29079,8.084166
29080,5.550993
29081,5.370982
29082,6.967397
29083,8.036256
29084,7.166358
29085,8.057259
29086,6.282145
29087,7.914773
29088,8.888126
29089,7.518244
29090,6.10392
29091,-4.544446
29092,3.9622
29093,7.44747
29094,6.038902
29095,8.336291
29096,0.411979
29097,8.053846
29098,2.422206
29099,8.08917
29100,5.20113
29101,7.234642
29102,7.950021
29103,7.176899
29104,8.754634
29105,3.023318
29106,5.528018
29107,8.515021
29108,5.809324
29109,5.530902
29110,6.278781
29111,9.066481
29112,7.958573
29113,8.333931
29114,4.987052
29115,8.497116
29116,9.530575
29117,7.632251
29118,7.560522
29119,9.155783
29120,7.884938
29121,7.875048
29122,8.218274
29123,7.896379
29124,5.44587
29125,4.534358
29126,7.700128
29127,7.582878
29128,8.751176
29129,8.121758
29130,7.336173
29131,7.556864
29132,5.43131
29133,6.29145
29134,6.086936
29135,6.005647
29136,7.774351
29137,7.163744
29138,6.429871
29139,7.648114
29140,5.517977
29141,5.331885
29142,7.151607
29143,8.290852
29144,7.098315
29145,8.405441
29146,8.3264
29147,3.204466
29148,4.853914
29149,5.775747
29150,0.177608
29151,7.290735
29152,8.467667
29153,9.900193
29154,7.174928
29155,8.887656
29156,2.115213
29157,5.565159
29158,7.39913
29159,9.221022
29160,5.293824
29161,7.504565
29162,-1.098892
29163,6.807955
29164,6.58523
29165,6.496699
29166,4.037197
29167,8.311408
29168,8.131736
29169,6.054609
29170,6.191421
29171,6.489565
29172,6.595581
29173,6.062463
29174,9.375995
29175,7.545458
29176,5.373333
29177,6.127453
29178,10.808918
29179,6.972857
29180,6.304144
29181,7.53618
29182,7.136701
29183,7.379736
29184,6.402497
29185,5.23422
29186,3.503652
29187,7.717106
29188,9.456823
29189,4.319064
29190,9.202943
29191,2.645015
29192,6.377055
29193,5.015214
29194,8.116076
29195,7.677296
29196,6.000584
29197,7.417452
29198,9.067533
29199,5.165457
29200,5.159501
29201,5.963891
29202,8.249144
29203,7.506487
29204,5.797228
29205,6.649913
29206,7.510344
29207,6.903759
29208,6.837347
29209,6.683289
29210,8.383084
29211,4.859982
29212,6.956176
29213,7.968983
29214,9.60536
29215,5.801823
29216,8.529345
29217,9.053119
29218,6.939991
29219,7.860297
29220,7.663208
29221,8.845525
29222,5.875295
29223,7.016383
29224,9.684148
29225,6.780713
29226,5.717476
29227,8.870094
29228,8.027658
29229,9.316696
29230,8.738409
29231,6.886012
29232,6.411236
29233,5.022992
29234,5.998667
29235,6.519221
29236,7.069229
29237,9.384953
29238,6.718587
29239,5.738942
29240,7.549162
29241,6.807539
29242,6.292751
29243,4.531791
29244,7.565244
29245,6.239723
29246,7.383846
29247,8.112183
29248,8.251169
29249,-3.834185
29250,-0.060502
29251,6.508642
29252,8.168756
29253,6.880046
29254,7.263533
29255,7.572502
29256,5.759148
29257,3.580743
29258,9.134426
29259,6.220127
29260,6.856057
29261,5.162449
29262,7.138874
29263,8.690471
29264,7.989565
29265,8.163558
29266,3.176129
29267,7.059391
29268,7.85594
29269,4.973027
29270,8.975584
29271,6.568836
29272,5.89657
29273,4.933178
29274,6.293552
29275,8.669052
29276,8.906521
29277,5.526252
29278,8.110549
29279,4.587361
29280,7.941923
29281,6.059576
29282,7.999081
29283,7.711144
29284,7.791494
29285,7.963358
29286,7.17221
29287,7.044147
29288,6.929464
29289,8.635064
29290,8.429618
29291,5.601309
29292,8.974682
29293,8.05101
29294,6.04881
29295,7.100609
29296,8.837343
29297,7.147421
29298,6.741918
29299,5.447505
29300,6.687664
29301,7.181901
29302,8.792357
29303,7.700143
29304,6.925281
29305,5.721096
29306,7.601459
29307,8.186624
29308,6.084319
29309,6.82283
29310,8.60383
29311,4.892295
29312,8.182498
29313,7.408456
29314,7.355937
29315,4.136913
29316,7.919911
29317,7.748782
29318,8.714843
29319,6.164746
29320,6.407683
29321,3.912798
29322,7.611265
29323,9.09719
29324,5.83005
29325,7.814365
29326,7.055677
29327,8.093612
29328,8.57901
29329,7.437914
29330,4.135384
29331,4.647985
29332,8.186689
29333,8.790198
29334,5.399649
29335,6.395246
29336,7.274569
29337,4.115142
29338,4.560748
29339,7.399826
29340,4.717682
29341,7.62228
29342,8.161452
29343,5.4242
29344,7.818341
29345,6.562731
29346,8.543979
29347,7.330611
29348,6.093043
29349,7.81267
29350,8.841234
29351,8.038381
29352,5.753322
29353,7.747572
29354,9.52175
29355,5.645551
29356,6.656457
29357,6.986527
29358,8.243761
29359,6.002469
29360,8.376596
29361,6.361035
29362,6.756614
29363,4.809667
29364,6.985355
29365,4.989942
29366,7.999476
29367,8.573501
29368,5.163745
29369,8.180364
29370,7.73178
29371,8.864203
29372,7.964761
29373,-2.637188
29374,6.788913
29375,8.31294
29376,4.301218
29377,6.288806
29378,7.788903
29379,6.704362
29380,3.900058
29381,7.968105
29382,7.323431
29383,6.920509
29384,3.026529
29385,7.05266
29386,5.071935
29387,6.964051
29388,8.645306
29389,6.147774
29390,6.871365
29391,6.299982
29392,5.828919
29393,8.448956
29394,7.913597
29395,7.740672
29396,7.445438
29397,5.495148
29398,5.582656
29399,9.137263
29400,7.973307
29401,6.263666
29402,6.91227
29403,7.072997
29404,6.745876
29405,8.022389
29406,2.150632
29407,8.516157
29408,6.142163
29409,10.301248
29410,6.013107
29411,7.005476
29412,8.606399
29413,9.925011
29414,8.254465
29415,7.242451
29416,6.762655
29417,6.413072
29418,-19.335893
29419,9.312851
29420,8.162505
29421,7.224453
29422,6.61987
29423,7.047165
29424,6.654112
29425,7.538635
29426,6.62565
29427,4.273192
29428,8.781387
29429,-17.478079
29430,5.026013
29431,5.501654
29432,7.727802
29433,8.627696
29434,5.334963
29435,6.29691
29436,5.506028
29437,7.593095
29438,7.300941
29439,6.159172
29440,7.00177
29441,6.697633
29442,6.280958
29443,6.422665
29444,10.271388
29445,7.503772
29446,7.844768
29447,-8.048821
29448,8.254288
29449,9.402507
29450,6.021385
29451,6.689943
29452,7.257873
29453,7.57532
29454,6.681582
29455,7.104738
29456,6.353212
29457,7.944183
29458,4.417534
29459,6.522925
29460,7.224159
29461,7.085488
29462,5.529588
29463,6.759153
29464,8.548363
29465,8.257678
29466,6.362717
29467,6.54801
29468,9.352208
29469,4.7063
29470,8.493998
29471,6.134319
29472,6.257538
29473,5.466562
29474,7.319996
29475,7.688178
29476,4.501059
29477,8.148747
29478,6.524504
29479,5.896036
29480,3.232631
29481,9.942659
29482,7.815712
29483,5.968029
29484,7.873406
29485,-4.511014
29486,8.618264
29487,5.096587
29488,9.004106
29489,6.940037
29490,8.445589
29491,5.372054
29492,6.051107
29493,6.727212
29494,8.195965
29495,4.257643
29496,6.678045
29497,7.932228
29498,8.644613
29499,8.202943
29500,4.995017
29501,7.251997
29502,7.910291
29503,7.981049
29504,7.421129
29505,10.926489
29506,7.570641
29507,6.351321
29508,7.492787
29509,5.202008
29510,8.558457
29511,7.736857
29512,6.269014
29513,7.169435
29514,7.854112
29515,7.700022
29516,7.02717
29517,6.722753
29518,7.805672
29519,6.299731
29520,7.171208
29521,5.330388
29522,8.98993
29523,7.651504
29524,9.569377
29525,8.04517
29526,-4.544917
29527,8.279025
29528,7.878706
29529,7.249298
29530,7.160696
29531,5.515514
29532,6.237071
29533,6.839611
29534,8.046966
29535,-3.749906
29536,7.698462
29537,8.683331
29538,6.544768
29539,8.551737
29540,5.418085
29541,7.429217
29542,3.616416
29543,9.318453
29544,7.995681
29545,6.054812
29546,6.526607
29547,8.100365
29548,8.868733
29549,4.245648
29550,9.73972
29551,6.459081
29552,7.525717
29553,6.295505
29554,7.423972
29555,5.743026
29556,5.123903
29557,8.665993
29558,7.035292
29559,6.485739
29560,7.152425
29561,8.350637
29562,9.212054
29563,6.748997
29564,7.651099
29565,8.583439
29566,7.525235
29567,6.833639
29568,5.916786
29569,8.879812
29570,8.32466
29571,6.429794
29572,2.602447
29573,6.811577
29574,4.723214
29575,5.331908
29576,3.990727
29577,9.473822
29578,6.418142
29579,7.747981
29580,5.191424
29581,4.954748
29582,6.577784
29583,5.694936
29584,6.566605
29585,5.084654
29586,9.22878
29587,7.46512
29588,8.741019
29589,6.927025
29590,7.825722
29591,9.708733
29592,6.503449
29593,8.083446
29594,8.541589
29595,3.577404
29596,7.967068
29597,8.66337
29598,4.419471
29599,5.689885
29600,9.1615
29601,7.761397
29602,7.620782
29603,6.478842
29604,8.062317
29605,5.799121
29606,4.816419
29607,7.837124
29608,3.333837
29609,7.020763
29610,6.947451
29611,7.13888
29612,6.91718
29613,9.977045
29614,8.435455
29615,10.249579
29616,-5.140866
29617,-6.504413
29618,6.27683
29619,6.560936
29620,8.564111
29621,6.148195
29622,9.61995
29623,-5.372688
29624,7.504787
29625,6.644562
29626,6.374805
29627,4.911618
29628,4.248101
29629,6.733147
29630,5.580685
29631,8.65743
29632,7.504598
29633,7.044928
29634,5.807053
29635,-3.971496
29636,5.847174
29637,9.055218
29638,7.822004
29639,7.077354
29640,8.586291
29641,6.846281
29642,6.47077
29643,6.37727
29644,6.828868
29645,6.777399
29646,8.051735
29647,8.769139
29648,6.937633
29649,8.539584
29650,7.092473
29651,8.549394
29652,8.121683
29653,7.999944
29654,6.210783
29655,8.34316
29656,4.808263
29657,7.590734
29658,6.476468
29659,4.823795
29660,5.381108
29661,1.320805
29662,1.739222
29663,6.006662
29664,8.122307
29665,7.541046
29666,7.522605
29667,5.679791
29668,8.722791
29669,4.671393
29670,8.405139
29671,6.957978
29672,6.993469
29673,4.367664
29674,7.725767
29675,6.672873
29676,7.400076
29677,5.675714
29678,6.003952
29679,5.581454
29680,7.041812
29681,8.366244
29682,4.648293
29683,8.818333
29684,10.492053
29685,10.754182
29686,9.108013
29687,7.395826
29688,6.178307
29689,5.823749
29690,4.741227
29691,6.441692
29692,6.889762
29693,7.451321
29694,7.784071
29695,7.8829
29696,7.72413
29697,7.945058
29698,5.611009
29699,7.010936
29700,8.092411
29701,7.362479
29702,5.883803
29703,7.022224
29704,4.096717
29705,5.996595
29706,5.18731
29707,7.045428
29708,6.401718
29709,4.603957
29710,6.237687
29711,4.210945
29712,8.364678
29713,4.899576
29714,8.673385
29715,5.443732
29716,7.005897
29717,5.97831
29718,5.334034
29719,8.413892
29720,-10.079245
29721,8.970798
29722,4.146963
29723,6.732566
29724,7.529041
29725,5.7433
29726,5.377321
29727,9.604758
29728,7.515275
29729,7.756421
29730,8.580664
29731,10.31614
29732,5.930545
29733,6.081086
29734,7.474775
29735,5.937277
29736,6.479244
29737,6.199096
29738,10.351509
29739,7.216058
29740,7.906733
29741,4.177431
29742,5.970095
29743,10.012256
29744,6.508484
29745,8.376985
29746,6.801226
29747,7.146497
29748,7.261318
29749,6.437342
29750,8.440733
29751,7.084623
29752,8.100417
29753,4.098061
29754,5.499273
29755,9.757986
29756,4.237237
29757,6.210679
29758,4.036244
29759,7.167824
29760,6.144012
29761,6.479491
29762,3.967645
29763,3.235202
29764,6.583046
29765,7.382545
29766,2.349115
29767,9.655211
29768,5.359622
29769,4.552461
29770,7.153526
29771,10.579006
29772,8.719194
29773,4.563142
29774,10.451058
29775,8.202559
29776,5.572452
29777,6.181936
29778,3.391749
29779,7.076878
29780,6.635784
29781,5.884722
29782,8.07223
29783,8.644804
29784,7.401049
29785,8.653103
29786,7.487614
29787,8.446761
29788,3.132772
29789,6.35601
29790,10.397117
29791,6.305151
29792,-4.605121
29793,6.391585
29794,6.587146
29795,4.77285
29796,8.71494
29797,6.54194
29798,4.516735
29799,7.232788
29800,8.209218
29801,6.015563
29802,6.449849
29803,8.142903
29804,7.561705
29805,7.220872
29806,6.892352
29807,6.802553
29808,8.974705
29809,6.477025
29810,4.976175
29811,5.452967
29812,7.971838
29813,5.585399
29814,7.478812
29815,6.185747
29816,5.787261
29817,8.763452
29818,8.698764
29819,8.261138
29820,6.961764
29821,5.837524
29822,7.718107
29823,6.280619
29824,8.832338
29825,8.028982
29826,6.677377
29827,4.111271
29828,6.655118
29829,4.638835
29830,6.783352
29831,7.60839
29832,6.568639
29833,7.241876
29834,9.455355
29835,8.21814
29836,8.415076
29837,6.942218
29838,5.569735
29839,9.963056
29840,6.668477
29841,7.664536
29842,6.922002
29843,7.230688
29844,8.560747
29845,6.291515
29846,0.439586
29847,6.534806
29848,7.388483
29849,7.616272
29850,7.440035
29851,10.140953
29852,8.669979
29853,4.005523
29854,6.882793
29855,7.437144
29856,5.219136
29857,7.463993
29858,8.465583
29859,1.776928
29860,6.513628
29861,7.017501
29862,8.051558
29863,5.61503
29864,8.880955
29865,8.358269
29866,7.684474
29867,9.14321
29868,8.328691
29869,6.095645
29870,4.076762
29871,7.007011
29872,5.890558
29873,6.560926
29874,8.606257
29875,8.87174
29876,6.673701
29877,8.064119
29878,7.922453
29879,7.406683
29880,7.217767
29881,7.611722
29882,7.521266
29883,8.068398
29884,7.835227
29885,5.101361
29886,7.361521
29887,8.001553
29888,8.407632
29889,7.980579
29890,4.29293
29891,6.60563
29892,7.538796
29893,5.460708
29894,3.601511
29895,5.585914
29896,3.80323
29897,4.88906
29898,7.148376
29899,8.68617
29900,4.394422
29901,4.209287
29902,6.155947
29903,6.753924
29904,8.154007
29905,5.710667
29906,9.009254
29907,9.809072
29908,2.372671
29909,6.507265
29910,9.384478
29911,7.462172
29912,8.078469
29913,5.486603
29914,6.385961
29915,-3.797044
29916,6.331842
29917,5.804751
29918,7.944691
29919,6.682722
29920,8.63052
29921,-1.412482
29922,7.64784
29923,7.092107
29924,5.726769
29925,8.377037
29926,6.751712
29927,6.736267
29928,8.604153
29929,6.686892
29930,5.192561
29931,6.967015
29932,6.980501
29933,6.115617
29934,9.40951
29935,6.751906
29936,5.501835
29937,7.646078
29938,6.300623
29939,7.355441
29940,5.671789
29941,6.237312
29942,5.188721
29943,7.264377
29944,5.979601
29945,4.890491
29946,7.241654
29947,10.43983
29948,4.759105
29949,6.151726
29950,6.500876
29951,6.13373
29952,7.893587
29953,7.222132
29954,6.727753
29955,8.49826
29956,5.835122
29957,9.238629
29958,6.639014
29959,10.071861
29960,9.390122
29961,3.049529
29962,6.844564
29963,6.816095
29964,7.116712
29965,5.697526
29966,6.164243
29967,6.71194
29968,7.652259
29969,4.772183
29970,6.685708
29971,6.914424
29972,8.778383
29973,3.601472
29974,-0.375467
29975,5.21773
29976,7.549017
29977,3.798066
29978,6.860486
29979,7.71676
29980,6.894853
29981,7.624001
29982,7.270595
29983,9.646313
29984,8.365794
29985,6.825009
29986,6.029683
29987,5.660793
29988,6.236632
29989,6.922244
29990,9.784877
29991,6.47323
29992,8.222153
29993,8.522944
29994,5.649158
29995,5.593296
29996,8.787233
29997,9.278918
29998,8.575018
29999,9.094313
30000,8.247758
30001,6.038834
30002,7.544836
30003,6.456543
30004,3.552608
30005,7.157271
30006,8.170372
30007,5.969955
30008,7.953789
30009,7.899466
30010,7.010349
30011,6.459473
30012,6.468985
30013,8.340732
30014,6.342233
30015,9.803669
30016,8.894089
30017,7.515859
30018,7.469752
30019,5.74265
30020,7.490881
30021,5.775557
30022,8.15484
30023,4.385425
30024,9.669588
30025,8.175728
30026,4.478133
30027,6.18898
30028,7.233809
30029,7.307554
30030,6.894547
30031,7.883737
30032,6.841484
30033,6.941599
30034,8.193014
30035,7.500442
30036,9.613488
30037,2.724796
30038,7.319357
30039,6.157652
30040,7.227221
30041,8.576567
30042,2.761472
30043,4.102713
30044,7.127518
30045,4.424359
30046,8.753645
30047,9.864356
30048,6.069701
30049,10.021971
30050,6.695524
30051,7.274521
30052,7.159516
30053,8.571191
30054,7.473014
30055,4.774138
30056,6.118882
30057,7.929987
30058,10.019632
30059,3.559433
30060,8.189537
30061,6.252722
30062,6.750272
30063,9.667784
30064,6.949584
30065,5.582344
30066,7.113633
30067,9.194614
30068,10.030261
30069,8.89007
30070,6.246361
30071,6.679729
30072,-1.523125
30073,7.525488
30074,5.777661
30075,7.970654
30076,8.076252
30077,7.73911
30078,6.477405
30079,4.916771
30080,7.822641
30081,5.799058
30082,8.002028
30083,7.247829
30084,7.882961
30085,8.180978
30086,8.232069
30087,7.170133
30088,7.999818
30089,6.9274
30090,5.686153
30091,8.193341
30092,7.524476
30093,7.252494
30094,7.350061
30095,2.768537
30096,7.883962
30097,6.67323
30098,7.641768
30099,7.891435
30100,4.511022
30101,5.844854
30102,5.172405
30103,7.939943
30104,7.542645
30105,5.822756
30106,8.050046
30107,9.717386
30108,6.461986
30109,6.320216
30110,6.882031
30111,8.853525
30112,5.942684
30113,5.60175
30114,7.434889
30115,6.182338
30116,7.180984
30117,5.19825
30118,7.814283
30119,7.441114
30120,8.455205
30121,6.909595
30122,8.042359
30123,9.462817
30124,5.50861
30125,8.058724
30126,5.29774
30127,7.570169
30128,8.42143
30129,4.900196
30130,7.96183
30131,5.341519
30132,2.894157
30133,3.131972
30134,8.609612
30135,8.02932
30136,7.611618
30137,8.66062
30138,7.60275
30139,8.065513
30140,8.439907
30141,6.575771
30142,7.773334
30143,7.397699
30144,6.951028
30145,5.516405
30146,4.970098
30147,6.418777
30148,8.934035
30149,8.343866
30150,7.708728
30151,4.499155
30152,8.189115
30153,6.896537
30154,8.219611
30155,7.67331
30156,9.469894
30157,9.444679
30158,6.795135
30159,7.705482
30160,5.049088
30161,6.945555
30162,8.308018
30163,7.623258
30164,5.388577
30165,4.072707
30166,6.402324
30167,7.75486
30168,8.049651
30169,6.050555
30170,6.276139
30171,8.345024
30172,9.105454
30173,7.668094
30174,7.498521
30175,8.3822
30176,7.569612
30177,6.124327
30178,6.229383
30179,6.592744
30180,9.715243
30181,9.407153
30182,8.83483
30183,8.908461
30184,7.280239
30185,6.424437
30186,6.152167
30187,6.112484
30188,5.68059
30189,5.989582
30190,8.492134
30191,-0.01105
30192,8.056392
30193,4.951804
30194,8.261718
30195,8.271486
30196,7.3505
30197,9.161287
30198,6.666039
30199,6.076559
30200,5.144398
30201,5.172451
30202,7.00417
30203,6.638495
30204,8.702786
30205,7.402944
30206,6.569853
30207,7.647098
30208,5.420343
30209,9.884686
30210,7.471337
30211,8.308339
30212,8.707556
30213,10.382987
30214,9.468144
30215,7.600897
30216,2.329573
30217,5.265651
30218,7.141457
30219,6.381796
30220,7.54873
30221,7.797952
30222,7.970001
30223,6.062184
30224,7.978278
30225,6.779969
30226,6.488812
30227,7.456923
30228,6.435742
30229,7.342775
30230,8.956788
30231,7.313478
30232,6.537788
30233,8.150629
30234,9.321152
30235,8.15334
30236,8.224768
30237,9.356011
30238,7.676078
30239,8.933033
30240,6.348778
30241,7.510795
30242,7.189751
30243,7.002917
30244,6.333744
30245,5.902972
30246,7.044779
30247,5.959067
30248,7.214911
30249,8.635341
30250,6.221507
30251,7.068266
30252,7.425146
30253,5.332692
30254,7.161667
30255,7.995255
30256,7.092428
30257,7.950875
30258,6.506272
30259,6.418013
30260,8.200236
30261,7.520263
30262,8.075271
30263,4.320427
30264,5.924859
30265,7.600908
30266,7.263136
30267,6.851796
30268,6.615008
30269,6.659998
30270,5.013895
30271,6.517679
30272,5.92507
30273,8.285499
30274,9.417857
30275,6.102848
30276,7.618993
30277,7.657911
30278,6.48693
30279,5.419754
30280,7.150737
30281,5.59853
30282,7.926135
30283,6.6753
30284,8.46281
30285,5.159596
30286,7.809398
30287,6.081114
30288,7.634009
30289,8.929693
30290,0.997575
30291,8.675421
30292,5.660329
30293,7.094095
30294,8.809328
30295,8.162386
30296,8.930154
30297,7.333048
30298,7.232136
30299,6.358881
30300,7.943224
30301,7.261306
30302,7.281107
30303,6.433057
30304,6.899312
30305,7.351924
30306,3.729258
30307,9.196948
30308,4.973629
30309,3.33555
30310,7.164379
30311,5.527484
30312,7.083467
30313,7.79308
30314,7.695443
30315,7.513607
30316,9.752981
30317,4.135831
30318,8.774284
30319,7.002896
30320,7.628828
30321,6.505102
30322,5.889519
30323,5.624987
30324,5.752348
30325,6.272421
30326,6.226399
30327,6.485784
30328,7.57266
30329,7.843252
30330,5.456432
30331,8.351894
30332,6.560994
30333,5.047176
30334,5.557408
30335,9.169144
30336,5.691678
30337,8.171383
30338,6.76307
30339,8.115511
30340,7.483994
30341,4.572768
30342,5.745798
30343,8.341489
30344,6.876072
30345,4.658632
30346,5.666617
30347,5.058025
30348,3.935694
30349,8.002252
30350,4.693844
30351,9.218605
30352,8.17582
30353,8.917036
30354,6.007388
30355,5.781903
30356,8.848695
30357,7.865205
30358,7.700313
30359,8.134655
30360,7.10008
30361,8.969732
30362,6.166626
30363,7.683399
30364,8.163507
30365,2.778551
30366,7.176052
30367,3.437869
30368,5.551584
30369,7.256552
30370,6.943687
30371,8.300861
30372,8.88305
30373,7.278296
30374,5.213289
30375,7.930549
30376,6.888661
30377,5.863214
30378,8.866997
30379,5.385073
30380,7.682132
30381,9.867831
30382,6.742629
30383,3.305271
30384,6.657821
30385,6.794839
30386,7.036928
30387,4.740421
30388,8.900001
30389,5.556775
30390,7.28669
30391,5.863341
30392,5.349269
30393,5.308427
30394,6.000452
30395,6.243905
30396,6.510018
30397,6.415225
30398,7.263067
30399,9.781575
30400,5.060957
30401,6.637464
30402,5.084404
30403,6.472837
30404,9.878591
30405,7.554415
30406,-5.856936
30407,9.490324
30408,6.529729
30409,8.957605
30410,9.943723
30411,4.040893
30412,8.481726
30413,8.1073
30414,6.447421
30415,7.931837
30416,7.624651
30417,8.028527
30418,8.992229
30419,6.549454
30420,7.791329
30421,9.908092
30422,8.164955
30423,6.110158
30424,5.368907
30425,7.632378
30426,9.934466
30427,9.860036
30428,6.228544
30429,6.976501
30430,6.396127
30431,-0.022322
30432,7.133028
30433,8.723092
30434,7.833071
30435,5.720539
30436,6.919466
30437,5.150796
30438,7.39098
30439,6.976176
30440,7.888444
30441,6.454708
30442,2.984704
30443,8.870654
30444,6.966924
30445,6.943975
30446,6.992375
30447,8.338198
30448,9.070434
30449,8.242807
30450,8.206355
30451,5.066522
30452,8.448403
30453,7.83551
30454,6.852159
30455,7.985422
30456,9.479574
30457,5.738897
30458,7.437158
30459,6.612044
30460,6.676134
30461,7.516598
30462,7.927283
30463,6.152996
30464,7.041906
30465,8.169042
30466,6.70878
30467,8.225847
30468,7.272603
30469,6.208358
30470,3.122607
30471,2.687614
30472,7.937117
30473,8.478697
30474,7.334546
30475,7.137616
30476,5.197346
30477,6.398171
30478,6.965524
30479,6.318145
30480,8.678623
30481,6.522294
30482,8.374258
30483,7.97936
30484,6.885957
30485,7.749195
30486,9.604917
30487,8.142609
30488,7.234599
30489,5.461336
30490,6.604446
30491,9.09485
30492,6.79661
30493,7.672532
30494,6.328154
30495,7.873904
30496,5.485547
30497,4.647502
30498,6.384876
30499,5.982759
30500,7.736593
30501,7.669141
30502,7.290213
30503,6.51215
30504,7.98718
30505,8.231842
30506,5.915749
30507,10.112538
30508,3.243824
30509,8.570532
30510,7.311665
30511,6.830971
30512,6.731569
30513,7.130031
30514,9.566652
30515,4.600848
30516,6.106827
30517,6.014365
30518,2.738313
30519,6.079339
30520,8.314155
30521,7.090946
30522,6.19205
30523,9.238692
30524,7.7708
30525,8.721025
30526,5.531431
30527,4.832559
30528,6.987251
30529,6.694611
30530,5.326648
30531,5.148782
30532,6.425155
30533,7.157988
30534,5.527532
30535,5.910842
30536,8.772347
30537,7.490231
30538,-3.58081
30539,8.700961
30540,4.916758
30541,4.190394
30542,8.076307
30543,7.424106
30544,6.632457
30545,6.914984
30546,7.695211
30547,8.421165
30548,1.955086
30549,8.354453
30550,7.265877
30551,10.080027
30552,6.726667
30553,8.004254
30554,6.108543
30555,6.729703
30556,5.438863
30557,5.269265
30558,6.678908
30559,6.762702
30560,6.406006
30561,5.135736
30562,9.6585
30563,4.809174
30564,5.886525
30565,6.405406
30566,7.241049
30567,7.628366
30568,6.711146
30569,6.081944
30570,5.595063
30571,8.585324
30572,8.190798
30573,7.804285
30574,4.874518
30575,6.660018
30576,6.281076
30577,7.069084
30578,5.614658
30579,4.308225
30580,6.533082
30581,6.60889
30582,4.145497
30583,6.15662
30584,6.445545
30585,8.182775
30586,6.546547
30587,8.590026
30588,5.558485
30589,-4.819095
30590,6.030993
30591,6.782441
30592,6.06916
30593,9.956748
30594,4.881301
30595,8.289424
30596,6.823935
30597,7.851286
30598,5.265118
30599,6.792016
30600,5.885209
30601,8.817054
30602,6.229093
30603,7.493958
30604,8.575893
30605,6.38305
30606,6.227859
30607,8.761256
30608,7.535223
30609,8.226353
30610,5.423134
30611,7.115304
30612,8.889908
30613,5.015172
30614,5.919752
30615,2.178061
30616,6.313446
30617,7.579889
30618,8.066867
30619,5.779583
30620,4.17198
30621,6.403692
30622,4.855905
30623,6.147131
30624,4.658705
30625,6.405538
30626,4.667159
30627,8.139306
30628,8.78344
30629,7.910633
30630,6.746331
30631,3.774406
30632,7.094832
30633,6.198874
30634,7.163555
30635,3.358641
30636,9.864767
30637,7.095118
30638,7.063026
30639,7.932664
30640,5.629232
30641,7.850781
30642,6.235995
30643,9.476834
30644,7.827221
30645,6.49665
30646,9.234297
30647,6.686882
30648,7.119998
30649,6.419692
30650,7.603091
30651,6.449218
30652,8.250515
30653,6.674448
30654,6.337101
30655,7.941736
30656,-0.771909
30657,8.326991
30658,7.090702
30659,7.879317
30660,7.254572
30661,5.29432
30662,7.498211
30663,7.300293
30664,8.566748
30665,9.03892
30666,9.054578
30667,9.535404
30668,9.842821
30669,2.318645
30670,4.757827
30671,7.738807
30672,8.505023
30673,7.056977
30674,9.148679
30675,7.155532
30676,4.049158
30677,6.89591
30678,10.292445
30679,5.753005
30680,7.933366
30681,7.477759
30682,4.477936
30683,6.74587
30684,7.901862
30685,5.455554
30686,5.870339
30687,6.798645
30688,7.428302
30689,6.33198
30690,7.914101
30691,8.874796
30692,2.369036
30693,5.521337
30694,8.475191
30695,6.475295
30696,8.366094
30697,8.267316
30698,7.878452
30699,8.396111
30700,4.871996
30701,8.354904
30702,6.207082
30703,5.911593
30704,6.403301
30705,8.818641
30706,5.298023
30707,6.11382
30708,7.297078
30709,7.629738
30710,6.349052
30711,7.482668
30712,7.827545
30713,7.355658
30714,6.91497
30715,9.268479
30716,-5.829468
30717,2.161743
30718,8.128981
30719,8.183365
30720,6.887501
30721,10.594889
30722,4.800751
30723,5.218185
30724,6.65937
30725,5.358845
30726,6.740462
30727,8.866146
30728,7.596489
30729,8.919073
30730,6.505907
30731,9.095703
30732,6.959066
30733,8.717701
30734,8.879174
30735,4.37986
30736,9.388817
30737,7.04709
30738,5.55226
30739,6.147665
30740,9.866347
30741,4.728056
30742,7.028145
30743,9.216611
30744,7.021664
30745,6.448114
30746,6.483942
30747,6.972373
30748,-7.225883
30749,7.940872
30750,6.490574
30751,8.134543
30752,5.490885
30753,6.690047
30754,8.546101
30755,6.097533
30756,7.330495
30757,7.908424
30758,7.612436
30759,7.309573
30760,6.196049
30761,7.478215
30762,9.683987
30763,5.70725
30764,4.759447
30765,5.98206
30766,7.182331
30767,5.297131
30768,8.056008
30769,7.323667
30770,6.585852
30771,6.464429
30772,8.071909
30773,9.697682
30774,8.373289
30775,6.154137
30776,6.21582
30777,8.718749
30778,5.660645
30779,6.60008
30780,6.051775
30781,8.43468
30782,9.027753
30783,4.808999
30784,6.596069
30785,7.987355
30786,9.399362
30787,3.722169
30788,6.526253
30789,7.920821
30790,5.736549
30791,5.17185
30792,8.164149
30793,4.374133
30794,7.91614
30795,6.993933
30796,9.120557
30797,3.736865
30798,8.378057
30799,6.203825
30800,7.529231
30801,6.023835
30802,7.932794
30803,5.847511
30804,4.612155
30805,6.496242
30806,5.751287
30807,7.957509
30808,5.298521
30809,5.05009
30810,8.378521
30811,6.890154
30812,7.988088
30813,6.658654
30814,5.734268
30815,8.87426
30816,9.86195
30817,5.038381
30818,3.287475
30819,8.572474
30820,5.231224
30821,7.365024
30822,8.587091
30823,4.215286
30824,7.93594
30825,6.728563
30826,7.095224
30827,8.46755
30828,7.118103
30829,7.814844
30830,8.504867
30831,5.530963
30832,10.072945
30833,6.253775
30834,4.436628
30835,10.214202
30836,7.303712
30837,8.616652
30838,7.139635
30839,5.258849
30840,5.230129
30841,7.271937
30842,6.810823
30843,8.184598
30844,7.939174
30845,7.302824
30846,6.516001
30847,8.293835
30848,7.244597
30849,9.273703
30850,6.427976
30851,6.564747
30852,1.988515
30853,6.662869
30854,8.807603
30855,7.732762
30856,3.45947
30857,7.110022
30858,10.598716
30859,5.655416
30860,8.27396
30861,6.0525
30862,6.82781
30863,10.306705
30864,5.640072
30865,7.336597
30866,7.227929
30867,8.093228
30868,7.004877
30869,3.961998
30870,7.63218
30871,7.598572
30872,6.137563
30873,5.639706
30874,6.61044
30875,8.575718
30876,6.223915
30877,6.204923
30878,7.153201
30879,0.257732
30880,3.741988
30881,8.04919
30882,8.550508
30883,8.003672
30884,6.713525
30885,6.962582
30886,4.585912
30887,9.632583
30888,5.730995
30889,8.222378
30890,7.323273
30891,4.749475
30892,7.522479
30893,9.669831
30894,6.555354
30895,6.827266
30896,5.930979
30897,3.847948
30898,7.334739
30899,7.44852
30900,9.430689
30901,8.113385
30902,7.998253
30903,5.408788
30904,9.401112
30905,7.225396
30906,10.519281
30907,7.321866
30908,6.789791
30909,5.972601
30910,8.296237
30911,6.386328
30912,6.846545
30913,7.452443
30914,6.649898
30915,7.728699
30916,7.116445
30917,5.208727
30918,8.556923
30919,8.06749
30920,5.839411
30921,8.068104
30922,8.092731
30923,7.011653
30924,4.799481
30925,7.969292
30926,8.086577
30927,8.603297
30928,8.567775
30929,5.325648
30930,7.672455
30931,8.410198
30932,7.166712
30933,7.072839
30934,6.704289
30935,7.829353
30936,7.897981
30937,7.336231
30938,6.498191
30939,5.838109
30940,7.947051
30941,6.269573
30942,7.352469
30943,7.877804
30944,7.565796
30945,6.639882
30946,7.922487
30947,9.491243
30948,5.971388
30949,4.773044
30950,6.857499
30951,9.444128
30952,6.459146
30953,8.766659
30954,8.421105
30955,6.819378
30956,6.616505
30957,2.732879
30958,5.694485
30959,5.701961
30960,6.017445
30961,4.580169
30962,6.171556
30963,8.820652
30964,0.045808
30965,5.787411
30966,5.954035
30967,7.413577
30968,7.187531
30969,7.422576
30970,8.563874
30971,8.424541
30972,8.380332
30973,7.284109
30974,7.57213
30975,9.264677
30976,8.876109
30977,6.566917
30978,8.413395
30979,6.771052
30980,7.190292
30981,5.489167
30982,7.718544
30983,8.640434
30984,7.249908
30985,7.237946
30986,8.25646
30987,4.487428
30988,7.395739
30989,9.815495
30990,9.285124
30991,5.333899
30992,9.659659
30993,5.279785
30994,8.757823
30995,7.153419
30996,6.738027
30997,6.78984
30998,7.356417
30999,8.369636
31000,5.752157
31001,9.092314
31002,9.649616
31003,9.353613
31004,10.085047
31005,7.415043
31006,6.189279
31007,8.387994
31008,8.349096
31009,4.602857
31010,5.387672
31011,7.61789
31012,5.198963
31013,7.760277
31014,6.502584
31015,9.44701
31016,5.807124
31017,7.282649
31018,10.168778
31019,7.486543
31020,8.451565
31021,8.476084
31022,10.308867
31023,7.291372
31024,8.981072
31025,2.533766
31026,6.718194
31027,8.206618
31028,5.971965
31029,8.599887
31030,5.522003
31031,-2.466399
31032,5.129461
31033,8.162908
31034,6.046587
31035,9.005555
31036,6.079755
31037,7.016549
31038,4.203392
31039,6.841045
31040,8.81639
31041,4.297697
31042,6.099075
31043,7.002369
31044,6.835743
31045,6.237622
31046,7.76161
31047,6.593947
31048,6.660466
31049,8.274417
31050,7.313706
31051,7.251313
31052,6.325997
31053,7.486987
31054,9.171312
31055,8.233728
31056,6.410509
31057,5.896339
31058,6.956406
31059,3.256922
31060,7.67675
31061,7.843486
31062,5.33689
31063,7.833626
31064,6.91834
31065,7.227292
31066,-3.702922
31067,7.128133
31068,5.397748
31069,9.154895
31070,6.969841
31071,8.056891
31072,5.188041
31073,9.622078
31074,7.9809
31075,6.082448
31076,7.256003
31077,6.709419
31078,6.022632
31079,7.413628
31080,5.5602
31081,7.865824
31082,-2.98561
31083,6.288146
31084,7.454772
31085,8.195087
31086,10.213621
31087,7.569789
31088,6.373034
31089,7.377945
31090,7.378588
31091,6.767281
31092,6.617598
31093,7.994863
31094,9.22227
31095,7.534713
31096,8.327319
31097,7.140829
31098,4.625475
31099,8.340409
31100,-1.356908
31101,7.679259
31102,8.548475
31103,8.219442
31104,8.097728
31105,9.018973
31106,5.152847
31107,6.962551
31108,8.968069
31109,6.603116
31110,2.805775
31111,4.851367
31112,1.44454
31113,7.967085
31114,8.5687
31115,6.092217
31116,5.594392
31117,7.298032
31118,4.426128
31119,9.924874
31120,5.922928
31121,6.950482
31122,8.6886
31123,7.846274
31124,9.540594
31125,6.603123
31126,8.591518
31127,8.82881
31128,7.257895
31129,5.798098
31130,8.628858
31131,6.730325
31132,8.43665
31133,7.719237
31134,8.909283
31135,5.508869
31136,4.804594
31137,9.448139
31138,6.931595
31139,6.41978
31140,6.868778
31141,8.651291
31142,8.062718
31143,6.661492
31144,6.95718
31145,5.192942
31146,-5.938136
31147,6.638623
31148,7.395291
31149,8.168114
31150,6.409739
31151,4.889686
31152,8.24625
31153,6.332782
31154,7.460018
31155,7.072397
31156,6.771371
31157,7.433881
31158,6.022655
31159,7.50059
31160,5.567838
31161,7.075245
31162,6.03329
31163,7.548568
31164,5.181715
31165,6.050016
31166,4.721949
31167,6.582961
31168,6.784249
31169,6.341389
31170,6.01659
31171,7.87594
31172,5.711086
31173,5.80797
31174,8.061078
31175,7.189738
31176,5.934222
31177,7.080673
31178,5.750745
31179,9.83683
31180,8.251293
31181,6.255888
31182,8.337866
31183,7.939717
31184,7.36594
31185,4.572043
31186,5.22063
31187,8.605576
31188,5.980255
31189,5.645638
31190,9.792973
31191,3.701899
31192,9.920148
31193,8.806152
31194,6.356837
31195,6.737563
31196,6.887767
31197,6.042089
31198,6.077148
31199,5.662162
31200,5.563754
31201,8.517888
31202,6.760427
31203,-0.411574
31204,5.874247
31205,7.215608
31206,6.206552
31207,10.825292
31208,8.851433
31209,8.542035
31210,7.305419
31211,8.517909
31212,8.138909
31213,7.51324
31214,4.622825
31215,7.167876
31216,-1.961102
31217,6.339171
31218,6.760287
31219,10.17084
31220,5.239106
31221,6.404029
31222,5.719398
31223,5.543753
31224,6.796987
31225,5.575557
31226,6.176097
31227,3.323941
31228,9.537797
31229,3.665464
31230,7.626373
31231,5.914926
31232,7.058839
31233,9.164586
31234,9.915721
31235,8.768956
31236,9.285549
31237,4.188523
31238,5.910176
31239,5.630769
31240,8.197626
31241,5.776373
31242,7.345974
31243,7.198981
31244,5.122849
31245,5.129615
31246,0.033743
31247,5.901615
31248,6.571425
31249,9.701211
31250,5.414838
31251,6.972977
31252,6.478774
31253,5.723266
31254,8.924067
31255,7.384549
31256,8.201199
31257,9.78523
31258,6.659118
31259,6.452822
31260,6.091722
31261,6.770906
31262,8.810638
31263,7.858793
31264,2.181733
31265,7.931132
31266,6.362226
31267,7.480261
31268,8.411956
31269,8.548613
31270,8.469275
31271,7.094475
31272,5.059438
31273,6.199848
31274,8.876259
31275,8.789297
31276,4.752858
31277,7.823184
31278,-0.356122
31279,7.212042
31280,8.745257
31281,6.425069
31282,8.366035
31283,8.297216
31284,7.068138
31285,6.715288
31286,9.738362
31287,7.786203
31288,3.687878
31289,6.549263
31290,4.131373
31291,3.89982
31292,4.572195
31293,6.20678
31294,5.907647
31295,9.077886
31296,3.713619
31297,5.891869
31298,7.642558
31299,6.805558
31300,6.663363
31301,4.538212
31302,9.086774
31303,7.372961
31304,6.406271
31305,8.171396
31306,8.715314
31307,6.326286
31308,-0.84098
31309,8.968473
31310,4.05488
31311,8.558973
31312,4.985895
31313,6.28241
31314,8.639036
31315,8.337197
31316,8.847856
31317,8.140449
31318,8.508665
31319,4.535038
31320,6.902806
31321,7.82834
31322,8.142285
31323,7.919297
31324,7.046952
31325,6.366212
31326,6.699956
31327,9.109914
31328,6.986912
31329,7.177384
31330,6.938221
31331,7.899488
31332,6.282943
31333,5.653674
31334,9.047499
31335,7.195588
31336,5.791747
31337,8.074919
31338,7.169897
31339,6.019824
31340,4.860354
31341,7.142992
31342,3.599685
31343,7.184408
31344,8.377024
31345,8.935413
31346,7.470863
31347,8.610558
31348,9.054561
31349,8.855178
31350,6.755225
31351,7.636364
31352,8.573216
31353,2.636103
31354,6.667111
31355,6.593213
31356,7.967855
31357,6.49129
31358,6.42796
31359,6.633049
31360,9.369747
31361,8.789888
31362,7.470485
31363,6.726737
31364,8.038375
31365,3.232117
31366,8.804315
31367,6.079913
31368,7.435746
31369,8.419956
31370,7.537744
31371,1.356971
31372,9.467796
31373,6.456124
31374,7.443057
31375,8.529182
31376,7.97897
31377,6.635712
31378,4.607822
31379,8.38575
31380,6.402257
31381,6.595705
31382,6.554214
31383,6.902388
31384,4.062899
31385,5.45293
31386,7.148259
31387,8.925984
31388,6.864679
31389,7.442531
31390,8.996102
31391,5.340062
31392,8.792762
31393,8.955086
31394,7.352806
31395,8.144976
31396,7.786378
31397,6.653542
31398,7.366123
31399,6.145827
31400,6.65771
31401,8.821489
31402,3.467514
31403,4.607855
31404,5.920895
31405,5.37906
31406,7.651565
31407,8.441514
31408,8.0403
31409,7.700645
31410,5.691826
31411,5.475932
31412,9.087052
31413,7.555757
31414,5.852116
31415,7.211396
31416,5.945204
31417,5.382889
31418,8.45004
31419,5.450369
31420,7.176946
31421,8.73952
31422,3.805935
31423,8.109928
31424,6.687143
31425,7.210422
31426,3.164526
31427,7.170033
31428,10.106748
31429,8.086578
31430,6.459123
31431,6.203618
31432,7.95255
31433,5.625091
31434,7.278816
31435,6.337881
31436,7.539805
31437,6.776155
31438,5.018128
31439,4.710949
31440,8.831609
31441,6.673785
31442,5.822267
31443,7.476052
31444,-17.57718
31445,5.145171
31446,7.390629
31447,5.226904
31448,7.750684
31449,9.09104
31450,3.992245
31451,7.309669
31452,8.813253
31453,5.2308
31454,8.718309
31455,5.999178
31456,5.279534
31457,4.485759
31458,6.014795
31459,5.361065
31460,10.086138
31461,6.849006
31462,8.263649
31463,5.627067
31464,6.733121
31465,7.839947
31466,6.790222
31467,8.878211
31468,8.346637
31469,6.30131
31470,7.583546
31471,6.903938
31472,7.939947
31473,9.143464
31474,7.042606
31475,7.471444
31476,6.947458
31477,6.095495
31478,4.159241
31479,7.539955
31480,6.522837
31481,7.74871
31482,8.543037
31483,7.893167
31484,8.457403
31485,-11.217598
31486,7.740479
31487,8.730665
31488,3.88233
31489,8.013376
31490,7.711024
31491,9.435109
31492,7.160688
31493,7.0959
31494,8.869681
31495,8.147712
31496,4.956757
31497,6.397783
31498,5.63341
31499,8.305803
31500,6.338786
31501,5.44752
31502,4.802948
31503,7.384077
31504,7.013725
31505,7.403311
31506,7.874626
31507,7.779728
31508,-3.748403
31509,7.452851
31510,4.663967
31511,6.015071
31512,8.160952
31513,4.822134
31514,4.927769
31515,9.104033
31516,5.908495
31517,6.536307
31518,4.537141
31519,8.074415
31520,6.219831
31521,5.097701
31522,-4.012906
31523,6.680072
31524,6.786647
31525,8.356838
31526,6.196481
31527,7.234973
31528,8.275954
31529,7.281266
31530,7.107555
31531,9.122842
31532,7.683806
31533,5.65637
31534,7.20792
31535,7.940946
31536,4.676958
31537,5.537728
31538,5.475857
31539,8.634797
31540,6.513776
31541,7.494197
31542,7.399899
31543,-14.177409
31544,9.21625
31545,4.524873
31546,5.213848
31547,5.259906
31548,7.069402
31549,7.867625
31550,3.93631
31551,4.353063
31552,7.155193
31553,6.671825
31554,8.731626
31555,8.218384
31556,4.725638
31557,8.017547
31558,6.964131
31559,7.688382
31560,6.388131
31561,7.952001
31562,7.555567
31563,7.978521
31564,7.913723
31565,2.573564
31566,5.955684
31567,7.307529
31568,9.361976
31569,10.234621
31570,6.775345
31571,4.342385
31572,9.766951
31573,5.930807
31574,5.371458
31575,6.295347
31576,5.609548
31577,8.399275
31578,8.014937
31579,4.485939
31580,8.45983
31581,6.353445
31582,8.145632
31583,6.07075
31584,6.212742
31585,9.106815
31586,6.524921
31587,8.606952
31588,7.172729
31589,7.124507
31590,4.577216
31591,7.17573
31592,6.962645
31593,8.245155
31594,6.272907
31595,7.04652
31596,6.643204
31597,1.178492
31598,8.426463
31599,6.043146
31600,8.573182
31601,5.798404
31602,8.32907
31603,6.794914
31604,6.992191
31605,8.353077
31606,6.740536
31607,2.926955
31608,4.547408
31609,6.594808
31610,6.141661
31611,1.620017
31612,6.566626
31613,2.860698
31614,7.041905
31615,6.625639
31616,6.551986
31617,6.437277
31618,6.649073
31619,9.848412
31620,8.874714
31621,9.304759
31622,9.715914
31623,6.889826
31624,8.507598
31625,-5.379136
31626,7.373282
31627,5.129923
31628,7.896484
31629,7.676895
31630,6.789042
31631,6.302071
31632,7.1294
31633,4.051866
31634,7.361349
31635,5.540439
31636,6.645029
31637,6.226668
31638,5.104705
31639,6.387934
31640,6.643854
31641,7.142769
31642,8.640293
31643,7.292177
31644,5.204657
31645,7.007861
31646,7.044344
31647,6.530162
31648,8.801976
31649,7.538562
31650,7.974749
31651,7.154323
31652,7.633986
31653,8.599652
31654,5.946034
31655,6.48444
31656,7.862797
31657,5.706581
31658,6.127185
31659,7.6993
31660,8.817219
31661,7.854536
31662,6.21046
31663,7.788942
31664,7.289235
31665,5.510246
31666,6.484809
31667,9.318706
31668,8.494564
31669,9.079218
31670,7.617943
31671,7.494025
31672,5.691564
31673,8.744526
31674,7.992037
31675,4.556029
31676,7.081679
31677,7.752056
31678,7.493037
31679,8.579442
31680,5.836486
31681,6.682957
31682,6.542748
31683,6.017562
31684,6.683447
31685,-1.225624
31686,7.228246
31687,9.396569
31688,6.158507
31689,5.636505
31690,8.624629
31691,5.518469
31692,6.923028
31693,9.719696
31694,4.04812
31695,-4.219783
31696,7.966512
31697,8.023031
31698,7.555058
31699,9.369926
31700,7.143254
31701,7.991664
31702,8.56875
31703,7.425121
31704,6.765159
31705,7.361651
31706,6.855873
31707,6.700247
31708,6.586486
31709,7.047316
31710,-6.136178
31711,6.080191
31712,4.277315
31713,5.826975
31714,6.011512
31715,4.638515
31716,7.690883
31717,7.474138
31718,3.930412
31719,8.706346
31720,6.433283
31721,5.365295
31722,7.20172
31723,5.025237
31724,7.779422
31725,8.008267
31726,7.729688
31727,5.120669
31728,7.810354
31729,4.960038
31730,9.941832
31731,7.064475
31732,4.697654
31733,7.473702
31734,7.371668
31735,6.722846
31736,7.642057
31737,8.802961
31738,7.448125
31739,5.567915
31740,8.710342
31741,6.834943
31742,4.787798
31743,6.634451
31744,8.937027
31745,9.021254
31746,8.767824
31747,5.812032
31748,4.426646
31749,4.800257
31750,5.783632
31751,7.121942
31752,6.987012
31753,8.134788
31754,8.119511
31755,7.080285
31756,6.947835
31757,7.933843
31758,7.855201
31759,5.55001
31760,7.047808
31761,3.904216
31762,6.522599
31763,10.015541
31764,3.472877
31765,7.726679
31766,-8.615829
31767,5.992041
31768,8.600346
31769,6.103835
31770,8.028028
31771,9.529657
31772,2.616723
31773,5.474677
31774,7.675025
31775,8.050815
31776,8.210373
31777,9.041163
31778,10.163565
31779,5.871707
31780,5.725583
31781,8.490265
31782,7.36272
31783,5.907416
31784,5.557255
31785,7.1355
31786,8.888654
31787,8.465169
31788,7.615567
31789,6.615666
31790,7.038691
31791,8.023011
31792,7.258043
31793,6.254313
31794,4.991853
31795,5.971754
31796,5.629114
31797,4.864935
31798,9.50557
31799,8.16694
31800,5.366801
31801,5.541247
31802,6.946676
31803,3.345687
31804,-3.455198
31805,7.09074
31806,4.230438
31807,3.704282
31808,6.541722
31809,7.148906
31810,6.536837
31811,5.67391
31812,4.313346
31813,6.842432
31814,7.256532
31815,8.141792
31816,5.637097
31817,8.530412
31818,8.209574
31819,8.077146
31820,7.192815
31821,-1.885321
31822,6.633689
31823,5.379468
31824,4.034004
31825,6.625235
31826,7.657623
31827,7.54446
31828,5.567282
31829,5.234573
31830,7.990162
31831,8.577282
31832,6.016884
31833,8.784849
31834,5.697326
31835,7.356512
31836,6.213183
31837,9.840386
31838,7.501155
31839,7.529023
31840,6.876694
31841,6.76134
31842,6.544032
31843,6.187692
31844,7.365286
31845,6.390008
31846,7.41852
31847,6.514274
31848,5.092792
31849,8.087764
31850,6.378663
31851,5.786738
31852,9.79523
31853,7.657616
31854,7.634018
31855,7.942125
31856,8.989959
31857,7.034266
31858,6.429383
31859,9.689035
31860,5.360243
31861,6.283099
31862,7.674996
31863,8.912756
31864,7.266416
31865,8.083858
31866,5.740439
31867,6.998124
31868,8.975502
31869,8.667264
31870,9.327988
31871,6.956359
31872,6.068022
31873,9.731159
31874,6.873891
31875,5.592837
31876,7.618647
31877,8.092087
31878,8.677535
31879,6.200131
31880,9.805647
31881,7.163091
31882,7.831874
31883,8.574695
31884,7.835932
31885,8.704917
31886,7.07086
31887,8.112738
31888,7.203054
31889,6.115637
31890,6.693902
31891,9.121739
31892,1.842432
31893,6.690309
31894,8.367934
31895,5.969797
31896,9.18708
31897,8.129449
31898,8.164559
31899,8.267616
31900,5.927135
31901,5.760577
31902,7.470848
31903,5.182269
31904,6.490827
31905,6.218276
31906,7.219875
31907,5.23539
31908,5.815215
31909,7.440676
31910,10.215056
31911,8.581017
31912,7.148848
31913,5.857125
31914,8.640597
31915,3.981713
31916,5.587544
31917,6.232847
31918,3.89535
31919,7.619845
31920,10.353349
31921,6.693511
31922,6.525865
31923,9.97826
31924,7.213062
31925,7.676733
31926,9.568894
31927,6.178679
31928,5.657871
31929,8.425736
31930,6.527393
31931,5.971307
31932,5.470823
31933,7.599837
31934,7.528996
31935,8.309346
31936,7.031903
31937,8.390259
31938,6.693859
31939,7.672237
31940,7.597497
31941,6.123776
31942,7.414179
31943,0.054952
31944,7.051446
31945,3.629547
31946,8.39616
31947,7.298932
31948,5.636816
31949,0.942262
31950,8.740691
31951,4.63237
31952,5.303766
31953,5.660026
31954,7.175225
31955,5.950475
31956,7.27611
31957,9.097583
31958,8.121481
31959,8.189481
31960,7.71576
31961,6.729912
31962,7.317145
31963,7.131255
31964,7.387576
31965,5.367939
31966,7.031804
31967,6.109047
31968,6.044293
31969,4.574658
31970,-4.30643
31971,8.563856
31972,7.041177
31973,6.382914
31974,6.777511
31975,8.091173
31976,8.439066
31977,6.700629
31978,7.845651
31979,4.872198
31980,8.562815
31981,8.862826
31982,8.338241
31983,9.68914
31984,7.349776
31985,8.167839
31986,6.769539
31987,5.429084
31988,7.794407
31989,7.654472
31990,4.279107
31991,7.819378
31992,9.269933
31993,5.896208
31994,7.43524
31995,9.077061
31996,8.226241
31997,4.399641
31998,8.100394
31999,8.781959
32000,6.706614
32001,5.818679
32002,8.53626
32003,8.085641
32004,7.382767
32005,7.264413
32006,5.787945
32007,7.218093
32008,11.141523
32009,8.193057
32010,5.235415
32011,10.319129
32012,6.986244
32013,6.717318
32014,6.794713
32015,8.294922
32016,-6.686416
32017,10.186554
32018,7.046052
32019,7.822012
32020,8.053595
32021,5.618954
32022,7.330021
32023,5.132459
32024,6.136336
32025,8.105052
32026,8.083907
32027,7.27994
32028,5.747767
32029,8.242334
32030,8.431087
32031,7.57966
32032,11.013892
32033,8.24582
32034,7.249379
32035,8.128404
32036,7.139742
32037,9.55089
32038,9.393758
32039,8.184714
32040,5.963534
32041,6.353286
32042,7.084496
32043,7.533253
32044,9.186711
32045,7.273587
32046,9.802411
32047,7.324425
32048,7.287385
32049,8.095844
32050,6.417947
32051,5.47657
32052,5.39771
32053,6.649978
32054,7.459494
32055,5.65551
32056,7.181401
32057,6.248821
32058,9.294701
32059,8.894417
32060,8.290637
32061,4.397691
32062,3.101391
32063,5.483517
32064,8.627125
32065,6.654581
32066,6.969185
32067,6.62931
32068,9.268607
32069,5.486836
32070,7.267636
32071,5.896722
32072,7.227839
32073,8.895835
32074,8.677942
32075,6.823575
32076,9.775822
32077,6.508481
32078,5.457318
32079,7.556429
32080,5.576584
32081,7.094124
32082,5.036333
32083,4.614296
32084,7.883426
32085,5.821324
32086,7.08391
32087,6.69951
32088,7.748741
32089,8.261095
32090,7.952985
32091,5.099982
32092,7.635167
32093,-1.690917
32094,4.413481
32095,8.923815
32096,5.408869
32097,6.226835
32098,8.33775
32099,6.442701
32100,6.835061
32101,6.461503
32102,9.587829
32103,4.74629
32104,7.362409
32105,5.53924
32106,7.986147
32107,7.610298
32108,10.204357
32109,9.43838
32110,7.088611
32111,7.078963
32112,7.393955
32113,-0.293125
32114,3.413176
32115,7.708493
32116,8.313619
32117,6.48721
32118,8.154157
32119,8.078148
32120,7.849023
32121,8.33533
32122,7.990094
32123,6.090829
32124,6.587455
32125,8.511544
32126,8.245166
32127,9.050207
32128,8.962501
32129,7.656039
32130,7.832063
32131,6.816401
32132,9.369203
32133,9.561448
32134,6.937587
32135,9.183465
32136,5.753856
32137,4.199882
32138,8.505018
32139,-7.405833
32140,6.69821
32141,5.908144
32142,9.933294
32143,8.677699
32144,7.658086
32145,9.211012
32146,4.260144
32147,5.748476
32148,6.329115
32149,7.683724
32150,8.354044
32151,5.98426
32152,4.126751
32153,7.69428
32154,6.706127
32155,2.852364
32156,6.635743
32157,7.425239
32158,4.83201
32159,7.270994
32160,7.517172
32161,5.499632
32162,6.228462
32163,7.71237
32164,7.634078
32165,8.321437
32166,9.237319
32167,5.069989
32168,9.54755
32169,3.893223
32170,8.664966
32171,8.016335
32172,-6.750387
32173,6.863437
32174,7.907702
32175,6.989166
32176,8.606061
32177,8.028051
32178,8.561553
32179,4.604613
32180,7.073362
32181,7.383256
32182,4.856629
32183,9.713375
32184,5.577934
32185,9.667977
32186,4.49695
32187,9.979843
32188,6.069155
32189,8.057139
32190,3.534915
32191,8.108179
32192,7.248398
32193,6.745902
32194,7.723235
32195,7.33994
32196,7.155618
32197,6.420286
32198,8.257523
32199,6.672666
32200,7.150853
32201,6.237302
32202,7.283375
32203,8.644011
32204,6.301803
32205,4.481282
32206,5.962373
32207,9.460464
32208,5.803246
32209,6.013097
32210,8.126685
32211,8.582977
32212,5.659486
32213,5.772364
32214,7.179568
32215,8.86074
32216,8.135332
32217,5.520162
32218,6.1919
32219,8.751808
32220,8.075078
32221,3.818644
32222,8.307616
32223,4.952494
32224,7.145908
32225,5.196054
32226,6.695995
32227,8.764802
32228,7.788065
32229,7.73571
32230,7.595444
32231,6.923006
32232,4.034641
32233,3.167044
32234,7.249391
32235,1.696135
32236,5.911854
32237,8.348217
32238,7.799915
32239,7.419183
32240,5.650464
32241,5.602703
32242,-4.53279
32243,8.155869
32244,7.335735
32245,8.229592
32246,6.790628
32247,7.278073
32248,-4.094199
32249,8.899394
32250,6.192101
32251,5.225461
32252,8.251347
32253,7.520613
32254,10.033613
32255,-5.899943
32256,2.83382
32257,4.498089
32258,6.214538
32259,7.75917
32260,7.310913
32261,5.754024
32262,6.501604
32263,8.534114
32264,9.162241
32265,5.896756
32266,6.997572
32267,9.141023
32268,8.198999
32269,7.150516
32270,6.379594
32271,10.195996
32272,8.277218
32273,7.075532
32274,7.711218
32275,7.840825
32276,-3.539007
32277,7.283598
32278,4.274426
32279,9.011513
32280,6.048789
32281,8.827457
32282,9.062282
32283,9.098518
32284,5.84217
32285,4.969603
32286,7.185124
32287,5.037768
32288,9.828123
32289,6.335815
32290,7.758656
32291,6.964039
32292,8.257439
32293,8.442099
32294,6.49517
32295,8.668204
32296,7.954171
32297,7.913375
32298,3.608986
32299,8.359036
32300,8.254847
32301,8.183031
32302,7.418033
32303,7.890407
32304,8.425001
32305,5.238201
32306,9.126497
32307,-1.594204
32308,4.094293
32309,7.294716
32310,9.297981
32311,4.449116
32312,8.675271
32313,7.791832
32314,10.308466
32315,5.919411
32316,8.413013
32317,6.349163
32318,7.62653
32319,6.419056
32320,6.947708
32321,7.174378
32322,6.282912
32323,6.927956
32324,5.209032
32325,5.135576
32326,7.581691
32327,6.18012
32328,7.538795
32329,6.652249
32330,6.899331
32331,7.338713
32332,6.033173
32333,5.694757
32334,8.175349
32335,7.654807
32336,8.755792
32337,5.881614
32338,6.541926
32339,-3.967424
32340,6.743574
32341,7.631234
32342,6.532495
32343,7.882284
32344,6.552344
32345,-1.301449
32346,8.608033
32347,8.804994
32348,6.800203
32349,8.499512
32350,8.230849
32351,5.88429
32352,5.650063
32353,3.808318
32354,3.948113
32355,8.398508
32356,6.187826
32357,6.065947
32358,6.817754
32359,6.182322
32360,9.14586
32361,8.48284
32362,9.067329
32363,7.833665
32364,5.328961
32365,7.146623
32366,7.454263
32367,4.669684
32368,4.910854
32369,4.778911
32370,6.373881
32371,5.173474
32372,7.44435
32373,9.016049
32374,6.619343
32375,8.054993
32376,6.093052
32377,8.480203
32378,5.758303
32379,7.576359
32380,6.16135
32381,6.857581
32382,9.125398
32383,5.926496
32384,7.352053
32385,4.046123
32386,7.96612
32387,2.653141
32388,8.861416
32389,8.47295
32390,7.661877
32391,8.118196
32392,3.077212
32393,9.042783
32394,6.522963
32395,8.388762
32396,8.352929
32397,8.23429
32398,5.749255
32399,8.052224
32400,9.20744
32401,7.216601
32402,7.331011
32403,2.924001
32404,5.791661
32405,3.889865
32406,6.999314
32407,4.121366
32408,6.80432
32409,5.195916
32410,5.005555
32411,7.692598
32412,7.144329
32413,8.21898
32414,6.760417
32415,6.888425
32416,8.239368
32417,6.081821
32418,4.951759
32419,6.746906
32420,4.635984
32421,5.824995
32422,5.658499
32423,0.308753
32424,10.597624
32425,6.819491
32426,8.42127
32427,8.704723
32428,8.509798
32429,8.43435
32430,6.521406
32431,5.689727
32432,6.25025
32433,7.403027
32434,8.056792
32435,7.361117
32436,7.469467
32437,6.472612
32438,6.395969
32439,9.002112
32440,6.985322
32441,7.245677
32442,7.487959
32443,4.789994
32444,7.727913
32445,7.263938
32446,7.680086
32447,6.751334
32448,8.945379
32449,6.729953
32450,6.206418
32451,7.850061
32452,6.643743
32453,7.011632
32454,-1.120257
32455,6.185218
32456,4.11463
32457,6.825491
32458,6.313381
32459,6.941549
32460,8.295976
32461,6.426496
32462,8.106677
32463,0.363349
32464,9.421492
32465,6.047801
32466,7.869044
32467,8.730408
32468,8.805329
32469,6.487188
32470,6.522627
32471,8.829826
32472,8.468687
32473,8.902652
32474,5.748517
32475,6.907271
32476,6.859836
32477,5.222241
32478,10.294566
32479,8.502083
32480,6.224082
32481,6.376551
32482,8.795298
32483,8.987265
32484,-7.403945
32485,6.705602
32486,8.550592
32487,5.9764
32488,10.715497
32489,6.804858
32490,5.166792
32491,3.88135
32492,7.475721
32493,8.087362
32494,6.482517
32495,7.586299
32496,7.507446
32497,6.536296
32498,7.236338
32499,7.861734
32500,9.050677
32501,7.105101
32502,4.174501
32503,7.227287
32504,7.200736
32505,6.56049
32506,-3.099525
32507,10.030826
32508,9.050543
32509,7.919922
32510,7.48717
32511,1.956747
32512,6.662467
32513,7.798508
32514,4.757784
32515,6.227074
32516,7.235143
32517,6.454137
32518,7.533892
32519,8.586522
32520,5.372297
32521,7.91914
32522,7.736711
32523,8.609478
32524,7.046509
32525,6.800224
32526,6.407814
32527,7.844764
32528,8.309144
32529,6.260112
32530,5.978997
32531,7.784238
32532,8.467614
32533,8.516333
32534,8.648504
32535,10.110366
32536,8.141773
32537,9.427924
32538,4.530665
32539,6.588029
32540,3.503335
32541,6.385039
32542,5.055201
32543,7.137531
32544,7.878283
32545,4.543949
32546,6.253245
32547,5.994701
32548,-3.305301
32549,-4.354328
32550,6.644081
32551,8.001017
32552,7.639769
32553,5.766964
32554,6.1402
32555,7.381068
32556,9.62256
32557,6.466172
32558,8.05202
32559,6.368451
32560,7.18239
32561,5.853127
32562,7.15919
32563,5.690815
32564,7.728695
32565,6.545438
32566,8.728867
32567,6.759466
32568,6.180439
32569,7.739972
32570,9.085799
32571,6.853756
32572,7.423732
32573,6.956399
32574,7.981743
32575,6.880085
32576,7.546196
32577,7.93489
32578,5.586966
32579,7.803896
32580,7.773054
32581,4.495829
32582,8.055808
32583,4.278383
32584,8.575012
32585,6.148247
32586,7.349096
32587,7.723018
32588,8.136178
32589,4.358933
32590,9.677865
32591,9.141543
32592,8.601581
32593,6.935164
32594,4.607676
32595,6.40573
32596,7.826496
32597,4.830083
32598,7.587073
32599,8.536614
32600,8.973384
32601,6.072201
32602,5.82987
32603,4.470262
32604,7.306176
32605,8.357827
32606,6.115376
32607,6.249033
32608,4.494496
32609,6.111356
32610,7.585888
32611,9.366634
32612,7.170981
32613,-0.558731
32614,5.622519
32615,7.500064
32616,7.683069
32617,7.11373
32618,7.055515
32619,5.843891
32620,8.652207
32621,5.5752
32622,5.630123
32623,9.023366
32624,4.735787
32625,5.962868
32626,7.847543
32627,9.927121
32628,5.282275
32629,7.792576
32630,6.788592
32631,9.049452
32632,3.192188
32633,6.52498
32634,5.35595
32635,7.955412
32636,-3.568918
32637,7.503892
32638,5.145387
32639,6.476765
32640,8.128995
32641,5.997754
32642,8.212979
32643,8.243356
32644,8.620898
32645,-6.523441
32646,6.151564
32647,5.244328
32648,7.405048
32649,7.761654
32650,8.780224
32651,8.917705
32652,8.712395
32653,9.58691
32654,7.934726
32655,4.140467
32656,7.549629
32657,5.586089
32658,2.835188
32659,6.733459
32660,4.724153
32661,6.929558
32662,4.337393
32663,7.351932
32664,4.526007
32665,5.99602
32666,7.369087
32667,7.075599
32668,5.894798
32669,8.742056
32670,6.007181
32671,5.63444
32672,8.299816
32673,6.308487
32674,6.71561
32675,6.925841
32676,6.768378
32677,6.975757
32678,6.938017
32679,8.649082
32680,6.861088
32681,5.514684
32682,7.589327
32683,6.355966
32684,9.762704
32685,7.284253
32686,4.797515
32687,7.406543
32688,9.815861
32689,8.710591
32690,4.965303
32691,6.946269
32692,5.95609
32693,6.820394
32694,-1.001228
32695,7.385965
32696,7.06084
32697,5.863767
32698,8.241289
32699,5.683312
32700,7.830146
32701,7.795729
32702,6.337654
32703,6.623868
32704,7.281814
32705,8.39786
32706,5.194354
32707,8.460543
32708,6.177992
32709,8.337992
32710,4.340924
32711,9.527555
32712,5.938684
32713,6.063202
32714,7.117375
32715,6.211174
32716,4.449523
32717,6.418493
32718,8.053339
32719,9.775068
32720,8.523298
32721,8.907455
32722,6.05289
32723,4.941441
32724,6.02619
32725,8.427453
32726,8.054997
32727,6.812291
32728,7.875283
32729,8.435382
32730,7.019511
32731,8.213976
32732,8.485603
32733,8.166386
32734,7.334255
32735,7.215312
32736,5.405638
32737,6.624674
32738,7.326629
32739,7.149486
32740,8.595818
32741,3.714352
32742,5.277903
32743,5.502405
32744,8.858539
32745,7.782151
32746,9.812476
32747,7.64968
32748,7.450476
32749,9.230199
32750,4.64906
32751,7.702311
32752,7.387761
32753,5.94645
32754,6.215882
32755,8.651851
32756,9.587733
32757,6.794215
32758,8.465228
32759,5.928082
32760,7.654499
32761,7.142395
32762,5.627872
32763,7.391756
32764,9.372502
32765,4.760016
32766,8.802423
32767,8.565713
32768,8.081255
32769,7.422979
32770,8.007915
32771,7.731012
32772,9.47129
32773,9.069439
32774,7.422759
32775,7.186601
32776,6.829967
32777,8.752544
32778,4.761327
32779,4.890955
32780,8.611151
32781,7.703584
32782,6.327477
32783,6.301743
32784,8.330997
32785,4.949772
32786,7.664632
32787,8.094745
32788,7.509965
32789,4.221104
32790,7.109911
32791,8.717207
32792,7.494592
32793,8.991824
32794,3.277603
32795,4.515882
32796,7.583568
32797,7.533622
32798,7.701126
32799,7.617646
32800,8.505063
32801,3.956998
32802,5.530018
32803,6.576063
32804,8.517706
32805,7.452865
32806,5.909481
32807,10.946653
32808,8.52922
32809,6.626955
32810,8.052303
32811,6.173478
32812,8.767163
32813,7.279543
32814,8.677527
32815,8.376072
32816,5.336627
32817,6.855958
32818,5.838592
32819,4.40541
32820,8.210817
32821,6.974203
32822,8.104548
32823,-1.007254
32824,8.834782
32825,9.212651
32826,7.380816
32827,5.003099
32828,7.523409
32829,6.086315
32830,7.143703
32831,7.424356
32832,9.078962
32833,3.771558
32834,5.360738
32835,8.521462
32836,6.578329
32837,6.54582
32838,4.74918
32839,10.327161
32840,7.327442
32841,9.775504
32842,6.794112
32843,8.894109
32844,6.310374
32845,4.827907
32846,10.1206
32847,7.491868
32848,7.17172
32849,10.041002
32850,8.029096
32851,7.724662
32852,5.515408
32853,6.780783
32854,6.669115
32855,8.152972
32856,6.997756
32857,7.210091
32858,6.624649
32859,6.530091
32860,5.818149
32861,6.361801
32862,7.581212
32863,9.651296
32864,5.278416
32865,8.998753
32866,6.925799
32867,7.536384
32868,8.898969
32869,8.086007
32870,4.665021
32871,5.346878
32872,5.540708
32873,9.859716
32874,8.725581
32875,5.980729
32876,6.807298
32877,7.29006
32878,7.257366
32879,8.769485
32880,5.665242
32881,-3.321628
32882,5.169237
32883,7.049917
32884,5.397886
32885,5.600126
32886,6.852564
32887,8.496297
32888,8.629724
32889,5.326942
32890,6.437143
32891,4.687779
32892,-2.118169
32893,7.755445
32894,9.337905
32895,8.519692
32896,6.739026
32897,9.029191
32898,8.119388
32899,8.296916
32900,5.826492
32901,7.809215
32902,5.641629
32903,7.081381
32904,4.162919
32905,6.187817
32906,6.683137
32907,5.770331
32908,7.58623
32909,4.867884
32910,8.129934
32911,7.776757
32912,6.555056
32913,8.960393
32914,6.416382
32915,7.207031
32916,5.946997
32917,7.524778
32918,9.540538
32919,7.233515
32920,9.045454
32921,8.567978
32922,7.429245
32923,7.353907
32924,6.672589
32925,4.207906
32926,2.077194
32927,9.600136
32928,6.261624
32929,7.410863
32930,6.399644
32931,9.166743
32932,6.247753
32933,7.691827
32934,3.947386
32935,5.160251
32936,8.584312
32937,5.712657
32938,7.38838
32939,7.99537
32940,7.577238
32941,7.572579
32942,4.940943
32943,10.863459
32944,8.680335
32945,8.13589
32946,8.051423
32947,5.954683
32948,5.001448
32949,8.547757
32950,9.491671
32951,7.7795
32952,6.698541
32953,6.801806
32954,2.494796
32955,6.95969
32956,6.735734
32957,8.450596
32958,6.201247
32959,6.342945
32960,7.408342
32961,9.087237
32962,8.161423
32963,4.962685
32964,7.974407
32965,7.137859
32966,5.389911
32967,8.813205
32968,7.440402
32969,8.163246
32970,7.386744
32971,8.24143
32972,8.856606
32973,8.815177
32974,-1.4261
32975,5.723946
32976,4.013018
32977,9.023262
32978,7.518847
32979,2.073871
32980,9.064054
32981,9.120301
32982,6.010613
32983,4.712811
32984,6.539687
32985,6.571794
32986,8.11412
32987,6.142115
32988,6.050692
32989,7.022089
32990,5.29037
32991,5.395521
32992,7.111693
32993,10.657043
32994,6.914263
32995,5.984756
32996,6.786048
32997,6.762223
32998,9.225975
32999,5.895922
33000,7.298011
33001,8.912697
33002,6.187988
33003,8.023131
33004,7.26097
33005,9.752435
33006,6.724137
33007,6.303577
33008,8.493169
33009,6.118079
33010,7.125214
33011,8.661474
33012,6.276788
33013,7.066633
33014,8.794073
33015,10.390971
33016,6.84224
33017,7.747765
33018,8.480521
33019,8.062453
33020,6.606636
33021,7.849321
33022,6.089173
33023,5.394929
33024,8.12445
33025,8.660658
33026,5.093567
33027,8.907484
33028,9.118268
33029,9.041452
33030,4.218744
33031,8.6593
33032,8.41211
33033,2.840326
33034,4.29267
33035,9.461926
33036,7.049538
33037,5.356106
33038,9.115823
33039,6.581091
33040,9.138257
33041,7.307577
33042,5.235852
33043,4.426476
33044,9.012237
33045,6.039789
33046,5.446915
33047,7.222152
33048,7.923078
33049,7.518338
33050,8.10511
33051,8.27826
33052,6.962867
33053,8.464756
33054,7.195392
33055,5.090598
33056,7.787383
33057,7.066145
33058,7.868563
33059,6.274913
33060,6.60357
33061,5.393404
33062,7.771096
33063,6.508004
33064,9.053189
33065,7.987285
33066,10.27228
33067,2.753425
33068,6.403893
33069,8.781708
33070,6.210189
33071,8.890116
33072,4.652816
33073,9.125152
33074,5.279169
33075,6.539246
33076,5.871495
33077,-4.989129
33078,6.301959
33079,8.387604
33080,8.788527
33081,8.062846
33082,5.723228
33083,-11.746487
33084,5.202976
33085,7.007661
33086,6.846876
33087,9.19756
33088,6.41945
33089,8.894389
33090,7.618324
33091,7.429018
33092,9.305526
33093,8.750324
33094,6.177527
33095,4.701961
33096,5.93962
33097,7.408142
33098,8.52082
33099,6.628284
33100,8.982446
33101,7.675779
33102,5.587907
33103,9.612932
33104,5.968138
33105,6.528309
33106,7.537151
33107,5.812486
33108,6.028951
33109,6.014391
33110,6.710152
33111,4.456881
33112,8.857263
33113,6.732329
33114,-0.914836
33115,8.644016
33116,8.012008
33117,6.027558
33118,5.488937
33119,6.556731
33120,7.144991
33121,10.665969
33122,8.08916
33123,7.628461
33124,7.873849
33125,8.133526
33126,-2.983568
33127,6.377311
33128,6.392893
33129,5.056751
33130,7.449312
33131,5.310057
33132,7.065679
33133,5.614183
33134,7.414997
33135,8.167569
33136,8.324848
33137,7.456256
33138,9.01835
33139,8.142196
33140,8.69821
33141,7.473135
33142,9.438077
33143,6.729944
33144,5.72269
33145,7.535425
33146,4.42853
33147,5.687184
33148,5.369791
33149,8.733008
33150,6.432142
33151,5.424827
33152,6.054823
33153,9.171991
33154,8.101219
33155,5.884371
33156,5.985694
33157,7.544291
33158,-0.030138
33159,9.283506
33160,8.477951
33161,8.754524
33162,6.351113
33163,4.969635
33164,7.148481
33165,5.583494
33166,5.947697
33167,4.762326
33168,6.545359
33169,8.105063
33170,9.748265
33171,8.669257
33172,5.840666
33173,6.031904
33174,5.790414
33175,6.10971
33176,8.596457
33177,5.994828
33178,7.429848
33179,-7.301126
33180,8.665543
33181,5.023419
33182,5.132047
33183,5.926063
33184,5.68612
33185,9.33281
33186,6.835406
33187,7.115645
33188,7.705118
33189,8.254999
33190,7.580529
33191,7.319392
33192,3.892282
33193,7.805355
33194,6.946484
33195,8.179552
33196,7.613224
33197,7.315213
33198,4.385496
33199,6.494818
33200,9.048013
33201,6.450472
33202,5.361572
33203,7.859514
33204,6.936367
33205,8.269888
33206,7.501978
33207,8.359259
33208,6.620658
33209,6.4135
33210,7.809339
33211,5.961598
33212,7.075868
33213,6.61481
33214,6.085304
33215,4.083556
33216,8.736642
33217,8.327348
33218,7.697636
33219,6.907344
33220,7.894293
33221,5.602389
33222,7.234553
33223,6.140267
33224,8.243181
33225,6.618307
33226,5.355763
33227,7.226103
33228,8.442377
33229,6.735672
33230,3.951586
33231,7.768998
33232,7.976766
33233,6.256672
33234,9.983156
33235,7.269992
33236,7.696943
33237,6.289412
33238,8.54242
33239,8.754682
33240,4.993542
33241,7.701881
33242,9.905219
33243,9.082423
33244,7.415793
33245,8.347096
33246,7.75695
33247,3.066768
33248,4.660914
33249,6.608471
33250,6.218436
33251,8.708458
33252,8.782512
33253,5.225417
33254,7.536983
33255,4.340629
33256,6.182125
33257,4.93552
33258,5.754547
33259,7.388827
33260,6.635471
33261,8.214273
33262,8.269635
33263,4.087332
33264,8.489885
33265,7.133436
33266,7.806597
33267,8.342062
33268,6.598256
33269,5.767819
33270,6.345376
33271,8.317354
33272,4.279678
33273,7.664597
33274,6.738859
33275,7.505319
33276,8.538984
33277,7.093487
33278,7.462419
33279,5.371837
33280,6.713941
33281,8.944733
33282,8.067453
33283,5.157658
33284,7.860367
33285,9.158949
33286,8.809352
33287,8.716265
33288,6.697395
33289,3.874094
33290,-2.683873
33291,6.775462
33292,6.010454
33293,5.186611
33294,4.098413
33295,7.326286
33296,7.455228
33297,9.233637
33298,6.007009
33299,4.277531
33300,5.934578
33301,7.059378
33302,7.640186
33303,7.761326
33304,9.708296
33305,7.833607
33306,6.467495
33307,10.088282
33308,7.483655
33309,7.880733
33310,7.548198
33311,5.700109
33312,7.74551
33313,6.30875
33314,6.316365
33315,8.472137
33316,6.616252
33317,9.086691
33318,6.302678
33319,8.684208
33320,5.802815
33321,8.792124
33322,5.951829
33323,6.892477
33324,8.886082
33325,9.146433
33326,6.655913
33327,5.715334
33328,7.485012
33329,4.726203
33330,8.071325
33331,4.973855
33332,7.376799
33333,4.647478
33334,8.884244
33335,7.049158
33336,3.860002
33337,9.455852
33338,8.567394
33339,5.622935
33340,10.313012
33341,8.933378
33342,3.82231
33343,6.744906
33344,6.472312
33345,10.220274
33346,4.957149
33347,8.3549
33348,6.993066
33349,5.17915
33350,8.407096
33351,6.654404
33352,8.225467
33353,3.930408
33354,8.967353
33355,7.888017
33356,8.730506
33357,7.622936
33358,8.435214
33359,4.37937
33360,7.844855
33361,7.239351
33362,7.832746
33363,5.287796
33364,5.085959
33365,8.243136
33366,6.704184
33367,4.903734
33368,8.987523
33369,-11.104907
33370,9.136689
33371,5.268345
33372,5.382446
33373,9.463368
33374,5.830745
33375,4.964885
33376,8.111404
33377,8.149716
33378,9.313491
33379,8.526062
33380,8.328328
33381,8.947519
33382,8.724722
33383,5.316632
33384,9.101547
33385,6.900936
33386,8.062981
33387,6.608662
33388,8.058747
33389,7.138187
33390,6.932923
33391,8.328312
33392,7.972204
33393,6.126665
33394,4.99124
33395,4.333429
33396,5.977278
33397,6.953321
33398,7.522883
33399,8.903948
33400,5.662538
33401,9.356659
33402,7.918235
33403,6.151675
33404,8.28272
33405,7.110768
33406,8.361611
33407,8.247767
33408,5.890492
33409,7.042937
33410,4.05408
33411,7.306661
33412,5.240735
33413,5.575592
33414,8.727456
33415,4.872995
33416,6.873049
33417,7.539107
33418,3.261991
33419,5.142061
33420,5.270672
33421,6.118286
33422,6.445528
33423,7.394282
33424,8.666174
33425,6.933255
33426,8.204675
33427,6.458603
33428,8.089894
33429,7.169935
33430,6.13919
33431,5.742933
33432,4.919037
33433,6.118974
33434,5.290314
33435,8.189688
33436,5.393393
33437,8.389667
33438,7.339793
33439,6.810052
33440,6.15836
33441,1.624395
33442,3.970705
33443,7.134397
33444,9.429052
33445,6.617871
33446,9.809844
33447,8.113174
33448,6.949312
33449,5.782569
33450,5.26215
33451,6.393415
33452,6.006196
33453,5.786136
33454,7.821129
33455,-8.08933
33456,6.488958
33457,8.421406
33458,5.641615
33459,4.254704
33460,7.808051
33461,6.855287
33462,4.529551
33463,8.035048
33464,7.59529
33465,4.875648
33466,7.778676
33467,7.140504
33468,-0.900521
33469,6.388682
33470,5.06377
33471,7.711599
33472,6.895596
33473,8.20936
33474,3.213008
33475,7.318639
33476,8.282965
33477,7.943612
33478,5.589699
33479,6.431506
33480,6.460095
33481,4.912703
33482,3.786903
33483,8.752408
33484,3.535325
33485,5.671213
33486,8.598227
33487,9.104106
33488,5.071812
33489,5.212356
33490,7.805126
33491,7.298005
33492,8.223772
33493,8.138139
33494,5.659836
33495,3.771565
33496,9.525649
33497,4.23436
33498,5.24455
33499,8.135718
33500,7.500479
33501,6.57037
33502,8.553364
33503,6.511208
33504,6.773531
33505,6.277036
33506,-1.555837
33507,5.824677
33508,8.195463
33509,6.321371
33510,3.90529
33511,6.540585
33512,7.303066
33513,4.962309
33514,8.114123
33515,8.899861
33516,5.423851
33517,9.261162
33518,5.849145
33519,5.096434
33520,8.001619
33521,6.741596
33522,3.307964
33523,6.174423
33524,8.468225
33525,8.921134
33526,7.770653
33527,6.563796
33528,5.187522
33529,8.400259
33530,6.277028
33531,8.103338
33532,8.633138
33533,5.382406
33534,6.37108
33535,8.614003
33536,2.024313
33537,6.419006
33538,6.800873
33539,9.005718
33540,7.646036
33541,8.326673
33542,8.104983
33543,4.652955
33544,8.053388
33545,4.082985
33546,7.650397
33547,11.30619
33548,7.587991
33549,9.692252
33550,7.285315
33551,8.115192
33552,-4.108053
33553,7.947974
33554,9.634552
33555,8.708358
33556,7.201142
33557,4.091094
33558,7.927808
33559,6.174332
33560,4.208511
33561,7.936955
33562,7.934105
33563,7.300071
33564,4.199607
33565,6.705843
33566,2.223617
33567,7.103553
33568,7.435167
33569,5.263735
33570,8.074818
33571,7.374557
33572,7.283526
33573,4.120271
33574,6.444206
33575,7.480709
33576,9.160893
33577,6.992002
33578,8.326309
33579,9.529406
33580,8.021917
33581,8.578923
33582,5.994902
33583,5.868121
33584,5.131194
33585,6.182008
33586,8.07316
33587,7.506545
33588,7.04228
33589,-2.371645
33590,9.775982
33591,4.321206
33592,5.694042
33593,6.088568
33594,6.617557
33595,6.691539
33596,7.095742
33597,8.384976
33598,7.940247
33599,7.897296
33600,7.489744
33601,6.104763
33602,8.567674
33603,7.618102
33604,8.018945
33605,7.428389
33606,5.836032
33607,4.603945
33608,7.226403
33609,6.893556
33610,7.46947
33611,7.407301
33612,9.087722
33613,6.926416
33614,5.58657
33615,8.210863
33616,2.782752
33617,8.50159
33618,5.468711
33619,6.154239
33620,7.216144
33621,5.218043
33622,-4.264922
33623,6.582535
33624,6.683982
33625,6.350279
33626,6.210226
33627,4.564177
33628,7.928092
33629,6.800916
33630,5.937663
33631,-7.479302
33632,7.562403
33633,5.525402
33634,7.121966
33635,8.18373
33636,4.286005
33637,5.126171
33638,5.986763
33639,7.409577
33640,8.005203
33641,5.179278
33642,6.818837
33643,6.215725
33644,7.915569
33645,8.913924
33646,7.733815
33647,8.465994
33648,9.365949
33649,7.247355
33650,5.707532
33651,7.425904
33652,8.214277
33653,7.508517
33654,6.878433
33655,9.210277
33656,9.757743
33657,-4.812146
33658,6.320941
33659,7.729855
33660,7.188922
33661,6.354561
33662,7.931688
33663,9.548845
33664,5.497094
33665,-0.896474
33666,5.56485
33667,8.105536
33668,5.238156
33669,7.27857
33670,6.72986
33671,8.553054
33672,7.386846
33673,5.129314
33674,8.832438
33675,6.493646
33676,9.09648
33677,5.555791
33678,6.548578
33679,-4.081238
33680,8.592993
33681,5.29839
33682,6.955441
33683,6.839539
33684,0.834119
33685,6.717465
33686,8.98494
33687,5.88688
33688,6.195877
33689,8.783243
33690,7.700825
33691,6.93025
33692,5.126928
33693,7.162254
33694,6.413035
33695,5.796322
33696,7.552977
33697,8.797609
33698,6.034665
33699,6.677989
33700,10.117021
33701,8.170722
33702,0.008717
33703,5.791426
33704,6.710258
33705,6.575648
33706,6.041941
33707,6.869854
33708,11.015927
33709,8.308522
33710,7.884494
33711,3.680815
33712,9.089439
33713,9.332548
33714,7.342088
33715,6.646376
33716,6.478056
33717,6.623263
33718,7.984831
33719,7.746563
33720,6.298577
33721,6.401501
33722,7.437822
33723,5.28454
33724,6.227972
33725,7.633959
33726,7.118025
33727,7.549614
33728,7.537669
33729,6.378512
33730,8.304695
33731,6.949457
33732,5.202673
33733,7.710266
33734,4.282951
33735,6.863565
33736,7.030782
33737,7.035349
33738,8.678255
33739,8.067939
33740,6.333348
33741,5.301754
33742,6.624112
33743,8.476474
33744,6.36315
33745,9.11374
33746,8.795773
33747,7.54895
33748,3.976767
33749,6.817834
33750,5.447227
33751,5.008528
33752,6.787214
33753,9.157922
33754,5.990194
33755,6.17994
33756,6.735145
33757,8.8909
33758,6.805828
33759,8.222636
33760,7.82391
33761,8.059209
33762,7.53486
33763,6.843886
33764,7.559157
33765,5.840706
33766,8.725911
33767,8.80235
33768,11.194699
33769,7.291195
33770,8.248551
33771,5.755921
33772,-3.455571
33773,8.367774
33774,7.610672
33775,8.352578
33776,6.437686
33777,7.48828
33778,5.798428
33779,8.724797
33780,5.584386
33781,8.840576
33782,7.487741
33783,6.550828
33784,8.810354
33785,7.072242
33786,10.120921
33787,6.168836
33788,9.767274
33789,8.411756
33790,8.563849
33791,8.69874
33792,9.777212
33793,6.855898
33794,4.768817
33795,3.829086
33796,7.605591
33797,7.434868
33798,6.249568
33799,6.964664
33800,7.670544
33801,8.51626
33802,7.004317
33803,5.934361
33804,7.162624
33805,8.024857
33806,9.443615
33807,4.125527
33808,7.380923
33809,8.170122
33810,4.8841
33811,7.705549
33812,9.339288
33813,6.419196
33814,6.851386
33815,6.837166
33816,6.547633
33817,8.779913
33818,9.975129
33819,7.997516
33820,6.665592
33821,6.894478
33822,7.359468
33823,6.693926
33824,6.850551
33825,9.511473
33826,3.587255
33827,7.411529
33828,8.786495
33829,7.3588
33830,4.905796
33831,7.836603
33832,8.708658
33833,7.86274
33834,8.095947
33835,7.47092
33836,6.330263
33837,5.821424
33838,3.338797
33839,8.127674
33840,5.037127
33841,-9.495512
33842,6.65892
33843,4.583092
33844,7.318326
33845,8.691661
33846,5.712865
33847,6.970302
33848,7.656031
33849,7.850618
33850,3.379363
33851,7.607077
33852,7.543197
33853,6.288792
33854,6.169501
33855,7.25738
33856,7.332049
33857,1.279371
33858,7.765761
33859,4.40451
33860,8.195482
33861,9.994491
33862,8.94012
33863,8.813296
33864,8.054382
33865,2.699786
33866,8.278771
33867,7.527853
33868,8.52547
33869,9.8324
33870,6.197278
33871,7.515453
33872,6.229129
33873,-3.841968
33874,6.705116
33875,7.355004
33876,6.044012
33877,6.045057
33878,7.001534
33879,9.649899
33880,7.478888
33881,8.32342
33882,10.408009
33883,9.263285
33884,7.552594
33885,5.106771
33886,7.401293
33887,7.974187
33888,7.421851
33889,4.848457
33890,7.292272
33891,6.259135
33892,6.378929
33893,8.392181
33894,8.523904
33895,7.947171
33896,6.106372
33897,3.303505
33898,-4.674319
33899,6.367013
33900,7.492509
33901,7.151206
33902,7.925669
33903,6.226974
33904,9.242661
33905,8.857119
33906,6.121743
33907,7.094218
33908,5.735266
33909,7.420341
33910,5.831818
33911,6.378787
33912,8.303098
33913,6.274369
33914,7.773184
33915,7.905297
33916,8.69159
33917,-1.842534
33918,6.074134
33919,5.477019
33920,8.695524
33921,7.712875
33922,9.067235
33923,8.451258
33924,5.05962
33925,8.989757
33926,6.91008
33927,6.157211
33928,9.439519
33929,8.771319
33930,8.609278
33931,6.848732
33932,-3.19393
33933,6.248353
33934,3.627657
33935,2.641407
33936,5.527129
33937,7.26121
33938,8.264429
33939,6.929352
33940,5.632221
33941,6.522017
33942,6.662918
33943,6.753592
33944,4.758511
33945,4.594563
33946,6.981368
33947,6.996921
33948,8.66189
33949,7.059767
33950,7.920461
33951,7.041451
33952,8.526663
33953,7.995543
33954,8.191966
33955,9.10478
33956,9.976554
33957,4.854099
33958,6.538296
33959,8.329664
33960,3.687003
33961,7.401908
33962,7.455314
33963,8.884611
33964,6.409615
33965,7.894922
33966,5.042932
33967,6.774624
33968,8.127267
33969,2.669089
33970,5.425178
33971,5.95881
33972,6.042425
33973,6.085493
33974,8.38387
33975,10.459118
33976,5.73497
33977,7.441749
33978,6.282865
33979,8.194867
33980,5.749881
33981,4.713429
33982,5.601495
33983,7.870508
33984,5.576935
33985,-2.638042
33986,6.084701
33987,5.959062
33988,9.97675
33989,7.63168
33990,8.817681
33991,3.242287
33992,7.095108
33993,6.537713
33994,5.5859
33995,7.829341
33996,6.315767
33997,8.15143
33998,6.454194
33999,3.419727
34000,8.127163
34001,8.261965
34002,6.251236
34003,7.259374
34004,5.593963
34005,8.467232
34006,6.358985
34007,7.253492
34008,8.503962
34009,9.840679
34010,4.625164
34011,5.697403
34012,7.770894
34013,5.916126
34014,5.781406
34015,1.414907
34016,8.524145
34017,6.909956
34018,4.522675
34019,5.937209
34020,7.135591
34021,5.218157
34022,8.260398
34023,6.614647
34024,6.573746
34025,8.000501
34026,10.894623
34027,8.650969
34028,3.594011
34029,7.876995
34030,6.974074
34031,8.872564
34032,6.636959
34033,9.101478
34034,5.021351
34035,5.467848
34036,9.136937
34037,8.012542
34038,9.40697
34039,3.198511
34040,8.306758
34041,9.170742
34042,8.346998
34043,6.507101
34044,6.694175
34045,7.167989
34046,7.98089
34047,6.490518
34048,6.530145
34049,5.156471
34050,6.687761
34051,6.158824
34052,7.884593
34053,7.394434
34054,6.929763
34055,3.960158
34056,7.844035
34057,9.272119
34058,6.608164
34059,6.716568
34060,7.424525
34061,7.817057
34062,6.383544
34063,3.955185
34064,2.39977
34065,7.71043
34066,4.25926
34067,7.113161
34068,6.454744
34069,8.428058
34070,-2.985056
34071,5.475694
34072,4.364779
34073,7.766536
34074,4.974528
34075,6.442205
34076,4.030104
34077,9.528685
34078,6.813701
34079,-4.439954
34080,-6.72818
34081,8.13933
34082,9.029906
34083,7.070588
34084,7.378196
34085,7.134857
34086,5.232002
34087,9.417906
34088,6.352718
34089,8.529346
34090,6.231395
34091,7.360818
34092,8.935783
34093,7.018287
34094,9.168687
34095,6.142453
34096,8.695641
34097,9.416412
34098,6.127943
34099,7.865879
34100,6.541273
34101,6.818296
34102,8.324677
34103,7.096245
34104,8.20296
34105,7.169797
34106,8.033724
34107,7.902662
34108,6.453931
34109,10.607812
34110,6.627643
34111,7.647433
34112,8.554919
34113,7.596615
34114,5.961416
34115,6.260398
34116,7.451452
34117,9.379593
34118,7.895737
34119,6.95981
34120,6.66723
34121,6.215824
34122,-5.750579
34123,6.418262
34124,5.033595
34125,6.947295
34126,7.668077
34127,6.810155
34128,3.238968
34129,6.561904
34130,7.920643
34131,8.313267
34132,5.585643
34133,5.325663
34134,9.098962
34135,5.055007
34136,7.954666
34137,6.572995
34138,7.229391
34139,5.756564
34140,4.989335
34141,8.218458
34142,7.969562
34143,7.515784
34144,8.191104
34145,7.453884
34146,8.683188
34147,9.035577
34148,5.359746
34149,7.326061
34150,7.064923
34151,6.832449
34152,6.667518
34153,6.635419
34154,8.657731
34155,5.988562
34156,5.309639
34157,6.703365
34158,6.613658
34159,8.237122
34160,8.475628
34161,3.402104
34162,6.788009
34163,5.029296
34164,6.879952
34165,9.227258
34166,7.444293
34167,8.258202
34168,8.764473
34169,8.853898
34170,9.809724
34171,-15.231669
34172,6.530754
34173,5.152939
34174,9.305391
34175,7.943606
34176,8.692592
34177,4.409969
34178,6.143527
34179,9.896235
34180,7.806672
34181,9.670829
34182,3.976939
34183,6.580759
34184,6.112146
34185,7.490552
34186,8.586911
34187,6.558279
34188,1.084396
34189,6.681774
34190,0.113585
34191,8.006121
34192,7.126827
34193,7.133037
34194,7.832744
34195,9.585581
34196,7.069854
34197,5.097794
34198,6.07111
34199,6.415591
34200,8.505982
34201,6.703186
34202,8.046494
34203,9.315818
34204,9.16932
34205,8.573631
34206,5.10928
34207,8.661683
34208,8.476827
34209,8.845889
34210,6.179864
34211,7.921171
34212,6.456738
34213,4.647026
34214,6.203361
34215,5.146224
34216,7.211844
34217,7.827948
34218,6.042818
34219,10.032947
34220,5.921317
34221,5.322424
34222,7.936172
34223,7.094683
34224,6.204816
34225,4.223329
34226,5.781374
34227,1.150526
34228,6.485699
34229,9.863548
34230,7.953649
34231,6.517748
34232,8.958706
34233,5.529831
34234,7.905274
34235,5.259577
34236,7.498178
34237,5.198035
34238,4.049518
34239,6.685369
34240,5.578059
34241,-2.411155
34242,-3.870009
34243,8.108028
34244,6.045664
34245,4.901156
34246,6.057055
34247,7.204811
34248,7.010603
34249,8.176021
34250,-3.438614
34251,7.160946
34252,8.347152
34253,6.775499
34254,8.925993
34255,8.872766
34256,9.020464
34257,8.792386
34258,9.277346
34259,6.206981
34260,8.419205
34261,6.529321
34262,8.341853
34263,7.38684
34264,8.642193
34265,6.779386
34266,5.851435
34267,5.771538
34268,9.923146
34269,6.786862
34270,3.720705
34271,6.532266
34272,-4.41896
34273,6.88985
34274,6.918715
34275,6.770238
34276,6.744411
34277,6.550558
34278,8.552117
34279,5.69877
34280,7.792911
34281,7.588983
34282,0.349664
34283,4.291933
34284,7.156474
34285,7.126639
34286,6.672052
34287,6.031635
34288,6.374719
34289,9.044891
34290,4.566464
34291,7.43448
34292,9.205322
34293,5.651253
34294,8.288101
34295,-13.710709
34296,7.651267
34297,9.261959
34298,7.837131
34299,8.689375
34300,10.350741
34301,5.00816
34302,7.069423
34303,5.087831
34304,6.442621
34305,7.684365
34306,6.083413
34307,5.597114
34308,9.909897
34309,6.506772
34310,5.773961
34311,8.868634
34312,6.733467
34313,7.544346
34314,7.102105
34315,4.401841
34316,7.048654
34317,7.594047
34318,6.241764
34319,7.754024
34320,7.837694
34321,7.527977
34322,9.921604
34323,8.425473
34324,6.706536
34325,7.443776
34326,7.036585
34327,4.739312
34328,6.266411
34329,8.914695
34330,7.611018
34331,5.022105
34332,1.722517
34333,5.636088
34334,-1.178808
34335,7.763769
34336,9.271298
34337,7.785814
34338,9.088249
34339,8.165538
34340,3.758189
34341,5.640438
34342,6.966425
34343,8.255664
34344,8.110428
34345,7.111066
34346,9.376645
34347,8.078347
34348,8.438778
34349,6.448512
34350,8.264752
34351,6.770327
34352,8.263205
34353,5.350518
34354,5.238881
34355,7.364015
34356,5.859451
34357,7.985953
34358,8.511059
34359,6.087862
34360,6.919114
34361,7.965716
34362,5.724539
34363,7.503454
34364,4.064952
34365,7.193587
34366,6.880746
34367,8.947612
34368,9.397022
34369,7.707559
34370,6.640553
34371,7.639109
34372,8.358557
34373,5.663673
34374,5.847166
34375,5.834251
34376,7.53371
34377,7.237439
34378,6.608881
34379,6.673318
34380,6.997983
34381,8.57648
34382,6.754606
34383,5.43115
34384,5.366439
34385,6.39857
34386,7.03451
34387,8.265947
34388,8.362845
34389,3.176301
34390,8.480723
34391,3.856531
34392,5.878711
34393,6.843755
34394,5.86443
34395,5.645924
34396,8.31088
34397,7.661309
34398,7.954233
34399,8.457721
34400,8.326104
34401,9.519836
34402,6.119346
34403,6.540256
34404,6.939671
34405,6.83043
34406,4.706001
34407,7.499479
34408,7.030052
34409,5.292113
34410,11.11784
34411,7.971271
34412,7.553865
34413,7.295025
34414,6.514973
34415,5.661639
34416,3.996749
34417,8.563916
34418,6.466096
34419,6.721895
34420,5.594081
34421,7.327629
34422,5.011351
34423,4.678089
34424,5.947443
34425,5.971514
34426,8.669209
34427,6.492308
34428,7.920567
34429,7.336561
34430,4.224056
34431,4.635693
34432,8.242361
34433,6.625239
34434,9.252823
34435,8.131094
34436,9.231356
34437,6.887985
34438,6.088561
34439,7.708108
34440,6.675582
34441,6.483827
34442,7.376029
34443,4.954755
34444,8.621987
34445,7.760821
34446,8.20514
34447,5.982607
34448,10.633506
34449,10.004453
34450,7.711014
34451,7.118176
34452,8.04974
34453,3.394023
34454,7.396941
34455,6.104666
34456,8.52394
34457,9.337217
34458,4.047092
34459,8.341252
34460,8.929081
34461,8.7771
34462,7.642536
34463,9.645512
34464,5.837858
34465,7.0658
34466,5.467607
34467,6.491016
34468,4.808547
34469,1.757135
34470,6.924615
34471,8.780627
34472,5.940821
34473,7.493954
34474,7.380466
34475,8.208171
34476,8.111715
34477,9.572048
34478,6.078157
34479,11.335356
34480,7.020186
34481,8.380945
34482,8.86024
34483,8.039718
34484,7.390555
34485,6.013647
34486,5.41617
34487,6.644656
34488,7.266367
34489,7.472751
34490,5.63972
34491,5.839967
34492,3.960733
34493,9.024304
34494,8.84351
34495,5.032166
34496,8.041861
34497,6.134441
34498,9.156736
34499,7.928909
34500,7.791024
34501,8.641646
34502,9.096095
34503,7.182965
34504,4.499094
34505,8.228517
34506,7.114919
34507,6.84252
34508,7.04631
34509,6.543965
34510,7.975476
34511,7.37364
34512,8.395397
34513,8.24198
34514,7.344579
34515,2.954413
34516,6.216161
34517,6.64562
34518,8.080568
34519,6.453143
34520,8.22848
34521,4.638129
34522,8.332779
34523,8.163984
34524,8.364309
34525,6.67323
34526,2.360327
34527,6.593485
34528,4.198898
34529,6.274988
34530,6.775642
34531,5.398457
34532,7.669487
34533,8.858979
34534,5.063403
34535,6.927951
34536,4.268071
34537,7.31773
34538,5.353887
34539,7.083828
34540,8.312963
34541,5.588626
34542,7.078442
34543,8.52326
34544,-14.213802
34545,6.564073
34546,8.838186
34547,1.336422
34548,7.963941
34549,6.974577
34550,7.072041
34551,8.748295
34552,5.94324
34553,5.235301
34554,7.024558
34555,6.263938
34556,7.057039
34557,6.384821
34558,7.211402
34559,7.767202
34560,7.390922
34561,5.354981
34562,8.605778
34563,8.77989
34564,-7.617325
34565,7.44604
34566,-5.946706
34567,5.642469
34568,7.072111
34569,6.194656
34570,7.445595
34571,8.367026
34572,5.474207
34573,4.382397
34574,6.990467
34575,6.353983
34576,7.645282
34577,7.472073
34578,6.572366
34579,9.014232
34580,5.418018
34581,-5.933937
34582,7.27305
34583,6.67861
34584,8.118453
34585,8.327263
34586,7.579908
34587,5.241034
34588,7.476017
34589,7.76146
34590,7.830545
34591,5.931816
34592,6.719987
34593,4.958196
34594,9.424749
34595,7.431858
34596,7.974692
34597,4.959671
34598,4.617681
34599,6.675068
34600,7.494506
34601,7.350783
34602,7.124249
34603,5.995414
34604,8.756439
34605,6.300054
34606,6.309691
34607,8.533779
34608,7.851846
34609,5.085461
34610,7.1893
34611,5.170776
34612,6.983722
34613,10.523013
34614,6.729416
34615,5.890044
34616,5.318938
34617,7.967939
34618,6.262516
34619,9.549085
34620,7.074619
34621,7.252414
34622,7.380252
34623,4.070368
34624,8.163319
34625,8.382155
34626,9.490888
34627,7.595618
34628,9.205934
34629,9.237595
34630,9.563983
34631,2.959598
34632,-0.709544
34633,8.664852
34634,5.71189
34635,7.430048
34636,4.767585
34637,7.733578
34638,8.391193
34639,7.884007
34640,6.571218
34641,2.86865
34642,8.079143
34643,8.174952
34644,7.532782
34645,6.688628
34646,8.187417
34647,0.066813
34648,4.537777
34649,5.930702
34650,6.835129
34651,8.485683
34652,6.826679
34653,6.934771
34654,8.295265
34655,10.424693
34656,7.2261
34657,7.923936
34658,6.730856
34659,6.975216
34660,-1.045707
34661,8.564632
34662,9.124269
34663,6.236328
34664,6.561217
34665,7.143988
34666,8.953213
34667,7.392351
34668,3.995323
34669,4.452063
34670,9.322521
34671,5.244197
34672,9.747177
34673,7.926781
34674,5.527136
34675,8.219857
34676,7.878131
34677,9.307266
34678,9.649541
34679,8.11369
34680,7.184613
34681,9.255866
34682,7.780563
34683,9.161513
34684,2.831557
34685,5.407817
34686,8.077918
34687,9.139136
34688,-1.41484
34689,6.361128
34690,7.008787
34691,7.818446
34692,8.807834
34693,6.555703
34694,6.470009
34695,7.940075
34696,7.346358
34697,6.983608
34698,6.743224
34699,7.111327
34700,2.962142
34701,7.944304
34702,8.113687
34703,8.9561
34704,6.941546
34705,6.71353
34706,4.947393
34707,6.370572
34708,8.917017
34709,2.340553
34710,7.056714
34711,7.238104
34712,7.95303
34713,10.289769
34714,6.457604
34715,7.562707
34716,8.789022
34717,8.078742
34718,7.14093
34719,8.595527
34720,6.933568
34721,6.92938
34722,6.799748
34723,5.703463
34724,7.997935
34725,5.259559
34726,6.988366
34727,3.889639
34728,11.010647
34729,8.58053
34730,5.891576
34731,8.711795
34732,5.933267
34733,7.257986
34734,9.421443
34735,8.878465
34736,4.272181
34737,8.670597
34738,6.871912
34739,6.706338
34740,4.918625
34741,6.907709
34742,4.751988
34743,7.822183
34744,5.945475
34745,5.738499
34746,4.579983
34747,5.945601
34748,7.652191
34749,5.233168
34750,5.767125
34751,5.921265
34752,8.709362
34753,7.158061
34754,9.234463
34755,5.223877
34756,6.656812
34757,5.908511
34758,7.057613
34759,-2.478879
34760,7.552959
34761,7.873279
34762,6.264022
34763,6.162119
34764,6.761578
34765,9.60366
34766,7.103404
34767,5.691238
34768,8.005597
34769,7.939169
34770,4.30712
34771,4.545053
34772,5.471068
34773,7.051014
34774,4.408628
34775,7.814797
34776,8.452736
34777,5.982464
34778,7.614712
34779,3.903901
34780,7.443281
34781,9.252086
34782,-4.288417
34783,4.923711
34784,6.185607
34785,8.899205
34786,7.459906
34787,8.465573
34788,6.363656
34789,6.853755
34790,6.55158
34791,6.760453
34792,5.809064
34793,6.633865
34794,7.950856
34795,7.79625
34796,6.344538
34797,7.365928
34798,7.491387
34799,3.990652
34800,8.373823
34801,6.006439
34802,5.629331
34803,4.978897
34804,8.027652
34805,6.665714
34806,6.70971
34807,6.698059
34808,6.963597
34809,7.735049
34810,8.618956
34811,9.009464
34812,4.850141
34813,7.824322
34814,9.039139
34815,5.771731
34816,6.906519
34817,7.552291
34818,7.963177
34819,7.613997
34820,9.049673
34821,7.509046
34822,8.45622
34823,6.746779
34824,8.71525
34825,5.535024
34826,9.159176
34827,3.995214
34828,5.636297
34829,6.295786
34830,7.210167
34831,6.657797
34832,8.295167
34833,5.737003
34834,8.461835
34835,9.153961
34836,8.625781
34837,8.709422
34838,6.095469
34839,4.442088
34840,7.429383
34841,6.672357
34842,6.639129
34843,6.406302
34844,6.663234
34845,5.088841
34846,4.488213
34847,8.565868
34848,9.507816
34849,8.300798
34850,6.841339
34851,7.110491
34852,5.597382
34853,8.009624
34854,4.547702
34855,8.592015
34856,7.379962
34857,8.799704
34858,9.316901
34859,1.485192
34860,7.967401
34861,8.493866
34862,7.519635
34863,6.567274
34864,7.060636
34865,8.557368
34866,5.438769
34867,-0.664208
34868,8.452673
34869,4.403906
34870,7.469024
34871,6.729014
34872,7.306191
34873,4.988764
34874,7.107378
34875,7.840406
34876,10.546485
34877,3.192223
34878,6.949092
34879,6.619469
34880,7.429316
34881,8.372977
34882,7.573498
34883,8.265229
34884,8.077496
34885,9.394248
34886,8.412284
34887,8.500911
34888,6.084973
34889,8.390369
34890,7.859847
34891,5.822495
34892,7.828208
34893,1.069182
34894,8.149348
34895,9.274394
34896,8.443616
34897,7.97158
34898,7.151254
34899,7.857028
34900,7.851002
34901,8.322508
34902,5.499993
34903,6.044451
34904,4.05723
34905,8.82006
34906,2.332287
34907,6.380614
34908,5.232038
34909,6.060861
34910,5.133622
34911,8.074492
34912,7.657186
34913,8.108251
34914,8.25957
34915,6.75885
34916,6.514928
34917,7.538931
34918,5.013463
34919,8.690984
34920,7.435721
34921,7.318103
34922,8.218893
34923,6.697516
34924,4.7204
34925,8.297105
34926,9.335254
34927,7.0386
34928,9.241693
34929,6.987451
34930,5.863763
34931,8.060674
34932,8.157091
34933,8.403625
34934,9.692356
34935,6.174456
34936,7.476171
34937,8.921863
34938,7.628904
34939,9.157498
34940,10.09207
34941,5.337921
34942,5.395335
34943,8.450643
34944,7.328117
34945,7.30234
34946,5.594088
34947,7.08785
34948,6.163717
34949,8.739084
34950,8.010214
34951,6.543831
34952,8.432689
34953,6.27923
34954,6.301438
34955,7.410099
34956,9.074396
34957,8.127906
34958,5.497958
34959,6.093937
34960,7.947314
34961,5.752519
34962,8.338397
34963,7.895755
34964,5.915399
34965,7.785855
34966,7.632182
34967,4.090312
34968,7.713359
34969,6.683234
34970,7.851987
34971,6.306604
34972,8.055653
34973,6.17539
34974,6.731942
34975,5.8727
34976,6.944724
34977,5.932477
34978,8.322153
34979,6.893458
34980,-5.961273
34981,7.562494
34982,8.136091
34983,4.431658
34984,8.337996
34985,7.153587
34986,6.881762
34987,7.558228
34988,4.690515
34989,5.215916
34990,7.115636
34991,7.176474
34992,9.913942
34993,5.252481
34994,6.989958
34995,8.037526
34996,7.177614
34997,6.285384
34998,7.925655
34999,9.358927
35000,8.694164
35001,7.90127
35002,4.34335
35003,8.308082
35004,-3.142781
35005,3.923107
35006,3.841939
35007,-13.478842
35008,7.769648
35009,6.629085
35010,4.329126
35011,8.260472
35012,8.705622
35013,6.352598
35014,7.261756
35015,5.850986
35016,7.155869
35017,4.923052
35018,6.95407
35019,6.106211
35020,8.35999
35021,7.25441
35022,6.765337
35023,8.312695
35024,4.30304
35025,6.092573
35026,7.682203
35027,6.955416
35028,6.400777
35029,5.735845
35030,7.087713
35031,7.824813
35032,5.249663
35033,5.4501
35034,6.517682
35035,6.737357
35036,8.588874
35037,5.964267
35038,4.363977
35039,6.066702
35040,7.113579
35041,6.202749
35042,6.770111
35043,5.299461
35044,2.564955
35045,6.112037
35046,7.651405
35047,8.428849
35048,7.979036
35049,5.039875
35050,7.74099
35051,7.130744
35052,7.673876
35053,6.372115
35054,6.577256
35055,9.230839
35056,8.122447
35057,7.769893
35058,7.79498
35059,6.918948
35060,6.728877
35061,5.645108
35062,7.379396
35063,-2.457667
35064,7.507723
35065,6.992501
35066,6.390689
35067,5.194648
35068,6.415925
35069,7.529599
35070,5.311406
35071,2.222965
35072,8.651313
35073,5.781957
35074,8.790252
35075,9.898551
35076,9.487953
35077,8.346594
35078,6.192161
35079,5.680912
35080,7.885479
35081,8.585775
35082,7.948434
35083,7.841187
35084,6.408719
35085,5.524071
35086,4.60185
35087,6.845179
35088,8.792263
35089,8.021418
35090,7.851798
35091,8.442213
35092,6.860427
35093,5.05528
35094,2.872143
35095,8.495795
35096,6.78479
35097,7.441683
35098,7.433463
35099,9.196502
35100,7.822628
35101,6.648121
35102,8.092704
35103,6.661351
35104,4.773322
35105,6.938381
35106,7.860421
35107,5.186651
35108,8.835928
35109,9.395046
35110,7.372701
35111,8.397566
35112,6.315234
35113,5.452005
35114,6.119484
35115,7.007522
35116,4.484527
35117,6.735076
35118,9.16016
35119,4.086918
35120,8.759938
35121,10.077083
35122,6.618528
35123,7.38547
35124,7.006518
35125,5.656225
35126,5.723319
35127,6.772573
35128,8.212652
35129,7.619714
35130,6.299175
35131,4.992136
35132,6.589503
35133,4.924821
35134,5.708905
35135,9.946889
35136,7.443426
35137,7.37357
35138,6.49876
35139,6.844305
35140,6.571897
35141,8.295059
35142,8.022137
35143,6.421975
35144,6.079966
35145,7.988725
35146,8.499071
35147,6.328662
35148,5.99165
35149,8.327954
35150,7.525646
35151,7.298294
35152,7.290492
35153,6.937198
35154,9.088565
35155,8.121012
35156,7.961933
35157,5.783271
35158,7.92138
35159,5.599282
35160,8.995823
35161,6.641656
35162,8.194999
35163,1.798692
35164,8.365188
35165,6.102174
35166,6.243364
35167,6.421832
35168,8.204177
35169,8.189126
35170,7.693146
35171,5.268648
35172,8.355203
35173,9.708323
35174,7.064119
35175,7.432503
35176,7.191836
35177,6.958698
35178,7.44238
35179,7.369628
35180,7.305616
35181,9.212742
35182,10.153425
35183,7.58584
35184,-7.557897
35185,6.562626
35186,6.569582
35187,9.550212
35188,9.320044
35189,-5.079449
35190,8.290455
35191,5.51646
35192,7.278891
35193,7.238868
35194,7.830512
35195,5.780914
35196,7.448976
35197,7.080007
35198,7.777992
35199,6.677055
35200,9.222297
35201,8.178433
35202,6.979656
35203,6.543571
35204,9.303507
35205,8.708238
35206,6.443126
35207,9.677398
35208,5.576655
35209,6.940427
35210,6.918356
35211,10.154657
35212,8.392697
35213,6.879646
35214,7.713346
35215,8.357091
35216,8.744803
35217,6.737401
35218,6.959459
35219,8.674201
35220,6.242744
35221,4.434967
35222,9.454315
35223,0.131856
35224,5.138178
35225,6.38
35226,8.394511
35227,6.508072
35228,8.398282
35229,5.46943
35230,5.686815
35231,6.883912
35232,8.424665
35233,7.895194
35234,8.576638
35235,1.320825
35236,8.340277
35237,8.04509
35238,7.276674
35239,6.799071
35240,-5.38793
35241,-5.350001
35242,7.214108
35243,6.260768
35244,5.413766
35245,7.018296
35246,7.154974
35247,6.573316
35248,6.076006
35249,6.677406
35250,-0.265146
35251,7.214054
35252,6.212227
35253,7.698772
35254,7.308215
35255,10.930893
35256,5.732199
35257,6.987325
35258,7.947246
35259,9.780412
35260,6.483454
35261,5.12969
35262,6.716283
35263,8.527808
35264,5.337395
35265,5.005006
35266,6.582722
35267,7.100854
35268,6.493388
35269,6.455143
35270,6.904993
35271,8.675229
35272,6.338666
35273,5.052142
35274,10.121315
35275,9.613835
35276,5.971527
35277,8.651509
35278,6.092585
35279,7.850257
35280,7.202542
35281,9.03238
35282,7.174644
35283,7.391523
35284,6.152929
35285,8.103768
35286,5.17546
35287,8.370728
35288,6.916359
35289,3.032307
35290,4.719636
35291,10.888066
35292,7.032975
35293,5.382965
35294,6.225182
35295,4.878904
35296,9.320449
35297,7.672189
35298,7.601384
35299,6.861629
35300,6.851729
35301,9.374665
35302,4.509558
35303,8.857289
35304,4.99919
35305,7.340968
35306,8.856179
35307,6.744123
35308,7.809575
35309,6.281671
35310,5.496193
35311,8.542957
35312,3.227281
35313,9.512716
35314,9.073186
35315,7.212607
35316,9.231174
35317,7.736978
35318,7.838974
35319,-8.18562
35320,7.482251
35321,4.903435
35322,8.682602
35323,5.430416
35324,6.424994
35325,5.401882
35326,9.312923
35327,6.167537
35328,5.205997
35329,6.808271
35330,8.360646
35331,6.762928
35332,7.19316
35333,8.488935
35334,6.497643
35335,7.701461
35336,5.379483
35337,8.559754
35338,6.711772
35339,6.660993
35340,6.817295
35341,0.517487
35342,8.825626
35343,8.611959
35344,5.682943
35345,7.979044
35346,8.348591
35347,8.541335
35348,8.559986
35349,3.895069
35350,6.500532
35351,4.554809
35352,4.004
35353,7.907537
35354,4.526653
35355,7.940578
35356,5.086971
35357,7.675883
35358,4.272798
35359,6.226521
35360,9.094031
35361,7.920179
35362,7.242004
35363,5.238222
35364,6.318994
35365,6.535946
35366,8.186188
35367,7.068542
35368,7.364401
35369,5.929591
35370,8.358269
35371,8.583833
35372,6.791704
35373,8.473403
35374,8.888841
35375,5.904027
35376,8.326063
35377,7.959493
35378,6.30651
35379,6.998586
35380,6.385785
35381,7.101099
35382,6.197186
35383,3.921848
35384,6.979199
35385,6.04715
35386,5.90014
35387,5.379944
35388,5.516571
35389,5.976494
35390,-10.38803
35391,6.343489
35392,7.0255
35393,7.655579
35394,6.315389
35395,8.854332
35396,7.027886
35397,6.836289
35398,8.150315
35399,7.519031
35400,-12.827784
35401,6.944529
35402,7.811909
35403,8.576377
35404,7.832543
35405,8.131395
35406,3.505569
35407,8.022968
35408,7.102849
35409,8.139902
35410,4.771513
35411,6.572593
35412,5.399998
35413,6.35934
35414,6.456433
35415,6.419524
35416,8.746604
35417,6.669799
35418,-4.962308
35419,9.682816
35420,8.257788
35421,7.261569
35422,7.445952
35423,7.738674
35424,4.960143
35425,5.627345
35426,5.436701
35427,4.795492
35428,8.405598
35429,4.402809
35430,4.071216
35431,9.155623
35432,7.802339
35433,7.266443
35434,5.555522
35435,6.861817
35436,6.12533
35437,7.073164
35438,4.262401
35439,7.271004
35440,7.360049
35441,8.193823
35442,5.226023
35443,8.742274
35444,7.694329
35445,8.014277
35446,5.633396
35447,7.654674
35448,8.660865
35449,7.761732
35450,7.662079
35451,9.122641
35452,7.07493
35453,6.116343
35454,9.642251
35455,9.650318
35456,6.485476
35457,6.734507
35458,8.540068
35459,3.572987
35460,8.29049
35461,8.800367
35462,8.131068
35463,7.327555
35464,4.669075
35465,7.624801
35466,7.847593
35467,6.163044
35468,6.92441
35469,6.602026
35470,5.494354
35471,6.740834
35472,7.455377
35473,8.438582
35474,6.62124
35475,5.667059
35476,9.193176
35477,8.069226
35478,8.141438
35479,7.241036
35480,6.637292
35481,8.55553
35482,7.368082
35483,8.278967
35484,7.895987
35485,5.060941
35486,7.673686
35487,6.910395
35488,5.566975
35489,5.52062
35490,8.417304
35491,9.355757
35492,10.344881
35493,5.151739
35494,8.079155
35495,7.434807
35496,4.943528
35497,7.663387
35498,9.663449
35499,3.085257
35500,0.751271
35501,6.912558
35502,7.426602
35503,7.987434
35504,7.034326
35505,6.950168
35506,6.389607
35507,6.469917
35508,10.216779
35509,6.632989
35510,10.00172
35511,8.071121
35512,6.4979
35513,5.41318
35514,8.177726
35515,8.484045
35516,7.618503
35517,8.674826
35518,8.104279
35519,8.442307
35520,8.746509
35521,7.20021
35522,5.0243
35523,8.362236
35524,7.505366
35525,6.392691
35526,7.99304
35527,4.93941
35528,7.375272
35529,2.976114
35530,5.559899
35531,6.983221
35532,7.236921
35533,7.716257
35534,2.716324
35535,8.091609
35536,5.967878
35537,7.861259
35538,9.044985
35539,5.932518
35540,1.220888
35541,5.668489
35542,8.462233
35543,6.421062
35544,10.605029
35545,7.492591
35546,5.72424
35547,7.434476
35548,7.914935
35549,8.596008
35550,7.921701
35551,7.93733
35552,9.165716
35553,4.815494
35554,5.600112
35555,5.600948
35556,7.663414
35557,5.394978
35558,8.147962
35559,6.499571
35560,8.094933
35561,8.376293
35562,5.872981
35563,4.443703
35564,5.330934
35565,5.661662
35566,8.04892
35567,5.223619
35568,3.780676
35569,7.433779
35570,7.492625
35571,-9.842045
35572,7.966865
35573,-5.223782
35574,6.913656
35575,8.138389
35576,8.692167
35577,8.448167
35578,7.852319
35579,9.439717
35580,6.523841
35581,8.937219
35582,8.082862
35583,8.455055
35584,5.166081
35585,5.916012
35586,4.749939
35587,7.465957
35588,6.909454
35589,4.550667
35590,4.612633
35591,8.760407
35592,5.874988
35593,7.452526
35594,7.050636
35595,7.700226
35596,7.005375
35597,6.699907
35598,8.829888
35599,6.344602
35600,6.249142
35601,8.71319
35602,2.255661
35603,5.354147
35604,6.739043
35605,6.083247
35606,6.866625
35607,7.464526
35608,5.517873
35609,9.437198
35610,9.023914
35611,3.911411
35612,7.637119
35613,7.077907
35614,7.948974
35615,7.322964
35616,8.38496
35617,6.462519
35618,6.985882
35619,4.038349
35620,6.295081
35621,6.114519
35622,6.928981
35623,6.574816
35624,7.462022
35625,8.460069
35626,6.614922
35627,7.360664
35628,7.034422
35629,9.241062
35630,6.425153
35631,7.915063
35632,7.022235
35633,8.506194
35634,8.374752
35635,8.713269
35636,7.777457
35637,8.822098
35638,9.02854
35639,5.45596
35640,6.464098
35641,9.128198
35642,7.307505
35643,7.889037
35644,4.272677
35645,9.266059
35646,8.077841
35647,8.411705
35648,6.900066
35649,4.69304
35650,7.41884
35651,-0.039807
35652,5.854593
35653,8.080747
35654,9.671173
35655,6.965416
35656,5.834101
35657,6.193857
35658,8.128243
35659,8.055107
35660,6.482598
35661,8.314037
35662,5.24351
35663,7.640302
35664,4.618607
35665,9.590627
35666,4.271254
35667,8.931622
35668,8.43612
35669,4.300061
35670,9.099701
35671,5.843259
35672,8.482234
35673,6.42695
35674,8.752963
35675,3.628702
35676,8.617162
35677,8.528679
35678,6.970425
35679,8.345175
35680,7.857228
35681,8.654846
35682,8.769711
35683,5.931079
35684,9.409016
35685,6.729761
35686,8.188169
35687,6.141044
35688,6.250701
35689,5.798132
35690,8.310034
35691,7.396086
35692,6.49936
35693,7.517993
35694,8.955421
35695,5.938249
35696,8.987866
35697,8.348167
35698,5.469967
35699,6.913846
35700,6.092873
35701,8.451284
35702,8.288505
35703,7.959968
35704,7.360443
35705,7.270167
35706,5.239981
35707,6.286138
35708,8.998013
35709,7.723954
35710,8.483712
35711,5.247132
35712,9.313529
35713,4.002089
35714,5.280259
35715,5.23613
35716,7.862183
35717,4.908055
35718,5.387133
35719,4.087643
35720,5.266441
35721,8.732597
35722,8.059626
35723,7.853757
35724,9.04761
35725,7.98847
35726,5.890117
35727,8.245019
35728,7.314514
35729,7.243332
35730,6.616283
35731,7.937689
35732,6.69108
35733,6.771958
35734,3.497527
35735,6.237685
35736,7.544566
35737,6.140444
35738,6.562094
35739,4.969531
35740,5.302561
35741,8.083915
35742,9.823894
35743,5.093189
35744,9.578637
35745,9.11373
35746,7.990061
35747,9.02729
35748,8.577593
35749,5.734969
35750,8.93422
35751,7.14936
35752,8.892804
35753,7.901524
35754,4.496839
35755,6.687365
35756,2.99735
35757,7.416019
35758,6.70208
35759,6.942735
35760,6.942068
35761,7.771573
35762,8.735591
35763,3.354916
35764,4.027137
35765,10.346899
35766,6.48507
35767,8.259997
35768,7.271873
35769,10.072238
35770,6.385649
35771,6.762636
35772,9.090916
35773,8.47949
35774,7.778648
35775,9.193534
35776,5.807375
35777,5.973638
35778,7.073043
35779,7.383303
35780,7.660507
35781,4.657816
35782,6.670926
35783,6.109368
35784,8.195432
35785,5.760691
35786,7.984617
35787,5.886121
35788,6.745215
35789,4.666056
35790,5.009625
35791,8.035978
35792,4.483601
35793,7.741522
35794,8.696079
35795,-4.920991
35796,5.196921
35797,6.323644
35798,7.378285
35799,6.864616
35800,7.683537
35801,7.525567
35802,7.320633
35803,8.613238
35804,7.104481
35805,8.555717
35806,9.067124
35807,7.868914
35808,6.743457
35809,7.583088
35810,8.278008
35811,8.451546
35812,7.388026
35813,7.878094
35814,5.466803
35815,7.017879
35816,8.900722
35817,5.802077
35818,7.211986
35819,6.530931
35820,3.721437
35821,7.906954
35822,8.415466
35823,7.11506
35824,5.610876
35825,7.814743
35826,6.645771
35827,7.836541
35828,7.944585
35829,6.778389
35830,8.905079
35831,6.995302
35832,5.606823
35833,6.026692
35834,7.655786
35835,8.602961
35836,5.37776
35837,6.791812
35838,8.365164
35839,6.662845
35840,7.145307
35841,6.708852
35842,6.29886
35843,7.59634
35844,7.766609
35845,4.3227
35846,8.625468
35847,6.722639
35848,5.428788
35849,5.47932
35850,7.058273
35851,8.795141
35852,7.676322
35853,4.746189
35854,7.246674
35855,9.623019
35856,6.880438
35857,7.451121
35858,7.890013
35859,-3.285904
35860,7.935185
35861,7.508098
35862,2.984763
35863,8.824905
35864,6.135886
35865,10.058718
35866,6.069278
35867,8.491896
35868,9.066126
35869,10.09936
35870,5.38321
35871,6.797778
35872,7.013232
35873,2.522346
35874,5.179624
35875,-4.902442
35876,8.416802
35877,8.091817
35878,4.166881
35879,3.754378
35880,8.597377
35881,7.057567
35882,6.582469
35883,6.677561
35884,8.522024
35885,8.559645
35886,6.995335
35887,6.099931
35888,5.055335
35889,8.578655
35890,10.275597
35891,6.239901
35892,6.373973
35893,5.237246
35894,9.765024
35895,7.497891
35896,9.141845
35897,10.428905
35898,6.711251
35899,7.397767
35900,7.224529
35901,6.596486
35902,6.257019
35903,5.249397
35904,9.273755
35905,7.884648
35906,9.266076
35907,-2.014293
35908,6.675457
35909,7.954778
35910,8.014125
35911,4.88112
35912,8.887442
35913,7.303237
35914,7.565238
35915,5.463229
35916,4.406358
35917,7.923447
35918,9.332127
35919,7.539758
35920,8.283158
35921,7.892201
35922,8.043293
35923,7.054672
35924,7.818183
35925,7.936562
35926,3.721778
35927,8.075376
35928,6.454882
35929,7.053211
35930,6.532586
35931,-1.783285
35932,7.557524
35933,6.35436
35934,4.810093
35935,7.640472
35936,7.302034
35937,5.953135
35938,9.347757
35939,5.394034
35940,5.726986
35941,6.494814
35942,5.226931
35943,7.118032
35944,4.884924
35945,7.603661
35946,8.941844
35947,3.933136
35948,10.584937
35949,7.895423
35950,9.619657
35951,6.094697
35952,8.061402
35953,8.032736
35954,7.122323
35955,7.652111
35956,7.430043
35957,5.372077
35958,7.444791
35959,7.675398
35960,5.571848
35961,5.677539
35962,10.617772
35963,8.140891
35964,9.049105
35965,6.755093
35966,8.890378
35967,11.128505
35968,8.136771
35969,8.615728
35970,7.739386
35971,4.759609
35972,6.847493
35973,5.229251
35974,8.044348
35975,9.173995
35976,7.035885
35977,4.617538
35978,8.424733
35979,9.686847
35980,7.114089
35981,7.501482
35982,8.47538
35983,7.976084
35984,4.723124
35985,7.152128
35986,7.306652
35987,8.108566
35988,5.743463
35989,9.628904
35990,6.712071
35991,6.386339
35992,5.776287
35993,3.552194
35994,9.238014
35995,8.404531
35996,8.494082
35997,8.392587
35998,6.046869
35999,8.0422
36000,8.271728
36001,8.27897
36002,3.131657
36003,7.097641
36004,6.773304
36005,6.39004
36006,9.519078
36007,0.168345
36008,9.11729
36009,6.570992
36010,7.004564
36011,6.187417
36012,5.560101
36013,5.985911
36014,5.973618
36015,5.316115
36016,6.458176
36017,8.66568
36018,8.22963
36019,5.851268
36020,6.325394
36021,5.432157
36022,7.089671
36023,6.760067
36024,7.667319
36025,8.994
36026,4.647673
36027,7.588047
36028,7.465628
36029,7.509076
36030,5.924241
36031,7.079928
36032,7.556351
36033,8.564265
36034,7.127674
36035,8.136896
36036,7.609726
36037,7.554458
36038,7.690717
36039,6.917712
36040,3.359872
36041,11.064822
36042,5.410879
36043,6.955407
36044,5.515838
36045,8.334368
36046,7.603654
36047,8.163965
36048,-8.765144
36049,8.384788
36050,7.116762
36051,4.834542
36052,7.748768
36053,5.855265
36054,6.238338
36055,7.336435
36056,6.299583
36057,7.000643
36058,7.878191
36059,-3.192524
36060,6.758922
36061,6.264705
36062,5.218028
36063,7.14554
36064,8.15536
36065,6.629706
36066,6.539987
36067,6.466837
36068,9.420778
36069,8.639528
36070,6.860391
36071,7.030412
36072,4.367975
36073,9.417203
36074,7.710429
36075,9.659272
36076,5.627105
36077,3.040615
36078,8.403718
36079,6.536889
36080,7.423355
36081,6.796229
36082,7.376282
36083,5.764905
36084,7.132481
36085,5.42811
36086,6.048722
36087,7.452653
36088,9.14168
36089,6.346988
36090,5.561979
36091,4.869401
36092,7.682397
36093,6.807487
36094,10.173769
36095,7.031787
36096,7.537553
36097,4.078114
36098,2.543511
36099,8.385752
36100,7.707996
36101,7.061828
36102,4.134558
36103,5.64345
36104,8.953903
36105,5.52537
36106,3.665742
36107,6.225429
36108,7.407529
36109,9.161247
36110,8.877075
36111,7.951245
36112,8.493332
36113,9.86509
36114,5.959723
36115,7.643377
36116,4.246995
36117,6.356732
36118,6.006024
36119,6.630973
36120,9.369237
36121,9.59854
36122,4.874089
36123,5.679943
36124,4.716756
36125,6.662027
36126,5.882263
36127,4.878843
36128,7.120184
36129,8.01528
36130,4.359414
36131,9.469087
36132,8.076047
36133,6.609329
36134,5.226176
36135,7.279914
36136,6.816051
36137,10.469863
36138,6.683623
36139,7.935542
36140,7.909345
36141,7.174093
36142,4.82861
36143,-3.219705
36144,7.255517
36145,8.049261
36146,9.53962
36147,6.102435
36148,7.119245
36149,9.636131
36150,5.336649
36151,5.102623
36152,7.273951
36153,6.957815
36154,9.519584
36155,7.713184
36156,8.637769
36157,6.57853
36158,6.325522
36159,5.465761
36160,8.03049
36161,5.377734
36162,9.351777
36163,5.83726
36164,5.357752
36165,1.699092
36166,5.535686
36167,5.455324
36168,5.820394
36169,8.287108
36170,7.605291
36171,4.598218
36172,8.744894
36173,8.485634
36174,2.555829
36175,8.16974
36176,-0.520679
36177,6.359267
36178,6.738001
36179,6.308793
36180,9.087525
36181,8.721783
36182,7.206653
36183,8.159535
36184,7.095254
36185,9.215872
36186,7.326298
36187,7.930977
36188,7.252116
36189,9.489776
36190,6.763799
36191,7.490928
36192,5.594248
36193,8.585866
36194,7.519972
36195,8.020661
36196,6.728705
36197,7.842867
36198,7.206966
36199,5.972308
36200,6.720087
36201,6.16207
36202,8.044603
36203,7.073638
36204,7.492013
36205,8.462148
36206,6.762172
36207,7.743223
36208,8.160298
36209,7.213627
36210,9.875115
36211,5.660196
36212,10.1767
36213,6.200256
36214,8.12054
36215,5.239892
36216,9.331257
36217,7.430493
36218,5.292222
36219,6.182561
36220,6.741659
36221,8.047377
36222,8.109582
36223,6.883305
36224,6.938875
36225,9.528051
36226,10.344643
36227,8.600135
36228,5.185638
36229,6.297719
36230,8.308418
36231,8.641227
36232,8.118921
36233,6.128224
36234,6.113924
36235,6.714717
36236,7.865089
36237,8.983598
36238,9.800888
36239,4.606639
36240,7.092062
36241,8.349284
36242,5.226896
36243,6.651783
36244,7.707329
36245,8.487588
36246,7.624972
36247,5.098897
36248,6.387064
36249,9.815651
36250,7.658681
36251,7.208116
36252,3.639626
36253,7.29852
36254,8.362629
36255,7.350782
36256,7.904403
36257,7.771279
36258,5.775443
36259,3.35237
36260,4.785513
36261,5.976675
36262,8.497778
36263,7.799947
36264,5.727256
36265,6.567266
36266,7.978855
36267,9.290005
36268,5.904491
36269,8.144685
36270,6.589893
36271,9.177604
36272,6.063223
36273,0.663695
36274,9.248375
36275,7.041262
36276,6.667623
36277,10.152047
36278,8.319156
36279,6.54012
36280,7.937367
36281,8.739986
36282,8.120066
36283,3.974093
36284,8.094564
36285,7.180219
36286,9.612513
36287,9.330584
36288,6.953685
36289,7.275463
36290,4.203568
36291,8.62946
36292,7.25483
36293,7.164892
36294,7.856331
36295,7.190417
36296,6.36734
36297,5.350834
36298,8.120413
36299,8.819874
36300,10.835361
36301,10.635689
36302,7.774947
36303,7.968203
36304,5.587509
36305,8.984962
36306,6.400627
36307,8.301232
36308,6.647036
36309,6.629302
36310,8.141841
36311,6.726486
36312,6.835834
36313,8.427253
36314,6.192746
36315,7.18487
36316,6.168191
36317,7.549588
36318,8.621523
36319,8.584439
36320,8.576343
36321,8.323041
36322,7.426696
36323,9.766571
36324,9.2589
36325,4.952564
36326,7.685574
36327,6.203182
36328,8.948194
36329,9.456985
36330,6.466954
36331,9.014033
36332,7.589577
36333,5.605846
36334,6.531255
36335,5.084539
36336,5.593314
36337,5.149376
36338,7.236485
36339,9.004967
36340,7.65143
36341,5.850675
36342,5.709981
36343,9.208606
36344,7.230643
36345,8.988359
36346,8.179804
36347,-2.14311
36348,5.311003
36349,7.601144
36350,7.678316
36351,4.828767
36352,1.681573
36353,8.77297
36354,10.817444
36355,7.590055
36356,4.91764
36357,7.283445
36358,8.907453
36359,7.934034
36360,8.331726
36361,6.036333
36362,8.024477
36363,8.193761
36364,6.59676
36365,7.048092
36366,7.624298
36367,8.034173
36368,8.602606
36369,6.115876
36370,7.51265
36371,0.292544
36372,7.763761
36373,8.163219
36374,8.322173
36375,6.514291
36376,7.403929
36377,6.262659
36378,8.388154
36379,6.040984
36380,8.006744
36381,8.149468
36382,5.572846
36383,2.96596
36384,8.697609
36385,6.181636
36386,8.767685
36387,8.168388
36388,6.145168
36389,8.281599
36390,8.451186
36391,7.971255
36392,5.691644
36393,4.804055
36394,4.352045
36395,7.528642
36396,5.594201
36397,6.003979
36398,4.336978
36399,8.477572
36400,6.729971
36401,8.304187
36402,6.640047
36403,9.561405
36404,3.637825
36405,6.958219
36406,8.338504
36407,6.864761
36408,8.900922
36409,7.772685
36410,7.705172
36411,6.635579
36412,7.142978
36413,5.205291
36414,6.678624
36415,7.367203
36416,6.221758
36417,9.184797
36418,8.063075
36419,8.141963
36420,9.042449
36421,8.059595
36422,9.288262
36423,8.715245
36424,5.864182
36425,8.119349
36426,7.277561
36427,9.027106
36428,8.326837
36429,6.338769
36430,7.843505
36431,8.475245
36432,7.152303
36433,6.303989
36434,7.683974
36435,4.782137
36436,6.323552
36437,6.732533
36438,7.191866
36439,7.951853
36440,6.565039
36441,7.731148
36442,7.840569
36443,9.124317
36444,6.439027
36445,8.252986
36446,7.767767
36447,10.276756
36448,7.40378
36449,4.858131
36450,7.444599
36451,8.29532
36452,5.730655
36453,4.908673
36454,7.172989
36455,10.044377
36456,6.11904
36457,7.437275
36458,6.624986
36459,4.636646
36460,8.042298
36461,8.150331
36462,7.898475
36463,5.830481
36464,9.397399
36465,6.345397
36466,8.651373
36467,4.673038
36468,2.958525
36469,8.233463
36470,8.025575
36471,6.023235
36472,6.872108
36473,6.990058
36474,8.426768
36475,3.719993
36476,6.074047
36477,8.684073
36478,7.850187
36479,5.055746
36480,6.967455
36481,5.70787
36482,7.701371
36483,7.633341
36484,9.103827
36485,8.180588
36486,9.924609
36487,8.836385
36488,9.366844
36489,5.193924
36490,6.066431
36491,7.17073
36492,5.733544
36493,8.174847
36494,6.098424
36495,7.67195
36496,7.122661
36497,8.173506
36498,6.199425
36499,6.945838
36500,8.052374
36501,5.986493
36502,8.566954
36503,9.525736
36504,6.985865
36505,6.647505
36506,6.439528
36507,5.764244
36508,8.942749
36509,8.572258
36510,8.193351
36511,5.982995
36512,8.196416
36513,7.381146
36514,6.627902
36515,6.063861
36516,5.413767
36517,9.91592
36518,7.387507
36519,5.633112
36520,8.154371
36521,7.439854
36522,7.220962
36523,6.488991
36524,3.916311
36525,5.390928
36526,8.903179
36527,5.327835
36528,7.24366
36529,6.708617
36530,6.637524
36531,8.726294
36532,2.799147
36533,7.03196
36534,8.832498
36535,6.026849
36536,4.816426
36537,8.684443
36538,7.13404
36539,8.399143
36540,7.325277
36541,4.955258
36542,5.630507
36543,7.554783
36544,5.841133
36545,7.073273
36546,3.912619
36547,6.015845
36548,5.72381
36549,5.593209
36550,5.336072
36551,6.30872
36552,6.280136
36553,2.72228
36554,6.609571
36555,7.696188
36556,7.244809
36557,4.915172
36558,-5.514475
36559,5.592911
36560,5.483981
36561,9.496855
36562,4.452843
36563,8.040953
36564,7.205817
36565,6.667558
36566,-4.550628
36567,6.086548
36568,-2.282792
36569,4.956466
36570,7.316077
36571,4.768415
36572,7.87669
36573,8.554808
36574,8.31229
36575,6.533478
36576,2.597368
36577,7.417881
36578,7.900076
36579,7.756316
36580,7.565303
36581,7.036676
36582,5.944404
36583,9.248571
36584,5.885298
36585,8.535527
36586,6.359578
36587,-6.644929
36588,8.506054
36589,7.293477
36590,6.52574
36591,5.30527
36592,7.978099
36593,4.316131
36594,8.81942
36595,6.336483
36596,8.654572
36597,6.15196
36598,8.435224
36599,5.986643
36600,0.211746
36601,5.068405
36602,5.034868
36603,7.305086
36604,9.440382
36605,6.949552
36606,8.165974
36607,6.784353
36608,5.12771
36609,2.772091
36610,5.86695
36611,7.471839
36612,3.770122
36613,4.217762
36614,5.929249
36615,5.752033
36616,8.661775
36617,6.338339
36618,5.201647
36619,7.150514
36620,8.745645
36621,5.955817
36622,5.192479
36623,10.312137
36624,8.134124
36625,6.246863
36626,6.573639
36627,7.472766
36628,6.158158
36629,6.295574
36630,-0.50489
36631,7.475016
36632,0.34052
36633,9.369785
36634,6.56628
36635,7.284619
36636,5.217598
36637,5.878215
36638,7.50468
36639,7.341824
36640,9.344019
36641,9.548916
36642,8.969012
36643,7.900019
36644,6.202486
36645,7.134071
36646,4.976379
36647,7.94838
36648,9.234578
36649,8.091955
36650,7.125879
36651,7.90239
36652,5.561091
36653,8.180419
36654,7.040196
36655,-0.21628
36656,3.92327
36657,5.250691
36658,0.323717
36659,6.801962
36660,9.022929
36661,4.337361
36662,7.369312
36663,6.728862
36664,0.718385
36665,6.366731
36666,7.557164
36667,6.786197
36668,7.679417
36669,8.060733
36670,7.363027
36671,8.004045
36672,4.963493
36673,1.300728
36674,6.243799
36675,6.533245
36676,-7.289588
36677,5.119968
36678,8.22796
36679,5.153086
36680,7.835658
36681,6.866702
36682,8.483704
36683,8.516254
36684,7.131744
36685,8.564703
36686,6.66325
36687,9.037786
36688,8.053917
36689,7.226944
36690,7.394902
36691,6.591853
36692,-5.634333
36693,2.910918
36694,9.448722
36695,7.048059
36696,7.417452
36697,6.357584
36698,8.533416
36699,7.097518
36700,7.278906
36701,3.981963
36702,6.238519
36703,7.676629
36704,7.14511
36705,6.477654
36706,8.138202
36707,5.026031
36708,6.442169
36709,8.255021
36710,4.923231
36711,8.960925
36712,7.282163
36713,9.909889
36714,9.46806
36715,7.526914
36716,7.513493
36717,5.430427
36718,3.81214
36719,5.912669
36720,7.866933
36721,6.991754
36722,8.304946
36723,6.781071
36724,-0.619269
36725,8.135512
36726,6.514427
36727,8.307829
36728,6.095148
36729,4.688454
36730,6.374164
36731,9.455688
36732,9.245996
36733,4.682284
36734,9.662541
36735,4.971724
36736,7.209196
36737,-8.651303
36738,6.243693
36739,6.635399
36740,7.899448
36741,9.056904
36742,6.761573
36743,5.136379
36744,8.614249
36745,9.33645
36746,7.623632
36747,8.197942
36748,6.617304
36749,7.657513
36750,9.445117
36751,7.61616
36752,8.095018
36753,7.329981
36754,7.075111
36755,7.866978
36756,6.32299
36757,7.399328
36758,8.638584
36759,6.05162
36760,4.993005
36761,-2.518868
36762,7.740334
36763,8.921525
36764,6.381968
36765,7.235994
36766,7.965059
36767,8.713698
36768,9.424309
36769,7.068503
36770,6.43926
36771,5.140584
36772,7.207978
36773,6.87605
36774,2.670048
36775,7.885641
36776,6.965068
36777,5.463751
36778,8.005493
36779,5.997736
36780,9.157886
36781,5.498477
36782,6.645217
36783,6.509469
36784,6.076568
36785,6.312076
36786,6.046647
36787,4.113377
36788,7.749401
36789,8.805689
36790,5.676202
36791,5.360831
36792,7.358633
36793,8.805666
36794,2.738066
36795,7.942956
36796,6.954352
36797,4.704185
36798,10.082397
36799,4.93125
36800,7.549099
36801,6.943598
36802,9.274645
36803,9.368754
36804,7.10961
36805,6.286685
36806,5.466486
36807,5.728577
36808,9.06477
36809,3.789225
36810,6.705511
36811,9.004004
36812,8.593242
36813,-0.979681
36814,6.815077
36815,6.453701
36816,7.868911
36817,8.22082
36818,4.427829
36819,6.688943
36820,5.546218
36821,8.543723
36822,4.694519
36823,0.783219
36824,6.475755
36825,-0.60162
36826,7.396466
36827,4.57613
36828,7.325622
36829,7.930014
36830,8.775736
36831,8.370773
36832,7.767949
36833,7.912275
36834,7.451184
36835,5.089119
36836,8.826846
36837,7.274302
36838,5.996965
36839,7.546455
36840,6.822956
36841,4.377077
36842,8.192299
36843,8.260456
36844,8.465308
36845,10.566233
36846,7.463384
36847,6.215479
36848,7.753136
36849,8.97838
36850,5.962298
36851,5.919536
36852,7.947721
36853,5.423849
36854,6.533188
36855,7.168718
36856,3.927435
36857,7.135056
36858,6.31581
36859,6.988606
36860,7.239522
36861,0.497298
36862,6.099592
36863,7.679509
36864,9.833631
36865,7.621775
36866,6.554312
36867,6.375566
36868,6.684158
36869,8.48431
36870,9.452964
36871,7.779279
36872,6.539085
36873,6.495839
36874,6.630131
36875,6.88426
36876,9.782375
36877,8.027428
36878,6.544292
36879,5.944817
36880,6.075359
36881,6.53605
36882,8.557345
36883,8.763575
36884,9.700165
36885,8.984163
36886,9.941992
36887,6.873833
36888,3.621784
36889,7.409306
36890,8.353568
36891,7.455525
36892,7.627208
36893,9.172884
36894,7.662905
36895,5.417151
36896,6.476559
36897,0.021187
36898,-14.07877
36899,8.416041
36900,6.933217
36901,7.687788
36902,7.833127
36903,7.773919
36904,7.970825
36905,9.49012
36906,8.328938
36907,6.028414
36908,5.56524
36909,5.517174
36910,8.181407
36911,8.132002
36912,7.795922
36913,9.68217
36914,8.212526
36915,7.176112
36916,8.385195
36917,7.746552
36918,8.282882
36919,8.229456
36920,8.915369
36921,8.130461
36922,8.95145
36923,7.160226
36924,8.929033
36925,-6.339591
36926,7.156002
36927,8.510898
36928,9.296823
36929,8.780755
36930,9.236225
36931,8.161387
36932,5.488554
36933,7.42725
36934,8.620439
36935,5.687861
36936,8.858417
36937,6.595217
36938,7.827525
36939,7.309123
36940,4.81842
36941,7.028299
36942,7.841445
36943,8.028607
36944,6.064687
36945,6.680959
36946,1.718907
36947,5.204247
36948,7.913812
36949,8.282875
36950,5.097134
36951,5.269305
36952,6.5691
36953,8.711519
36954,4.178031
36955,5.52207
36956,8.900361
36957,7.103246
36958,7.837892
36959,5.846755
36960,6.507682
36961,8.043297
36962,8.510279
36963,4.298608
36964,8.123831
36965,4.463958
36966,3.348773
36967,6.927173
36968,8.684667
36969,6.680759
36970,9.586599
36971,6.453101
36972,5.700721
36973,6.856407
36974,9.085304
36975,8.021144
36976,5.72169
36977,5.479073
36978,9.06373
36979,9.550774
36980,8.505745
36981,6.146398
36982,7.58954
36983,8.149547
36984,2.063606
36985,6.991715
36986,8.730782
36987,8.751876
36988,8.300272
36989,8.868561
36990,7.915008
36991,8.966141
36992,6.742904
36993,8.326079
36994,5.88363
36995,5.669636
36996,7.02653
36997,9.220271
36998,6.994419
36999,7.349109
37000,5.009968
37001,7.312653
37002,-0.127119
37003,7.26049
37004,5.439415
37005,3.592516
37006,8.734538
37007,8.439146
37008,5.049058
37009,6.211617
37010,5.0061
37011,7.139673
37012,10.65157
37013,10.293061
37014,-3.342547
37015,8.687257
37016,8.912619
37017,5.306575
37018,7.35662
37019,5.291827
37020,7.904681
37021,8.462076
37022,7.180686
37023,8.481167
37024,5.615855
37025,10.792881
37026,5.617589
37027,6.376652
37028,6.02204
37029,7.596023
37030,-3.499238
37031,7.474082
37032,3.456079
37033,4.26485
37034,8.977245
37035,3.221015
37036,5.234218
37037,6.621384
37038,4.408909
37039,5.538695
37040,8.700205
37041,5.318729
37042,8.387407
37043,7.659291
37044,6.046985
37045,4.229885
37046,7.189434
37047,6.777054
37048,7.995472
37049,7.384308
37050,6.839402
37051,8.488685
37052,7.103544
37053,6.225061
37054,6.802701
37055,6.617396
37056,3.923254
37057,8.037803
37058,6.649693
37059,9.486419
37060,8.679209
37061,5.96113
37062,3.51008
37063,7.27734
37064,9.740086
37065,6.46151
37066,7.084645
37067,9.458597
37068,8.298727
37069,8.073923
37070,6.644828
37071,6.586602
37072,6.238154
37073,6.279432
37074,0.78566
37075,8.704693
37076,9.03787
37077,-2.311651
37078,8.481981
37079,-5.549847
37080,8.276357
37081,9.21762
37082,4.762291
37083,6.221947
37084,9.026771
37085,5.178261
37086,9.13209
37087,5.655822
37088,7.582459
37089,8.441812
37090,7.723651
37091,4.67367
37092,6.810641
37093,7.686713
37094,7.564111
37095,9.688915
37096,7.073929
37097,7.024041
37098,7.868529
37099,9.657819
37100,5.083779
37101,3.837294
37102,7.383799
37103,2.280204
37104,7.196829
37105,6.359879
37106,9.792119
37107,4.164317
37108,6.15038
37109,8.015035
37110,7.90291
37111,5.038322
37112,8.256767
37113,-4.106137
37114,8.639548
37115,9.017576
37116,6.581943
37117,3.913084
37118,5.290703
37119,9.516707
37120,6.339425
37121,6.957995
37122,6.749771
37123,6.69708
37124,9.277179
37125,7.261529
37126,6.855061
37127,4.420851
37128,8.319574
37129,7.561942
37130,8.970416
37131,7.864672
37132,8.046739
37133,8.84239
37134,8.687192
37135,4.692948
37136,5.527405
37137,7.959872
37138,7.325339
37139,6.843021
37140,8.502744
37141,8.577275
37142,7.766199
37143,8.582532
37144,7.65024
37145,-3.996071
37146,8.797857
37147,5.100722
37148,9.147004
37149,7.537536
37150,10.415237
37151,9.161701
37152,8.016442
37153,8.926835
37154,8.481811
37155,7.795739
37156,8.311896
37157,4.846848
37158,6.516201
37159,6.232257
37160,6.054426
37161,9.356751
37162,7.5921
37163,5.125404
37164,8.170454
37165,6.66654
37166,8.996647
37167,7.587043
37168,6.272964
37169,4.232489
37170,6.403508
37171,8.664424
37172,7.250907
37173,7.238255
37174,7.006174
37175,8.926828
37176,8.749056
37177,7.548746
37178,8.9032
37179,9.494777
37180,6.613374
37181,7.893015
37182,6.324957
37183,6.725191
37184,8.911162
37185,8.575053
37186,5.367634
37187,5.698638
37188,8.213882
37189,8.66743
37190,8.050688
37191,7.85434
37192,6.698142
37193,7.838756
37194,10.159533
37195,6.834911
37196,8.162483
37197,6.949602
37198,5.525577
37199,6.846266
37200,0.545106
37201,4.900511
37202,9.145955
37203,6.89473
37204,7.671887
37205,7.851617
37206,5.417162
37207,6.898016
37208,6.718918
37209,4.671949
37210,7.806909
37211,4.820614
37212,9.231069
37213,3.404596
37214,-4.85967
37215,7.026801
37216,4.711416
37217,7.085794
37218,6.132612
37219,8.372065
37220,8.255963
37221,6.785342
37222,4.010674
37223,6.652802
37224,3.838603
37225,5.484743
37226,6.446975
37227,7.055188
37228,8.259788
37229,5.880797
37230,6.468938
37231,7.05419
37232,4.173173
37233,8.793076
37234,7.297062
37235,9.311665
37236,8.641175
37237,6.363754
37238,9.623021
37239,4.707309
37240,8.963725
37241,9.167096
37242,6.648231
37243,8.53811
37244,7.037968
37245,7.881317
37246,4.216883
37247,7.640471
37248,7.367871
37249,8.784501
37250,7.812084
37251,5.692152
37252,8.60287
37253,9.108264
37254,9.279068
37255,3.587328
37256,6.702783
37257,8.142713
37258,8.067919
37259,8.083848
37260,4.789876
37261,8.436676
37262,6.721314
37263,5.214623
37264,8.16374
37265,8.156567
37266,7.942337
37267,6.866157
37268,6.333503
37269,5.455607
37270,8.391218
37271,8.333986
37272,-10.144122
37273,3.04673
37274,8.787242
37275,8.402244
37276,9.038038
37277,8.83232
37278,6.759457
37279,7.264321
37280,3.565641
37281,7.324514
37282,6.440224
37283,6.486969
37284,6.789984
37285,8.136081
37286,6.020216
37287,7.998518
37288,7.102203
37289,9.160541
37290,8.143339
37291,8.429771
37292,7.666531
37293,10.736684
37294,6.437754
37295,6.403097
37296,7.816286
37297,8.027279
37298,6.349502
37299,7.993038
37300,8.917763
37301,8.411729
37302,8.314402
37303,8.779698
37304,6.496272
37305,7.657652
37306,4.293366
37307,9.001148
37308,7.64701
37309,6.584078
37310,5.782134
37311,6.425774
37312,7.786194
37313,6.953705
37314,4.872751
37315,6.260254
37316,7.137
37317,7.861
37318,8.151087
37319,7.386806
37320,6.182357
37321,8.115739
37322,5.138334
37323,-3.104758
37324,6.628551
37325,4.490078
37326,8.753729
37327,8.854274
37328,7.314489
37329,8.090099
37330,7.761614
37331,7.618951
37332,8.421996
37333,4.741751
37334,6.990769
37335,7.345126
37336,6.422489
37337,7.751682
37338,8.267715
37339,7.664743
37340,6.589491
37341,7.491285
37342,7.409349
37343,5.846998
37344,8.262067
37345,6.640777
37346,6.928608
37347,2.730051
37348,5.763112
37349,6.570188
37350,9.55775
37351,6.421947
37352,5.695756
37353,7.741093
37354,6.10772
37355,5.168201
37356,8.562617
37357,7.1197
37358,8.426771
37359,-5.043596
37360,5.917566
37361,6.799364
37362,5.680542
37363,6.010955
37364,6.426404
37365,4.125697
37366,8.584033
37367,6.157923
37368,7.587923
37369,8.516175
37370,5.684309
37371,5.8766
37372,7.412911
37373,9.341144
37374,6.253923
37375,8.086598
37376,8.363929
37377,7.117814
37378,4.699599
37379,6.292865
37380,9.442104
37381,6.2081
37382,7.199923
37383,7.765809
37384,7.012911
37385,6.210029
37386,8.083283
37387,8.128748
37388,6.207479
37389,4.615713
37390,5.756552
37391,7.048845
37392,6.213416
37393,9.433184
37394,8.398851
37395,8.767935
37396,6.331909
37397,-1.434626
37398,7.326974
37399,6.905762
37400,8.186805
37401,6.964706
37402,8.353507
37403,5.963015
37404,5.998845
37405,7.430852
37406,7.569014
37407,8.197438
37408,6.94322
37409,8.390683
37410,8.133387
37411,7.804132
37412,6.749459
37413,6.949593
37414,6.410157
37415,6.570373
37416,6.848233
37417,5.376985
37418,4.66097
37419,7.906415
37420,8.271561
37421,4.136265
37422,7.109716
37423,7.210461
37424,7.910136
37425,7.215737
37426,5.731005
37427,5.605737
37428,5.960047
37429,8.318448
37430,5.738796
37431,8.186489
37432,7.14656
37433,5.881273
37434,4.329167
37435,6.619722
37436,7.867538
37437,6.834779
37438,8.268344
37439,6.904815
37440,7.532786
37441,7.887074
37442,7.91011
37443,7.753794
37444,7.54799
37445,8.750108
37446,7.700875
37447,4.14677
37448,8.654423
37449,10.073631
37450,7.394831
37451,8.725639
37452,5.076748
37453,6.029776
37454,8.314913
37455,5.832668
37456,5.388701
37457,7.137494
37458,7.657525
37459,8.47135
37460,8.479979
37461,6.593714
37462,6.033173
37463,7.322673
37464,7.035243
37465,7.52948
37466,5.70499
37467,6.411575
37468,7.319204
37469,8.957106
37470,6.935447
37471,6.680248
37472,6.912107
37473,5.278125
37474,7.594415
37475,8.863253
37476,7.298259
37477,6.411279
37478,6.464475
37479,6.793093
37480,7.91629
37481,6.284182
37482,6.752355
37483,7.458303
37484,8.219201
37485,5.838367
37486,6.007212
37487,5.590825
37488,8.594012
37489,7.770885
37490,6.395423
37491,4.902667
37492,3.735965
37493,7.162246
37494,7.843897
37495,4.60843
37496,-4.102382
37497,8.403516
37498,7.762575
37499,8.835689
37500,5.655149
37501,7.705754
37502,7.574643
37503,8.413632
